Workbook

Sheet Gantt
A1: GANTT — Planification des recrutements (généré dynamiquement depuis la feuille Suivi)
D2: =IF(DAY(D$3)=1,TEXT(D$3,"mmmm"),"") | E2: =IF(DAY(E$3)=1,TEXT(E$3,"mmmm"),"") | F2: =IF(DAY(F$3)=1,TEXT(F$3,"mmmm"),"") | G2: =IF(DAY(G$3)=1,TEXT(G$3,"mmmm"),"") | H2: =IF(DAY(H$3)=1,TEXT(H$3,"mmmm"),"") | I2: =IF(DAY(I$3)=1,TEXT(I$3,"mmmm"),"") | J2: =IF(DAY(J$3)=1,TEXT(J$3,"mmmm"),"") | K2: =IF(DAY(K$3)=1,TEXT(K$3,"mmmm"),"") | ... DS2: =IF(DAY(DS$3)=1,TEXT(DS$3,"mmmm"),"")
A3: ID | B3: Étape | C3: Statut | D3: =Suivi!$A$6 | E3: =D3+1 | F3: =E3+1 | G3: =F3+1 | H3: =G3+1 | I3: =H3+1 | J3: =I3+1 | K3: =J3+1 | L3: =K3+1 | ... DS3: =DR3+1
A4: =Suivi!B4 | B4: =IF(Suivi!D4="",Suivi!C4,Suivi!D4) | C4: =IF(Suivi!G4="","",Suivi!G4)
A5: =Suivi!B5 | B5: =IF(Suivi!D5="",Suivi!C5,Suivi!D5) | C5: =IF(Suivi!G5="","",Suivi!G5)
A6: =Suivi!B6 | B6: =IF(Suivi!D6="",Suivi!C6,Suivi!D6) | C6: =IF(Suivi!G6="","",Suivi!G6)
A7: =Suivi!B7 | B7: =IF(Suivi!D7="",Suivi!C7,Suivi!D7) | C7: =IF(Suivi!G7="","",Suivi!G7)
A8: =Suivi!B8 | B8: =IF(Suivi!D8="",Suivi!C8,Suivi!D8) | C8: =IF(Suivi!G8="","",Suivi!G8)
A9: =Suivi!B9 | B9: =IF(Suivi!D9="",Suivi!C9,Suivi!D9) | C9: =IF(Suivi!G9="","",Suivi!G9)
A10: =Suivi!B10 | B10: =IF(Suivi!D10="",Suivi!C10,Suivi!D10) | C10: =IF(Suivi!G10="","",Suivi!G10)
A11: =Suivi!B11 | B11: =IF(Suivi!D11="",Suivi!C11,Suivi!D11) | C11: =IF(Suivi!G11="","",Suivi!G11)
A12: =Suivi!B12 | B12: =IF(Suivi!D12="",Suivi!C12,Suivi!D12) | C12: =IF(Suivi!G12="","",Suivi!G12)
A13: =Suivi!B13 | B13: =IF(Suivi!D13="",Suivi!C13,Suivi!D13) | C13: =IF(Suivi!G13="","",Suivi!G13)
A14: =Suivi!B14 | B14: =IF(Suivi!D14="",Suivi!C14,Suivi!D14) | C14: =IF(Suivi!G14="","",Suivi!G14)
A15: =Suivi!B15 | B15: =IF(Suivi!D15="",Suivi!C15,Suivi!D15) | C15: =IF(Suivi!G15="","",Suivi!G15)
... A56: =Suivi!B56 | B56: =IF(Suivi!D56="",Suivi!C56,Suivi!D56) | C56: =IF(Suivi!G56="","",Suivi!G56)
B58: Légende : | E58: Macro-étape
E59: Tâche
E60: Week-end
B62: Le graphique se met à jour automatiquement lorsque les dates changent dans les feuilles Paramètres / Suivi.

Sheet Suivi
A3: Dossier | B3: =Paramètres!G4 | C3: =Paramètres!H4 | D3: =Paramètres!I4 | E3: Début le | F3: Fin prévue le | G3: Statut | H3: Durée (j ouvrés)
A4: 1 | B4: =Paramètres!G5 | C4: =IF(Paramètres!H5="","",Paramètres!H5) | D4: =IF(Paramètres!I5="","",Paramètres!I5) | E4: =MIN(E5:E8) | F4: =MAX(F5:F8) | G4: En attente | H4: =NETWORKDAYS(E4,F4)
A5: DATE DEBUT PROJET | B5: =Paramètres!G6 | C5: =IF(Paramètres!H6="","",Paramètres!H6) | D5: =IF(Paramètres!I6="","",Paramètres!I6) | E5: =IF(Paramètres!J6&Paramètres!L6&Paramètres!N6="",WORKDAY($A$6-1,1),MAX(IF(Paramètres!J6="",0,IF(Paramètres!K6="",NA(),IF(RIGHT(TRIM(Paramètres!K6),3)="Fin",WORKDAY(IF(LEFT(TRIM(Paramètres!K6),1)="F",INDEX($F$4:$F$56,MATCH(Paramètres!J6,Paramètres!$G$5:$G$57,0)),INDEX($E$4:$E$56,MATCH(Paramètres!J6,Paramètres!$G$5:$G$57,0))),1-$H5),IF(LEFT(TRIM(Paramètres!K6),1)="F",WORKDAY(IF(LEFT(TRIM(Paramètres!K6),1)="F",INDEX($F$4:$F$56,MATCH(Paramètres!J6,Paramètres!$G$5:$G$57,0)),INDEX($E$4:$E$56,MATCH(Paramètres!J6,Paramètres!$G$5:$G$57,0))),1),IF(LEFT(TRIM(Paramètres!K6),1)="F",INDEX($F$4:$F$56,MATCH(Paramètres!J6,Paramètres!$G$5:$G$57,0)),INDEX($E$4:$E$56,MATCH(Paramètres!J6,Paramètres!$G$5:$G$57,0))))))),IF(Paramètres!L6="",0,IF(Paramètres!M6="",NA(),IF(RIGHT(TRIM(Paramètres!M6),3)="Fin",WORKDAY(IF(LEFT(TRIM(Paramètres!M6),1)="F",INDEX($F$4:$F$56,MATCH(Paramètres!L6,Paramètres!$G$5:$G$57,0)),INDEX($E$4:$E$56,MATCH(Paramètres!L6,Paramètres!$G$5:$G$57,0))),1-$H5),IF(LEFT(TRIM(Paramètres!M6),1)="F",WORKDAY(IF(LEFT(TRIM(Paramètres!M6),1)="F",INDEX($F$4:$F$56,MATCH(Paramètres!L6,Paramètres!$G$5:$G$57,0)),INDEX($E$4:$E$56,MATCH(Paramètres!L6,Paramètres!$G$5:$G$57,0))),1),IF(LEFT(TRIM(Paramètres!M6),1)="F",INDEX($F$4:$F$56,MATCH(Paramètres!L6,Paramètres!$G$5:$G$57,0)),INDEX($E$4:$E$56,MATCH(Paramètres!L6,Paramètres!$G$5:$G$57,0))))))),IF(Paramètres!N6="",0,IF(Paramètres!O6="",NA(),IF(RIGHT(TRIM(Paramètres!O6),3)="Fin",WORKDAY(IF(LEFT(TRIM(Paramètres!O6),1)="F",INDEX($F$4:$F$56,MATCH(Paramètres!N6,Paramètres!$G$5:$G$57,0)),INDEX($E$4:$E$56,MATCH(Paramètres!N6,Paramètres!$G$5:$G$57,0))),1-$H5),IF(LEFT(TRIM(Paramètres!O6),1)="F",WORKDAY(IF(LEFT(TRIM(Paramètres!O6),1)="F",INDEX($F$4:$F$56,MATCH(Paramètres!N6,Paramètres!$G$5:$G$57,0)),INDEX($E$4:$E$56,MATCH(Paramètres!N6,Paramètres!$G$5:$G$57,0))),1),IF(LEFT(TRIM(Paramètres!O6),1)="F",INDEX($F$4:$F$56,MATCH(Paramètres!N6,Paramètres!$G$5:$G$57,0)),INDEX($E$4:$E$56,MATCH(Paramètres!N6,Paramètres!$G$5:$G$57,0))))))))) | F5: =IF($H5=0,WORKDAY(E5,-1),WORKDAY(E5,$H5-1)) | H5: =Paramètres!B6
A6: 46308 | B6: =Paramètres!G7 | C6: =IF(Paramètres!H7="","",Paramètres!H7) | D6: =IF(Paramètres!I7="","",Paramètres!I7) | E6: =IF(Paramètres!J7&Paramètres!L7&Paramètres!N7="",WORKDAY($A$6-1,1),MAX(IF(Paramètres!J7="",0,IF(Paramètres!K7="",NA(),IF(RIGHT(TRIM(Paramètres!K7),3)="Fin",WORKDAY(IF(LEFT(TRIM(Paramètres!K7),1)="F",INDEX($F$4:$F$56,MATCH(Paramètres!J7,Paramètres!$G$5:$G$57,0)),INDEX($E$4:$E$56,MATCH(Paramètres!J7,Paramètres!$G$5:$G$57,0))),1-$H6),IF(LEFT(TRIM(Paramètres!K7),1)="F",WORKDAY(IF(LEFT(TRIM(Paramètres!K7),1)="F",INDEX($F$4:$F$56,MATCH(Paramètres!J7,Paramètres!$G$5:$G$57,0)),INDEX($E$4:$E$56,MATCH(Paramètres!J7,Paramètres!$G$5:$G$57,0))),1),IF(LEFT(TRIM(Paramètres!K7),1)="F",INDEX($F$4:$F$56,MATCH(Paramètres!J7,Paramètres!$G$5:$G$57,0)),INDEX($E$4:$E$56,MATCH(Paramètres!J7,Paramètres!$G$5:$G$57,0))))))),IF(Paramètres!L7="",0,IF(Paramètres!M7="",NA(),IF(RIGHT(TRIM(Paramètres!M7),3)="Fin",WORKDAY(IF(LEFT(TRIM(Paramètres!M7),1)="F",INDEX($F$4:$F$56,MATCH(Paramètres!L7,Paramètres!$G$5:$G$57,0)),INDEX($E$4:$E$56,MATCH(Paramètres!L7,Paramètres!$G$5:$G$57,0))),1-$H6),IF(LEFT(TRIM(Paramètres!M7),1)="F",WORKDAY(IF(LEFT(TRIM(Paramètres!M7),1)="F",INDEX($F$4:$F$56,MATCH(Paramètres!L7,Paramètres!$G$5:$G$57,0)),INDEX($E$4:$E$56,MATCH(Paramètres!L7,Paramètres!$G$5:$G$57,0))),1),IF(LEFT(TRIM(Paramètres!M7),1)="F",INDEX($F$4:$F$56,MATCH(Paramètres!L7,Paramètres!$G$5:$G$57,0)),INDEX($E$4:$E$56,MATCH(Paramètres!L7,Paramètres!$G$5:$G$57,0))))))),IF(Paramètres!N7="",0,IF(Paramètres!O7="",NA(),IF(RIGHT(TRIM(Paramètres!O7),3)="Fin",WORKDAY(IF(LEFT(TRIM(Paramètres!O7),1)="F",INDEX($F$4:$F$56,MATCH(Paramètres!N7,Paramètres!$G$5:$G$57,0)),INDEX($E$4:$E$56,MATCH(Paramètres!N7,Paramètres!$G$5:$G$57,0))),1-$H6),IF(LEFT(TRIM(Paramètres!O7),1)="F",WORKDAY(IF(LEFT(TRIM(Paramètres!O7),1)="F",INDEX($F$4:$F$56,MATCH(Paramètres!N7,Paramètres!$G$5:$G$57,0)),INDEX($E$4:$E$56,MATCH(Paramètres!N7,Paramètres!$G$5:$G$57,0))),1),IF(LEFT(TRIM(Paramètres!O7),1)="F",INDEX($F$4:$F$56,MATCH(Paramètres!N7,Paramètres!$G$5:$G$57,0)),INDEX($E$4:$E$56,MATCH(Paramètres!N7,Paramètres!$G$5:$G$57,0))))))))) | F6: =IF($H6=0,WORKDAY(E6,-1),WORKDAY(E6,$H6-1)) | H6: =Paramètres!B7
B7: =Paramètres!G8 | C7: =IF(Paramètres!H8="","",Paramètres!H8) | D7: =IF(Paramètres!I8="","",Paramètres!I8) | E7: =IF(Paramètres!J8&Paramètres!L8&Paramètres!N8="",WORKDAY($A$6-1,1),MAX(IF(Paramètres!J8="",0,IF(Paramètres!K8="",NA(),IF(RIGHT(TRIM(Paramètres!K8),3)="Fin",WORKDAY(IF(LEFT(TRIM(Paramètres!K8),1)="F",INDEX($F$4:$F$56,MATCH(Paramètres!J8,Paramètres!$G$5:$G$57,0)),INDEX($E$4:$E$56,MATCH(Paramètres!J8,Paramètres!$G$5:$G$57,0))),1-$H7),IF(LEFT(TRIM(Paramètres!K8),1)="F",WORKDAY(IF(LEFT(TRIM(Paramètres!K8),1)="F",INDEX($F$4:$F$56,MATCH(Paramètres!J8,Paramètres!$G$5:$G$57,0)),INDEX($E$4:$E$56,MATCH(Paramètres!J8,Paramètres!$G$5:$G$57,0))),1),IF(LEFT(TRIM(Paramètres!K8),1)="F",INDEX($F$4:$F$56,MATCH(Paramètres!J8,Paramètres!$G$5:$G$57,0)),INDEX($E$4:$E$56,MATCH(Paramètres!J8,Paramètres!$G$5:$G$57,0))))))),IF(Paramètres!L8="",0,IF(Paramètres!M8="",NA(),IF(RIGHT(TRIM(Paramètres!M8),3)="Fin",WORKDAY(IF(LEFT(TRIM(Paramètres!M8),1)="F",INDEX($F$4:$F$56,MATCH(Paramètres!L8,Paramètres!$G$5:$G$57,0)),INDEX($E$4:$E$56,MATCH(Paramètres!L8,Paramètres!$G$5:$G$57,0))),1-$H7),IF(LEFT(TRIM(Paramètres!M8),1)="F",WORKDAY(IF(LEFT(TRIM(Paramètres!M8),1)="F",INDEX($F$4:$F$56,MATCH(Paramètres!L8,Paramètres!$G$5:$G$57,0)),INDEX($E$4:$E$56,MATCH(Paramètres!L8,Paramètres!$G$5:$G$57,0))),1),IF(LEFT(TRIM(Paramètres!M8),1)="F",INDEX($F$4:$F$56,MATCH(Paramètres!L8,Paramètres!$G$5:$G$57,0)),INDEX($E$4:$E$56,MATCH(Paramètres!L8,Paramètres!$G$5:$G$57,0))))))),IF(Paramètres!N8="",0,IF(Paramètres!O8="",NA(),IF(RIGHT(TRIM(Paramètres!O8),3)="Fin",WORKDAY(IF(LEFT(TRIM(Paramètres!O8),1)="F",INDEX($F$4:$F$56,MATCH(Paramètres!N8,Paramètres!$G$5:$G$57,0)),INDEX($E$4:$E$56,MATCH(Paramètres!N8,Paramètres!$G$5:$G$57,0))),1-$H7),IF(LEFT(TRIM(Paramètres!O8),1)="F",WORKDAY(IF(LEFT(TRIM(Paramètres!O8),1)="F",INDEX($F$4:$F$56,MATCH(Paramètres!N8,Paramètres!$G$5:$G$57,0)),INDEX($E$4:$E$56,MATCH(Paramètres!N8,Paramètres!$G$5:$G$57,0))),1),IF(LEFT(TRIM(Paramètres!O8),1)="F",INDEX($F$4:$F$56,MATCH(Paramètres!N8,Paramètres!$G$5:$G$57,0)),INDEX($E$4:$E$56,MATCH(Paramètres!N8,Paramètres!$G$5:$G$57,0))))))))) | F7: =IF($H7=0,WORKDAY(E7,-1),WORKDAY(E7,$H7-1)) | H7: =Paramètres!B8
B8: =Paramètres!G9 | C8: =IF(Paramètres!H9="","",Paramètres!H9) | D8: =IF(Paramètres!I9="","",Paramètres!I9) | E8: =IF(Paramètres!J9&Paramètres!L9&Paramètres!N9="",WORKDAY($A$6-1,1),MAX(IF(Paramètres!J9="",0,IF(Paramètres!K9="",NA(),IF(RIGHT(TRIM(Paramètres!K9),3)="Fin",WORKDAY(IF(LEFT(TRIM(Paramètres!K9),1)="F",INDEX($F$4:$F$56,MATCH(Paramètres!J9,Paramètres!$G$5:$G$57,0)),INDEX($E$4:$E$56,MATCH(Paramètres!J9,Paramètres!$G$5:$G$57,0))),1-$H8),IF(LEFT(TRIM(Paramètres!K9),1)="F",WORKDAY(IF(LEFT(TRIM(Paramètres!K9),1)="F",INDEX($F$4:$F$56,MATCH(Paramètres!J9,Paramètres!$G$5:$G$57,0)),INDEX($E$4:$E$56,MATCH(Paramètres!J9,Paramètres!$G$5:$G$57,0))),1),IF(LEFT(TRIM(Paramètres!K9),1)="F",INDEX($F$4:$F$56,MATCH(Paramètres!J9,Paramètres!$G$5:$G$57,0)),INDEX($E$4:$E$56,MATCH(Paramètres!J9,Paramètres!$G$5:$G$57,0))))))),IF(Paramètres!L9="",0,IF(Paramètres!M9="",NA(),IF(RIGHT(TRIM(Paramètres!M9),3)="Fin",WORKDAY(IF(LEFT(TRIM(Paramètres!M9),1)="F",INDEX($F$4:$F$56,MATCH(Paramètres!L9,Paramètres!$G$5:$G$57,0)),INDEX($E$4:$E$56,MATCH(Paramètres!L9,Paramètres!$G$5:$G$57,0))),1-$H8),IF(LEFT(TRIM(Paramètres!M9),1)="F",WORKDAY(IF(LEFT(TRIM(Paramètres!M9),1)="F",INDEX($F$4:$F$56,MATCH(Paramètres!L9,Paramètres!$G$5:$G$57,0)),INDEX($E$4:$E$56,MATCH(Paramètres!L9,Paramètres!$G$5:$G$57,0))),1),IF(LEFT(TRIM(Paramètres!M9),1)="F",INDEX($F$4:$F$56,MATCH(Paramètres!L9,Paramètres!$G$5:$G$57,0)),INDEX($E$4:$E$56,MATCH(Paramètres!L9,Paramètres!$G$5:$G$57,0))))))),IF(Paramètres!N9="",0,IF(Paramètres!O9="",NA(),IF(RIGHT(TRIM(Paramètres!O9),3)="Fin",WORKDAY(IF(LEFT(TRIM(Paramètres!O9),1)="F",INDEX($F$4:$F$56,MATCH(Paramètres!N9,Paramètres!$G$5:$G$57,0)),INDEX($E$4:$E$56,MATCH(Paramètres!N9,Paramètres!$G$5:$G$57,0))),1-$H8),IF(LEFT(TRIM(Paramètres!O9),1)="F",WORKDAY(IF(LEFT(TRIM(Paramètres!O9),1)="F",INDEX($F$4:$F$56,MATCH(Paramètres!N9,Paramètres!$G$5:$G$57,0)),INDEX($E$4:$E$56,MATCH(Paramètres!N9,Paramètres!$G$5:$G$57,0))),1),IF(LEFT(TRIM(Paramètres!O9),1)="F",INDEX($F$4:$F$56,MATCH(Paramètres!N9,Paramètres!$G$5:$G$57,0)),INDEX($E$4:$E$56,MATCH(Paramètres!N9,Paramètres!$G$5:$G$57,0))))))))) | F8: =IF($H8=0,WORKDAY(E8,-1),WORKDAY(E8,$H8-1)) | H8: =Paramètres!B9
B9: =Paramètres!G10 | C9: =IF(Paramètres!H10="","",Paramètres!H10) | D9: =IF(Paramètres!I10="","",Paramètres!I10) | E9: =MIN(E10:E13) | F9: =MAX(F10:F13) | H9: =NETWORKDAYS(E9,F9)
B10: =Paramètres!G11 | C10: =IF(Paramètres!H11="","",Paramètres!H11) | D10: =IF(Paramètres!I11="","",Paramètres!I11) | E10: =IF(Paramètres!J11&Paramètres!L11&Paramètres!N11="",WORKDAY($A$6-1,1),MAX(IF(Paramètres!J11="",0,IF(Paramètres!K11="",NA(),IF(RIGHT(TRIM(Paramètres!K11),3)="Fin",WORKDAY(IF(LEFT(TRIM(Paramètres!K11),1)="F",INDEX($F$4:$F$56,MATCH(Paramètres!J11,Paramètres!$G$5:$G$57,0)),INDEX($E$4:$E$56,MATCH(Paramètres!J11,Paramètres!$G$5:$G$57,0))),1-$H10),IF(LEFT(TRIM(Paramètres!K11),1)="F",WORKDAY(IF(LEFT(TRIM(Paramètres!K11),1)="F",INDEX($F$4:$F$56,MATCH(Paramètres!J11,Paramètres!$G$5:$G$57,0)),INDEX($E$4:$E$56,MATCH(Paramètres!J11,Paramètres!$G$5:$G$57,0))),1),IF(LEFT(TRIM(Paramètres!K11),1)="F",INDEX($F$4:$F$56,MATCH(Paramètres!J11,Paramètres!$G$5:$G$57,0)),INDEX($E$4:$E$56,MATCH(Paramètres!J11,Paramètres!$G$5:$G$57,0))))))),IF(Paramètres!L11="",0,IF(Paramètres!M11="",NA(),IF(RIGHT(TRIM(Paramètres!M11),3)="Fin",WORKDAY(IF(LEFT(TRIM(Paramètres!M11),1)="F",INDEX($F$4:$F$56,MATCH(Paramètres!L11,Paramètres!$G$5:$G$57,0)),INDEX($E$4:$E$56,MATCH(Paramètres!L11,Paramètres!$G$5:$G$57,0))),1-$H10),IF(LEFT(TRIM(Paramètres!M11),1)="F",WORKDAY(IF(LEFT(TRIM(Paramètres!M11),1)="F",INDEX($F$4:$F$56,MATCH(Paramètres!L11,Paramètres!$G$5:$G$57,0)),INDEX($E$4:$E$56,MATCH(Paramètres!L11,Paramètres!$G$5:$G$57,0))),1),IF(LEFT(TRIM(Paramètres!M11),1)="F",INDEX($F$4:$F$56,MATCH(Paramètres!L11,Paramètres!$G$5:$G$57,0)),INDEX($E$4:$E$56,MATCH(Paramètres!L11,Paramètres!$G$5:$G$57,0))))))),IF(Paramètres!N11="",0,IF(Paramètres!O11="",NA(),IF(RIGHT(TRIM(Paramètres!O11),3)="Fin",WORKDAY(IF(LEFT(TRIM(Paramètres!O11),1)="F",INDEX($F$4:$F$56,MATCH(Paramètres!N11,Paramètres!$G$5:$G$57,0)),INDEX($E$4:$E$56,MATCH(Paramètres!N11,Paramètres!$G$5:$G$57,0))),1-$H10),IF(LEFT(TRIM(Paramètres!O11),1)="F",WORKDAY(IF(LEFT(TRIM(Paramètres!O11),1)="F",INDEX($F$4:$F$56,MATCH(Paramètres!N11,Paramètres!$G$5:$G$57,0)),INDEX($E$4:$E$56,MATCH(Paramètres!N11,Paramètres!$G$5:$G$57,0))),1),IF(LEFT(TRIM(Paramètres!O11),1)="F",INDEX($F$4:$F$56,MATCH(Paramètres!N11,Paramètres!$G$5:$G$57,0)),INDEX($E$4:$E$56,MATCH(Paramètres!N11,Paramètres!$G$5:$G$57,0))))))))) | F10: =IF($H10=0,WORKDAY(E10,-1),WORKDAY(E10,$H10-1)) | H10: =Paramètres!B11
B11: =Paramètres!G12 | C11: =IF(Paramètres!H12="","",Paramètres!H12) | D11: =IF(Paramètres!I12="","",Paramètres!I12) | E11: =IF(Paramètres!J12&Paramètres!L12&Paramètres!N12="",WORKDAY($A$6-1,1),MAX(IF(Paramètres!J12="",0,IF(Paramètres!K12="",NA(),IF(RIGHT(TRIM(Paramètres!K12),3)="Fin",WORKDAY(IF(LEFT(TRIM(Paramètres!K12),1)="F",INDEX($F$4:$F$56,MATCH(Paramètres!J12,Paramètres!$G$5:$G$57,0)),INDEX($E$4:$E$56,MATCH(Paramètres!J12,Paramètres!$G$5:$G$57,0))),1-$H11),IF(LEFT(TRIM(Paramètres!K12),1)="F",WORKDAY(IF(LEFT(TRIM(Paramètres!K12),1)="F",INDEX($F$4:$F$56,MATCH(Paramètres!J12,Paramètres!$G$5:$G$57,0)),INDEX($E$4:$E$56,MATCH(Paramètres!J12,Paramètres!$G$5:$G$57,0))),1),IF(LEFT(TRIM(Paramètres!K12),1)="F",INDEX($F$4:$F$56,MATCH(Paramètres!J12,Paramètres!$G$5:$G$57,0)),INDEX($E$4:$E$56,MATCH(Paramètres!J12,Paramètres!$G$5:$G$57,0))))))),IF(Paramètres!L12="",0,IF(Paramètres!M12="",NA(),IF(RIGHT(TRIM(Paramètres!M12),3)="Fin",WORKDAY(IF(LEFT(TRIM(Paramètres!M12),1)="F",INDEX($F$4:$F$56,MATCH(Paramètres!L12,Paramètres!$G$5:$G$57,0)),INDEX($E$4:$E$56,MATCH(Paramètres!L12,Paramètres!$G$5:$G$57,0))),1-$H11),IF(LEFT(TRIM(Paramètres!M12),1)="F",WORKDAY(IF(LEFT(TRIM(Paramètres!M12),1)="F",INDEX($F$4:$F$56,MATCH(Paramètres!L12,Paramètres!$G$5:$G$57,0)),INDEX($E$4:$E$56,MATCH(Paramètres!L12,Paramètres!$G$5:$G$57,0))),1),IF(LEFT(TRIM(Paramètres!M12),1)="F",INDEX($F$4:$F$56,MATCH(Paramètres!L12,Paramètres!$G$5:$G$57,0)),INDEX($E$4:$E$56,MATCH(Paramètres!L12,Paramètres!$G$5:$G$57,0))))))),IF(Paramètres!N12="",0,IF(Paramètres!O12="",NA(),IF(RIGHT(TRIM(Paramètres!O12),3)="Fin",WORKDAY(IF(LEFT(TRIM(Paramètres!O12),1)="F",INDEX($F$4:$F$56,MATCH(Paramètres!N12,Paramètres!$G$5:$G$57,0)),INDEX($E$4:$E$56,MATCH(Paramètres!N12,Paramètres!$G$5:$G$57,0))),1-$H11),IF(LEFT(TRIM(Paramètres!O12),1)="F",WORKDAY(IF(LEFT(TRIM(Paramètres!O12),1)="F",INDEX($F$4:$F$56,MATCH(Paramètres!N12,Paramètres!$G$5:$G$57,0)),INDEX($E$4:$E$56,MATCH(Paramètres!N12,Paramètres!$G$5:$G$57,0))),1),IF(LEFT(TRIM(Paramètres!O12),1)="F",INDEX($F$4:$F$56,MATCH(Paramètres!N12,Paramètres!$G$5:$G$57,0)),INDEX($E$4:$E$56,MATCH(Paramètres!N12,Paramètres!$G$5:$G$57,0))))))))) | F11: =IF($H11=0,WORKDAY(E11,-1),WORKDAY(E11,$H11-1)) | H11: =Paramètres!B12
B12: =Paramètres!G13 | C12: =IF(Paramètres!H13="","",Paramètres!H13) | D12: =IF(Paramètres!I13="","",Paramètres!I13) | E12: =IF(Paramètres!J13&Paramètres!L13&Paramètres!N13="",WORKDAY($A$6-1,1),MAX(IF(Paramètres!J13="",0,IF(Paramètres!K13="",NA(),IF(RIGHT(TRIM(Paramètres!K13),3)="Fin",WORKDAY(IF(LEFT(TRIM(Paramètres!K13),1)="F",INDEX($F$4:$F$56,MATCH(Paramètres!J13,Paramètres!$G$5:$G$57,0)),INDEX($E$4:$E$56,MATCH(Paramètres!J13,Paramètres!$G$5:$G$57,0))),1-$H12),IF(LEFT(TRIM(Paramètres!K13),1)="F",WORKDAY(IF(LEFT(TRIM(Paramètres!K13),1)="F",INDEX($F$4:$F$56,MATCH(Paramètres!J13,Paramètres!$G$5:$G$57,0)),INDEX($E$4:$E$56,MATCH(Paramètres!J13,Paramètres!$G$5:$G$57,0))),1),IF(LEFT(TRIM(Paramètres!K13),1)="F",INDEX($F$4:$F$56,MATCH(Paramètres!J13,Paramètres!$G$5:$G$57,0)),INDEX($E$4:$E$56,MATCH(Paramètres!J13,Paramètres!$G$5:$G$57,0))))))),IF(Paramètres!L13="",0,IF(Paramètres!M13="",NA(),IF(RIGHT(TRIM(Paramètres!M13),3)="Fin",WORKDAY(IF(LEFT(TRIM(Paramètres!M13),1)="F",INDEX($F$4:$F$56,MATCH(Paramètres!L13,Paramètres!$G$5:$G$57,0)),INDEX($E$4:$E$56,MATCH(Paramètres!L13,Paramètres!$G$5:$G$57,0))),1-$H12),IF(LEFT(TRIM(Paramètres!M13),1)="F",WORKDAY(IF(LEFT(TRIM(Paramètres!M13),1)="F",INDEX($F$4:$F$56,MATCH(Paramètres!L13,Paramètres!$G$5:$G$57,0)),INDEX($E$4:$E$56,MATCH(Paramètres!L13,Paramètres!$G$5:$G$57,0))),1),IF(LEFT(TRIM(Paramètres!M13),1)="F",INDEX($F$4:$F$56,MATCH(Paramètres!L13,Paramètres!$G$5:$G$57,0)),INDEX($E$4:$E$56,MATCH(Paramètres!L13,Paramètres!$G$5:$G$57,0))))))),IF(Paramètres!N13="",0,IF(Paramètres!O13="",NA(),IF(RIGHT(TRIM(Paramètres!O13),3)="Fin",WORKDAY(IF(LEFT(TRIM(Paramètres!O13),1)="F",INDEX($F$4:$F$56,MATCH(Paramètres!N13,Paramètres!$G$5:$G$57,0)),INDEX($E$4:$E$56,MATCH(Paramètres!N13,Paramètres!$G$5:$G$57,0))),1-$H12),IF(LEFT(TRIM(Paramètres!O13),1)="F",WORKDAY(IF(LEFT(TRIM(Paramètres!O13),1)="F",INDEX($F$4:$F$56,MATCH(Paramètres!N13,Paramètres!$G$5:$G$57,0)),INDEX($E$4:$E$56,MATCH(Paramètres!N13,Paramètres!$G$5:$G$57,0))),1),IF(LEFT(TRIM(Paramètres!O13),1)="F",INDEX($F$4:$F$56,MATCH(Paramètres!N13,Paramètres!$G$5:$G$57,0)),INDEX($E$4:$E$56,MATCH(Paramètres!N13,Paramètres!$G$5:$G$57,0))))))))) | F12: =IF($H12=0,WORKDAY(E12,-1),WORKDAY(E12,$H12-1)) | H12: =Paramètres!B13
B13: =Paramètres!G14 | C13: =IF(Paramètres!H14="","",Paramètres!H14) | D13: =IF(Paramètres!I14="","",Paramètres!I14) | E13: =IF(Paramètres!J14&Paramètres!L14&Paramètres!N14="",WORKDAY($A$6-1,1),MAX(IF(Paramètres!J14="",0,IF(Paramètres!K14="",NA(),IF(RIGHT(TRIM(Paramètres!K14),3)="Fin",WORKDAY(IF(LEFT(TRIM(Paramètres!K14),1)="F",INDEX($F$4:$F$56,MATCH(Paramètres!J14,Paramètres!$G$5:$G$57,0)),INDEX($E$4:$E$56,MATCH(Paramètres!J14,Paramètres!$G$5:$G$57,0))),1-$H13),IF(LEFT(TRIM(Paramètres!K14),1)="F",WORKDAY(IF(LEFT(TRIM(Paramètres!K14),1)="F",INDEX($F$4:$F$56,MATCH(Paramètres!J14,Paramètres!$G$5:$G$57,0)),INDEX($E$4:$E$56,MATCH(Paramètres!J14,Paramètres!$G$5:$G$57,0))),1),IF(LEFT(TRIM(Paramètres!K14),1)="F",INDEX($F$4:$F$56,MATCH(Paramètres!J14,Paramètres!$G$5:$G$57,0)),INDEX($E$4:$E$56,MATCH(Paramètres!J14,Paramètres!$G$5:$G$57,0))))))),IF(Paramètres!L14="",0,IF(Paramètres!M14="",NA(),IF(RIGHT(TRIM(Paramètres!M14),3)="Fin",WORKDAY(IF(LEFT(TRIM(Paramètres!M14),1)="F",INDEX($F$4:$F$56,MATCH(Paramètres!L14,Paramètres!$G$5:$G$57,0)),INDEX($E$4:$E$56,MATCH(Paramètres!L14,Paramètres!$G$5:$G$57,0))),1-$H13),IF(LEFT(TRIM(Paramètres!M14),1)="F",WORKDAY(IF(LEFT(TRIM(Paramètres!M14),1)="F",INDEX($F$4:$F$56,MATCH(Paramètres!L14,Paramètres!$G$5:$G$57,0)),INDEX($E$4:$E$56,MATCH(Paramètres!L14,Paramètres!$G$5:$G$57,0))),1),IF(LEFT(TRIM(Paramètres!M14),1)="F",INDEX($F$4:$F$56,MATCH(Paramètres!L14,Paramètres!$G$5:$G$57,0)),INDEX($E$4:$E$56,MATCH(Paramètres!L14,Paramètres!$G$5:$G$57,0))))))),IF(Paramètres!N14="",0,IF(Paramètres!O14="",NA(),IF(RIGHT(TRIM(Paramètres!O14),3)="Fin",WORKDAY(IF(LEFT(TRIM(Paramètres!O14),1)="F",INDEX($F$4:$F$56,MATCH(Paramètres!N14,Paramètres!$G$5:$G$57,0)),INDEX($E$4:$E$56,MATCH(Paramètres!N14,Paramètres!$G$5:$G$57,0))),1-$H13),IF(LEFT(TRIM(Paramètres!O14),1)="F",WORKDAY(IF(LEFT(TRIM(Paramètres!O14),1)="F",INDEX($F$4:$F$56,MATCH(Paramètres!N14,Paramètres!$G$5:$G$57,0)),INDEX($E$4:$E$56,MATCH(Paramètres!N14,Paramètres!$G$5:$G$57,0))),1),IF(LEFT(TRIM(Paramètres!O14),1)="F",INDEX($F$4:$F$56,MATCH(Paramètres!N14,Paramètres!$G$5:$G$57,0)),INDEX($E$4:$E$56,MATCH(Paramètres!N14,Paramètres!$G$5:$G$57,0))))))))) | F13: =IF($H13=0,WORKDAY(E13,-1),WORKDAY(E13,$H13-1)) | H13: =Paramètres!B14
B14: =Paramètres!G15 | C14: =IF(Paramètres!H15="","",Paramètres!H15) | D14: =IF(Paramètres!I15="","",Paramètres!I15) | E14: =MIN(E15:E30) | F14: =MAX(F15:F30) | H14: =NETWORKDAYS(E14,F14)
B15: =Paramètres!G16 | C15: =IF(Paramètres!H16="","",Paramètres!H16) | D15: =IF(Paramètres!I16="","",Paramètres!I16) | E15: =IF(Paramètres!J16&Paramètres!L16&Paramètres!N16="",WORKDAY($A$6-1,1),MAX(IF(Paramètres!J16="",0,IF(Paramètres!K16="",NA(),IF(RIGHT(TRIM(Paramètres!K16),3)="Fin",WORKDAY(IF(LEFT(TRIM(Paramètres!K16),1)="F",INDEX($F$4:$F$56,MATCH(Paramètres!J16,Paramètres!$G$5:$G$57,0)),INDEX($E$4:$E$56,MATCH(Paramètres!J16,Paramètres!$G$5:$G$57,0))),1-$H15),IF(LEFT(TRIM(Paramètres!K16),1)="F",WORKDAY(IF(LEFT(TRIM(Paramètres!K16),1)="F",INDEX($F$4:$F$56,MATCH(Paramètres!J16,Paramètres!$G$5:$G$57,0)),INDEX($E$4:$E$56,MATCH(Paramètres!J16,Paramètres!$G$5:$G$57,0))),1),IF(LEFT(TRIM(Paramètres!K16),1)="F",INDEX($F$4:$F$56,MATCH(Paramètres!J16,Paramètres!$G$5:$G$57,0)),INDEX($E$4:$E$56,MATCH(Paramètres!J16,Paramètres!$G$5:$G$57,0))))))),IF(Paramètres!L16="",0,IF(Paramètres!M16="",NA(),IF(RIGHT(TRIM(Paramètres!M16),3)="Fin",WORKDAY(IF(LEFT(TRIM(Paramètres!M16),1)="F",INDEX($F$4:$F$56,MATCH(Paramètres!L16,Paramètres!$G$5:$G$57,0)),INDEX($E$4:$E$56,MATCH(Paramètres!L16,Paramètres!$G$5:$G$57,0))),1-$H15),IF(LEFT(TRIM(Paramètres!M16),1)="F",WORKDAY(IF(LEFT(TRIM(Paramètres!M16),1)="F",INDEX($F$4:$F$56,MATCH(Paramètres!L16,Paramètres!$G$5:$G$57,0)),INDEX($E$4:$E$56,MATCH(Paramètres!L16,Paramètres!$G$5:$G$57,0))),1),IF(LEFT(TRIM(Paramètres!M16),1)="F",INDEX($F$4:$F$56,MATCH(Paramètres!L16,Paramètres!$G$5:$G$57,0)),INDEX($E$4:$E$56,MATCH(Paramètres!L16,Paramètres!$G$5:$G$57,0))))))),IF(Paramètres!N16="",0,IF(Paramètres!O16="",NA(),IF(RIGHT(TRIM(Paramètres!O16),3)="Fin",WORKDAY(IF(LEFT(TRIM(Paramètres!O16),1)="F",INDEX($F$4:$F$56,MATCH(Paramètres!N16,Paramètres!$G$5:$G$57,0)),INDEX($E$4:$E$56,MATCH(Paramètres!N16,Paramètres!$G$5:$G$57,0))),1-$H15),IF(LEFT(TRIM(Paramètres!O16),1)="F",WORKDAY(IF(LEFT(TRIM(Paramètres!O16),1)="F",INDEX($F$4:$F$56,MATCH(Paramètres!N16,Paramètres!$G$5:$G$57,0)),INDEX($E$4:$E$56,MATCH(Paramètres!N16,Paramètres!$G$5:$G$57,0))),1),IF(LEFT(TRIM(Paramètres!O16),1)="F",INDEX($F$4:$F$56,MATCH(Paramètres!N16,Paramètres!$G$5:$G$57,0)),INDEX($E$4:$E$56,MATCH(Paramètres!N16,Paramètres!$G$5:$G$57,0))))))))) | F15: =IF($H15=0,WORKDAY(E15,-1),WORKDAY(E15,$H15-1)) | H15: =Paramètres!B16
B16: =Paramètres!G17 | C16: =IF(Paramètres!H17="","",Paramètres!H17) | D16: =IF(Paramètres!I17="","",Paramètres!I17) | E16: =IF(Paramètres!J17&Paramètres!L17&Paramètres!N17="",WORKDAY($A$6-1,1),MAX(IF(Paramètres!J17="",0,IF(Paramètres!K17="",NA(),IF(RIGHT(TRIM(Paramètres!K17),3)="Fin",WORKDAY(IF(LEFT(TRIM(Paramètres!K17),1)="F",INDEX($F$4:$F$56,MATCH(Paramètres!J17,Paramètres!$G$5:$G$57,0)),INDEX($E$4:$E$56,MATCH(Paramètres!J17,Paramètres!$G$5:$G$57,0))),1-$H16),IF(LEFT(TRIM(Paramètres!K17),1)="F",WORKDAY(IF(LEFT(TRIM(Paramètres!K17),1)="F",INDEX($F$4:$F$56,MATCH(Paramètres!J17,Paramètres!$G$5:$G$57,0)),INDEX($E$4:$E$56,MATCH(Paramètres!J17,Paramètres!$G$5:$G$57,0))),1),IF(LEFT(TRIM(Paramètres!K17),1)="F",INDEX($F$4:$F$56,MATCH(Paramètres!J17,Paramètres!$G$5:$G$57,0)),INDEX($E$4:$E$56,MATCH(Paramètres!J17,Paramètres!$G$5:$G$57,0))))))),IF(Paramètres!L17="",0,IF(Paramètres!M17="",NA(),IF(RIGHT(TRIM(Paramètres!M17),3)="Fin",WORKDAY(IF(LEFT(TRIM(Paramètres!M17),1)="F",INDEX($F$4:$F$56,MATCH(Paramètres!L17,Paramètres!$G$5:$G$57,0)),INDEX($E$4:$E$56,MATCH(Paramètres!L17,Paramètres!$G$5:$G$57,0))),1-$H16),IF(LEFT(TRIM(Paramètres!M17),1)="F",WORKDAY(IF(LEFT(TRIM(Paramètres!M17),1)="F",INDEX($F$4:$F$56,MATCH(Paramètres!L17,Paramètres!$G$5:$G$57,0)),INDEX($E$4:$E$56,MATCH(Paramètres!L17,Paramètres!$G$5:$G$57,0))),1),IF(LEFT(TRIM(Paramètres!M17),1)="F",INDEX($F$4:$F$56,MATCH(Paramètres!L17,Paramètres!$G$5:$G$57,0)),INDEX($E$4:$E$56,MATCH(Paramètres!L17,Paramètres!$G$5:$G$57,0))))))),IF(Paramètres!N17="",0,IF(Paramètres!O17="",NA(),IF(RIGHT(TRIM(Paramètres!O17),3)="Fin",WORKDAY(IF(LEFT(TRIM(Paramètres!O17),1)="F",INDEX($F$4:$F$56,MATCH(Paramètres!N17,Paramètres!$G$5:$G$57,0)),INDEX($E$4:$E$56,MATCH(Paramètres!N17,Paramètres!$G$5:$G$57,0))),1-$H16),IF(LEFT(TRIM(Paramètres!O17),1)="F",WORKDAY(IF(LEFT(TRIM(Paramètres!O17),1)="F",INDEX($F$4:$F$56,MATCH(Paramètres!N17,Paramètres!$G$5:$G$57,0)),INDEX($E$4:$E$56,MATCH(Paramètres!N17,Paramètres!$G$5:$G$57,0))),1),IF(LEFT(TRIM(Paramètres!O17),1)="F",INDEX($F$4:$F$56,MATCH(Paramètres!N17,Paramètres!$G$5:$G$57,0)),INDEX($E$4:$E$56,MATCH(Paramètres!N17,Paramètres!$G$5:$G$57,0))))))))) | F16: =IF($H16=0,WORKDAY(E16,-1),WORKDAY(E16,$H16-1)) | H16: =Paramètres!B17
B17: =Paramètres!G18 | C17: =IF(Paramètres!H18="","",Paramètres!H18) | D17: =IF(Paramètres!I18="","",Paramètres!I18) | E17: =IF(Paramètres!J18&Paramètres!L18&Paramètres!N18="",WORKDAY($A$6-1,1),MAX(IF(Paramètres!J18="",0,IF(Paramètres!K18="",NA(),IF(RIGHT(TRIM(Paramètres!K18),3)="Fin",WORKDAY(IF(LEFT(TRIM(Paramètres!K18),1)="F",INDEX($F$4:$F$56,MATCH(Paramètres!J18,Paramètres!$G$5:$G$57,0)),INDEX($E$4:$E$56,MATCH(Paramètres!J18,Paramètres!$G$5:$G$57,0))),1-$H17),IF(LEFT(TRIM(Paramètres!K18),1)="F",WORKDAY(IF(LEFT(TRIM(Paramètres!K18),1)="F",INDEX($F$4:$F$56,MATCH(Paramètres!J18,Paramètres!$G$5:$G$57,0)),INDEX($E$4:$E$56,MATCH(Paramètres!J18,Paramètres!$G$5:$G$57,0))),1),IF(LEFT(TRIM(Paramètres!K18),1)="F",INDEX($F$4:$F$56,MATCH(Paramètres!J18,Paramètres!$G$5:$G$57,0)),INDEX($E$4:$E$56,MATCH(Paramètres!J18,Paramètres!$G$5:$G$57,0))))))),IF(Paramètres!L18="",0,IF(Paramètres!M18="",NA(),IF(RIGHT(TRIM(Paramètres!M18),3)="Fin",WORKDAY(IF(LEFT(TRIM(Paramètres!M18),1)="F",INDEX($F$4:$F$56,MATCH(Paramètres!L18,Paramètres!$G$5:$G$57,0)),INDEX($E$4:$E$56,MATCH(Paramètres!L18,Paramètres!$G$5:$G$57,0))),1-$H17),IF(LEFT(TRIM(Paramètres!M18),1)="F",WORKDAY(IF(LEFT(TRIM(Paramètres!M18),1)="F",INDEX($F$4:$F$56,MATCH(Paramètres!L18,Paramètres!$G$5:$G$57,0)),INDEX($E$4:$E$56,MATCH(Paramètres!L18,Paramètres!$G$5:$G$57,0))),1),IF(LEFT(TRIM(Paramètres!M18),1)="F",INDEX($F$4:$F$56,MATCH(Paramètres!L18,Paramètres!$G$5:$G$57,0)),INDEX($E$4:$E$56,MATCH(Paramètres!L18,Paramètres!$G$5:$G$57,0))))))),IF(Paramètres!N18="",0,IF(Paramètres!O18="",NA(),IF(RIGHT(TRIM(Paramètres!O18),3)="Fin",WORKDAY(IF(LEFT(TRIM(Paramètres!O18),1)="F",INDEX($F$4:$F$56,MATCH(Paramètres!N18,Paramètres!$G$5:$G$57,0)),INDEX($E$4:$E$56,MATCH(Paramètres!N18,Paramètres!$G$5:$G$57,0))),1-$H17),IF(LEFT(TRIM(Paramètres!O18),1)="F",WORKDAY(IF(LEFT(TRIM(Paramètres!O18),1)="F",INDEX($F$4:$F$56,MATCH(Paramètres!N18,Paramètres!$G$5:$G$57,0)),INDEX($E$4:$E$56,MATCH(Paramètres!N18,Paramètres!$G$5:$G$57,0))),1),IF(LEFT(TRIM(Paramètres!O18),1)="F",INDEX($F$4:$F$56,MATCH(Paramètres!N18,Paramètres!$G$5:$G$57,0)),INDEX($E$4:$E$56,MATCH(Paramètres!N18,Paramètres!$G$5:$G$57,0))))))))) | F17: =IF($H17=0,WORKDAY(E17,-1),WORKDAY(E17,$H17-1)) | H17: =Paramètres!B18
B18: =Paramètres!G19 | C18: =IF(Paramètres!H19="","",Paramètres!H19) | D18: =IF(Paramètres!I19="","",Paramètres!I19) | E18: =IF(Paramètres!J19&Paramètres!L19&Paramètres!N19="",WORKDAY($A$6-1,1),MAX(IF(Paramètres!J19="",0,IF(Paramètres!K19="",NA(),IF(RIGHT(TRIM(Paramètres!K19),3)="Fin",WORKDAY(IF(LEFT(TRIM(Paramètres!K19),1)="F",INDEX($F$4:$F$56,MATCH(Paramètres!J19,Paramètres!$G$5:$G$57,0)),INDEX($E$4:$E$56,MATCH(Paramètres!J19,Paramètres!$G$5:$G$57,0))),1-$H18),IF(LEFT(TRIM(Paramètres!K19),1)="F",WORKDAY(IF(LEFT(TRIM(Paramètres!K19),1)="F",INDEX($F$4:$F$56,MATCH(Paramètres!J19,Paramètres!$G$5:$G$57,0)),INDEX($E$4:$E$56,MATCH(Paramètres!J19,Paramètres!$G$5:$G$57,0))),1),IF(LEFT(TRIM(Paramètres!K19),1)="F",INDEX($F$4:$F$56,MATCH(Paramètres!J19,Paramètres!$G$5:$G$57,0)),INDEX($E$4:$E$56,MATCH(Paramètres!J19,Paramètres!$G$5:$G$57,0))))))),IF(Paramètres!L19="",0,IF(Paramètres!M19="",NA(),IF(RIGHT(TRIM(Paramètres!M19),3)="Fin",WORKDAY(IF(LEFT(TRIM(Paramètres!M19),1)="F",INDEX($F$4:$F$56,MATCH(Paramètres!L19,Paramètres!$G$5:$G$57,0)),INDEX($E$4:$E$56,MATCH(Paramètres!L19,Paramètres!$G$5:$G$57,0))),1-$H18),IF(LEFT(TRIM(Paramètres!M19),1)="F",WORKDAY(IF(LEFT(TRIM(Paramètres!M19),1)="F",INDEX($F$4:$F$56,MATCH(Paramètres!L19,Paramètres!$G$5:$G$57,0)),INDEX($E$4:$E$56,MATCH(Paramètres!L19,Paramètres!$G$5:$G$57,0))),1),IF(LEFT(TRIM(Paramètres!M19),1)="F",INDEX($F$4:$F$56,MATCH(Paramètres!L19,Paramètres!$G$5:$G$57,0)),INDEX($E$4:$E$56,MATCH(Paramètres!L19,Paramètres!$G$5:$G$57,0))))))),IF(Paramètres!N19="",0,IF(Paramètres!O19="",NA(),IF(RIGHT(TRIM(Paramètres!O19),3)="Fin",WORKDAY(IF(LEFT(TRIM(Paramètres!O19),1)="F",INDEX($F$4:$F$56,MATCH(Paramètres!N19,Paramètres!$G$5:$G$57,0)),INDEX($E$4:$E$56,MATCH(Paramètres!N19,Paramètres!$G$5:$G$57,0))),1-$H18),IF(LEFT(TRIM(Paramètres!O19),1)="F",WORKDAY(IF(LEFT(TRIM(Paramètres!O19),1)="F",INDEX($F$4:$F$56,MATCH(Paramètres!N19,Paramètres!$G$5:$G$57,0)),INDEX($E$4:$E$56,MATCH(Paramètres!N19,Paramètres!$G$5:$G$57,0))),1),IF(LEFT(TRIM(Paramètres!O19),1)="F",INDEX($F$4:$F$56,MATCH(Paramètres!N19,Paramètres!$G$5:$G$57,0)),INDEX($E$4:$E$56,MATCH(Paramètres!N19,Paramètres!$G$5:$G$57,0))))))))) | F18: =IF($H18=0,WORKDAY(E18,-1),WORKDAY(E18,$H18-1)) | H18: =Paramètres!B19
B19: =Paramètres!G20 | C19: =IF(Paramètres!H20="","",Paramètres!H20) | D19: =IF(Paramètres!I20="","",Paramètres!I20) | E19: =IF(Paramètres!J20&Paramètres!L20&Paramètres!N20="",WORKDAY($A$6-1,1),MAX(IF(Paramètres!J20="",0,IF(Paramètres!K20="",NA(),IF(RIGHT(TRIM(Paramètres!K20),3)="Fin",WORKDAY(IF(LEFT(TRIM(Paramètres!K20),1)="F",INDEX($F$4:$F$56,MATCH(Paramètres!J20,Paramètres!$G$5:$G$57,0)),INDEX($E$4:$E$56,MATCH(Paramètres!J20,Paramètres!$G$5:$G$57,0))),1-$H19),IF(LEFT(TRIM(Paramètres!K20),1)="F",WORKDAY(IF(LEFT(TRIM(Paramètres!K20),1)="F",INDEX($F$4:$F$56,MATCH(Paramètres!J20,Paramètres!$G$5:$G$57,0)),INDEX($E$4:$E$56,MATCH(Paramètres!J20,Paramètres!$G$5:$G$57,0))),1),IF(LEFT(TRIM(Paramètres!K20),1)="F",INDEX($F$4:$F$56,MATCH(Paramètres!J20,Paramètres!$G$5:$G$57,0)),INDEX($E$4:$E$56,MATCH(Paramètres!J20,Paramètres!$G$5:$G$57,0))))))),IF(Paramètres!L20="",0,IF(Paramètres!M20="",NA(),IF(RIGHT(TRIM(Paramètres!M20),3)="Fin",WORKDAY(IF(LEFT(TRIM(Paramètres!M20),1)="F",INDEX($F$4:$F$56,MATCH(Paramètres!L20,Paramètres!$G$5:$G$57,0)),INDEX($E$4:$E$56,MATCH(Paramètres!L20,Paramètres!$G$5:$G$57,0))),1-$H19),IF(LEFT(TRIM(Paramètres!M20),1)="F",WORKDAY(IF(LEFT(TRIM(Paramètres!M20),1)="F",INDEX($F$4:$F$56,MATCH(Paramètres!L20,Paramètres!$G$5:$G$57,0)),INDEX($E$4:$E$56,MATCH(Paramètres!L20,Paramètres!$G$5:$G$57,0))),1),IF(LEFT(TRIM(Paramètres!M20),1)="F",INDEX($F$4:$F$56,MATCH(Paramètres!L20,Paramètres!$G$5:$G$57,0)),INDEX($E$4:$E$56,MATCH(Paramètres!L20,Paramètres!$G$5:$G$57,0))))))),IF(Paramètres!N20="",0,IF(Paramètres!O20="",NA(),IF(RIGHT(TRIM(Paramètres!O20),3)="Fin",WORKDAY(IF(LEFT(TRIM(Paramètres!O20),1)="F",INDEX($F$4:$F$56,MATCH(Paramètres!N20,Paramètres!$G$5:$G$57,0)),INDEX($E$4:$E$56,MATCH(Paramètres!N20,Paramètres!$G$5:$G$57,0))),1-$H19),IF(LEFT(TRIM(Paramètres!O20),1)="F",WORKDAY(IF(LEFT(TRIM(Paramètres!O20),1)="F",INDEX($F$4:$F$56,MATCH(Paramètres!N20,Paramètres!$G$5:$G$57,0)),INDEX($E$4:$E$56,MATCH(Paramètres!N20,Paramètres!$G$5:$G$57,0))),1),IF(LEFT(TRIM(Paramètres!O20),1)="F",INDEX($F$4:$F$56,MATCH(Paramètres!N20,Paramètres!$G$5:$G$57,0)),INDEX($E$4:$E$56,MATCH(Paramètres!N20,Paramètres!$G$5:$G$57,0))))))))) | F19: =IF($H19=0,WORKDAY(E19,-1),WORKDAY(E19,$H19-1)) | H19: =Paramètres!B20
B20: =Paramètres!G21 | C20: =IF(Paramètres!H21="","",Paramètres!H21) | D20: =IF(Paramètres!I21="","",Paramètres!I21) | E20: =IF(Paramètres!J21&Paramètres!L21&Paramètres!N21="",WORKDAY($A$6-1,1),MAX(IF(Paramètres!J21="",0,IF(Paramètres!K21="",NA(),IF(RIGHT(TRIM(Paramètres!K21),3)="Fin",WORKDAY(IF(LEFT(TRIM(Paramètres!K21),1)="F",INDEX($F$4:$F$56,MATCH(Paramètres!J21,Paramètres!$G$5:$G$57,0)),INDEX($E$4:$E$56,MATCH(Paramètres!J21,Paramètres!$G$5:$G$57,0))),1-$H20),IF(LEFT(TRIM(Paramètres!K21),1)="F",WORKDAY(IF(LEFT(TRIM(Paramètres!K21),1)="F",INDEX($F$4:$F$56,MATCH(Paramètres!J21,Paramètres!$G$5:$G$57,0)),INDEX($E$4:$E$56,MATCH(Paramètres!J21,Paramètres!$G$5:$G$57,0))),1),IF(LEFT(TRIM(Paramètres!K21),1)="F",INDEX($F$4:$F$56,MATCH(Paramètres!J21,Paramètres!$G$5:$G$57,0)),INDEX($E$4:$E$56,MATCH(Paramètres!J21,Paramètres!$G$5:$G$57,0))))))),IF(Paramètres!L21="",0,IF(Paramètres!M21="",NA(),IF(RIGHT(TRIM(Paramètres!M21),3)="Fin",WORKDAY(IF(LEFT(TRIM(Paramètres!M21),1)="F",INDEX($F$4:$F$56,MATCH(Paramètres!L21,Paramètres!$G$5:$G$57,0)),INDEX($E$4:$E$56,MATCH(Paramètres!L21,Paramètres!$G$5:$G$57,0))),1-$H20),IF(LEFT(TRIM(Paramètres!M21),1)="F",WORKDAY(IF(LEFT(TRIM(Paramètres!M21),1)="F",INDEX($F$4:$F$56,MATCH(Paramètres!L21,Paramètres!$G$5:$G$57,0)),INDEX($E$4:$E$56,MATCH(Paramètres!L21,Paramètres!$G$5:$G$57,0))),1),IF(LEFT(TRIM(Paramètres!M21),1)="F",INDEX($F$4:$F$56,MATCH(Paramètres!L21,Paramètres!$G$5:$G$57,0)),INDEX($E$4:$E$56,MATCH(Paramètres!L21,Paramètres!$G$5:$G$57,0))))))),IF(Paramètres!N21="",0,IF(Paramètres!O21="",NA(),IF(RIGHT(TRIM(Paramètres!O21),3)="Fin",WORKDAY(IF(LEFT(TRIM(Paramètres!O21),1)="F",INDEX($F$4:$F$56,MATCH(Paramètres!N21,Paramètres!$G$5:$G$57,0)),INDEX($E$4:$E$56,MATCH(Paramètres!N21,Paramètres!$G$5:$G$57,0))),1-$H20),IF(LEFT(TRIM(Paramètres!O21),1)="F",WORKDAY(IF(LEFT(TRIM(Paramètres!O21),1)="F",INDEX($F$4:$F$56,MATCH(Paramètres!N21,Paramètres!$G$5:$G$57,0)),INDEX($E$4:$E$56,MATCH(Paramètres!N21,Paramètres!$G$5:$G$57,0))),1),IF(LEFT(TRIM(Paramètres!O21),1)="F",INDEX($F$4:$F$56,MATCH(Paramètres!N21,Paramètres!$G$5:$G$57,0)),INDEX($E$4:$E$56,MATCH(Paramètres!N21,Paramètres!$G$5:$G$57,0))))))))) | F20: =IF($H20=0,WORKDAY(E20,-1),WORKDAY(E20,$H20-1)) | H20: =Paramètres!B21
B21: =Paramètres!G22 | C21: =IF(Paramètres!H22="","",Paramètres!H22) | D21: =IF(Paramètres!I22="","",Paramètres!I22) | E21: =IF(Paramètres!J22&Paramètres!L22&Paramètres!N22="",WORKDAY($A$6-1,1),MAX(IF(Paramètres!J22="",0,IF(Paramètres!K22="",NA(),IF(RIGHT(TRIM(Paramètres!K22),3)="Fin",WORKDAY(IF(LEFT(TRIM(Paramètres!K22),1)="F",INDEX($F$4:$F$56,MATCH(Paramètres!J22,Paramètres!$G$5:$G$57,0)),INDEX($E$4:$E$56,MATCH(Paramètres!J22,Paramètres!$G$5:$G$57,0))),1-$H21),IF(LEFT(TRIM(Paramètres!K22),1)="F",WORKDAY(IF(LEFT(TRIM(Paramètres!K22),1)="F",INDEX($F$4:$F$56,MATCH(Paramètres!J22,Paramètres!$G$5:$G$57,0)),INDEX($E$4:$E$56,MATCH(Paramètres!J22,Paramètres!$G$5:$G$57,0))),1),IF(LEFT(TRIM(Paramètres!K22),1)="F",INDEX($F$4:$F$56,MATCH(Paramètres!J22,Paramètres!$G$5:$G$57,0)),INDEX($E$4:$E$56,MATCH(Paramètres!J22,Paramètres!$G$5:$G$57,0))))))),IF(Paramètres!L22="",0,IF(Paramètres!M22="",NA(),IF(RIGHT(TRIM(Paramètres!M22),3)="Fin",WORKDAY(IF(LEFT(TRIM(Paramètres!M22),1)="F",INDEX($F$4:$F$56,MATCH(Paramètres!L22,Paramètres!$G$5:$G$57,0)),INDEX($E$4:$E$56,MATCH(Paramètres!L22,Paramètres!$G$5:$G$57,0))),1-$H21),IF(LEFT(TRIM(Paramètres!M22),1)="F",WORKDAY(IF(LEFT(TRIM(Paramètres!M22),1)="F",INDEX($F$4:$F$56,MATCH(Paramètres!L22,Paramètres!$G$5:$G$57,0)),INDEX($E$4:$E$56,MATCH(Paramètres!L22,Paramètres!$G$5:$G$57,0))),1),IF(LEFT(TRIM(Paramètres!M22),1)="F",INDEX($F$4:$F$56,MATCH(Paramètres!L22,Paramètres!$G$5:$G$57,0)),INDEX($E$4:$E$56,MATCH(Paramètres!L22,Paramètres!$G$5:$G$57,0))))))),IF(Paramètres!N22="",0,IF(Paramètres!O22="",NA(),IF(RIGHT(TRIM(Paramètres!O22),3)="Fin",WORKDAY(IF(LEFT(TRIM(Paramètres!O22),1)="F",INDEX($F$4:$F$56,MATCH(Paramètres!N22,Paramètres!$G$5:$G$57,0)),INDEX($E$4:$E$56,MATCH(Paramètres!N22,Paramètres!$G$5:$G$57,0))),1-$H21),IF(LEFT(TRIM(Paramètres!O22),1)="F",WORKDAY(IF(LEFT(TRIM(Paramètres!O22),1)="F",INDEX($F$4:$F$56,MATCH(Paramètres!N22,Paramètres!$G$5:$G$57,0)),INDEX($E$4:$E$56,MATCH(Paramètres!N22,Paramètres!$G$5:$G$57,0))),1),IF(LEFT(TRIM(Paramètres!O22),1)="F",INDEX($F$4:$F$56,MATCH(Paramètres!N22,Paramètres!$G$5:$G$57,0)),INDEX($E$4:$E$56,MATCH(Paramètres!N22,Paramètres!$G$5:$G$57,0))))))))) | F21: =IF($H21=0,WORKDAY(E21,-1),WORKDAY(E21,$H21-1)) | H21: =Paramètres!B22
B22: =Paramètres!G23 | C22: =IF(Paramètres!H23="","",Paramètres!H23) | D22: =IF(Paramètres!I23="","",Paramètres!I23) | E22: =IF(Paramètres!J23&Paramètres!L23&Paramètres!N23="",WORKDAY($A$6-1,1),MAX(IF(Paramètres!J23="",0,IF(Paramètres!K23="",NA(),IF(RIGHT(TRIM(Paramètres!K23),3)="Fin",WORKDAY(IF(LEFT(TRIM(Paramètres!K23),1)="F",INDEX($F$4:$F$56,MATCH(Paramètres!J23,Paramètres!$G$5:$G$57,0)),INDEX($E$4:$E$56,MATCH(Paramètres!J23,Paramètres!$G$5:$G$57,0))),1-$H22),IF(LEFT(TRIM(Paramètres!K23),1)="F",WORKDAY(IF(LEFT(TRIM(Paramètres!K23),1)="F",INDEX($F$4:$F$56,MATCH(Paramètres!J23,Paramètres!$G$5:$G$57,0)),INDEX($E$4:$E$56,MATCH(Paramètres!J23,Paramètres!$G$5:$G$57,0))),1),IF(LEFT(TRIM(Paramètres!K23),1)="F",INDEX($F$4:$F$56,MATCH(Paramètres!J23,Paramètres!$G$5:$G$57,0)),INDEX($E$4:$E$56,MATCH(Paramètres!J23,Paramètres!$G$5:$G$57,0))))))),IF(Paramètres!L23="",0,IF(Paramètres!M23="",NA(),IF(RIGHT(TRIM(Paramètres!M23),3)="Fin",WORKDAY(IF(LEFT(TRIM(Paramètres!M23),1)="F",INDEX($F$4:$F$56,MATCH(Paramètres!L23,Paramètres!$G$5:$G$57,0)),INDEX($E$4:$E$56,MATCH(Paramètres!L23,Paramètres!$G$5:$G$57,0))),1-$H22),IF(LEFT(TRIM(Paramètres!M23),1)="F",WORKDAY(IF(LEFT(TRIM(Paramètres!M23),1)="F",INDEX($F$4:$F$56,MATCH(Paramètres!L23,Paramètres!$G$5:$G$57,0)),INDEX($E$4:$E$56,MATCH(Paramètres!L23,Paramètres!$G$5:$G$57,0))),1),IF(LEFT(TRIM(Paramètres!M23),1)="F",INDEX($F$4:$F$56,MATCH(Paramètres!L23,Paramètres!$G$5:$G$57,0)),INDEX($E$4:$E$56,MATCH(Paramètres!L23,Paramètres!$G$5:$G$57,0))))))),IF(Paramètres!N23="",0,IF(Paramètres!O23="",NA(),IF(RIGHT(TRIM(Paramètres!O23),3)="Fin",WORKDAY(IF(LEFT(TRIM(Paramètres!O23),1)="F",INDEX($F$4:$F$56,MATCH(Paramètres!N23,Paramètres!$G$5:$G$57,0)),INDEX($E$4:$E$56,MATCH(Paramètres!N23,Paramètres!$G$5:$G$57,0))),1-$H22),IF(LEFT(TRIM(Paramètres!O23),1)="F",WORKDAY(IF(LEFT(TRIM(Paramètres!O23),1)="F",INDEX($F$4:$F$56,MATCH(Paramètres!N23,Paramètres!$G$5:$G$57,0)),INDEX($E$4:$E$56,MATCH(Paramètres!N23,Paramètres!$G$5:$G$57,0))),1),IF(LEFT(TRIM(Paramètres!O23),1)="F",INDEX($F$4:$F$56,MATCH(Paramètres!N23,Paramètres!$G$5:$G$57,0)),INDEX($E$4:$E$56,MATCH(Paramètres!N23,Paramètres!$G$5:$G$57,0))))))))) | F22: =IF($H22=0,WORKDAY(E22,-1),WORKDAY(E22,$H22-1)) | H22: =Paramètres!B23
B23: =Paramètres!G24 | C23: =IF(Paramètres!H24="","",Paramètres!H24) | D23: =IF(Paramètres!I24="","",Paramètres!I24) | E23: =IF(Paramètres!J24&Paramètres!L24&Paramètres!N24="",WORKDAY($A$6-1,1),MAX(IF(Paramètres!J24="",0,IF(Paramètres!K24="",NA(),IF(RIGHT(TRIM(Paramètres!K24),3)="Fin",WORKDAY(IF(LEFT(TRIM(Paramètres!K24),1)="F",INDEX($F$4:$F$56,MATCH(Paramètres!J24,Paramètres!$G$5:$G$57,0)),INDEX($E$4:$E$56,MATCH(Paramètres!J24,Paramètres!$G$5:$G$57,0))),1-$H23),IF(LEFT(TRIM(Paramètres!K24),1)="F",WORKDAY(IF(LEFT(TRIM(Paramètres!K24),1)="F",INDEX($F$4:$F$56,MATCH(Paramètres!J24,Paramètres!$G$5:$G$57,0)),INDEX($E$4:$E$56,MATCH(Paramètres!J24,Paramètres!$G$5:$G$57,0))),1),IF(LEFT(TRIM(Paramètres!K24),1)="F",INDEX($F$4:$F$56,MATCH(Paramètres!J24,Paramètres!$G$5:$G$57,0)),INDEX($E$4:$E$56,MATCH(Paramètres!J24,Paramètres!$G$5:$G$57,0))))))),IF(Paramètres!L24="",0,IF(Paramètres!M24="",NA(),IF(RIGHT(TRIM(Paramètres!M24),3)="Fin",WORKDAY(IF(LEFT(TRIM(Paramètres!M24),1)="F",INDEX($F$4:$F$56,MATCH(Paramètres!L24,Paramètres!$G$5:$G$57,0)),INDEX($E$4:$E$56,MATCH(Paramètres!L24,Paramètres!$G$5:$G$57,0))),1-$H23),IF(LEFT(TRIM(Paramètres!M24),1)="F",WORKDAY(IF(LEFT(TRIM(Paramètres!M24),1)="F",INDEX($F$4:$F$56,MATCH(Paramètres!L24,Paramètres!$G$5:$G$57,0)),INDEX($E$4:$E$56,MATCH(Paramètres!L24,Paramètres!$G$5:$G$57,0))),1),IF(LEFT(TRIM(Paramètres!M24),1)="F",INDEX($F$4:$F$56,MATCH(Paramètres!L24,Paramètres!$G$5:$G$57,0)),INDEX($E$4:$E$56,MATCH(Paramètres!L24,Paramètres!$G$5:$G$57,0))))))),IF(Paramètres!N24="",0,IF(Paramètres!O24="",NA(),IF(RIGHT(TRIM(Paramètres!O24),3)="Fin",WORKDAY(IF(LEFT(TRIM(Paramètres!O24),1)="F",INDEX($F$4:$F$56,MATCH(Paramètres!N24,Paramètres!$G$5:$G$57,0)),INDEX($E$4:$E$56,MATCH(Paramètres!N24,Paramètres!$G$5:$G$57,0))),1-$H23),IF(LEFT(TRIM(Paramètres!O24),1)="F",WORKDAY(IF(LEFT(TRIM(Paramètres!O24),1)="F",INDEX($F$4:$F$56,MATCH(Paramètres!N24,Paramètres!$G$5:$G$57,0)),INDEX($E$4:$E$56,MATCH(Paramètres!N24,Paramètres!$G$5:$G$57,0))),1),IF(LEFT(TRIM(Paramètres!O24),1)="F",INDEX($F$4:$F$56,MATCH(Paramètres!N24,Paramètres!$G$5:$G$57,0)),INDEX($E$4:$E$56,MATCH(Paramètres!N24,Paramètres!$G$5:$G$57,0))))))))) | F23: =IF($H23=0,WORKDAY(E23,-1),WORKDAY(E23,$H23-1)) | H23: =Paramètres!B24
B24: =Paramètres!G25 | C24: =IF(Paramètres!H25="","",Paramètres!H25) | D24: =IF(Paramètres!I25="","",Paramètres!I25) | E24: =IF(Paramètres!J25&Paramètres!L25&Paramètres!N25="",WORKDAY($A$6-1,1),MAX(IF(Paramètres!J25="",0,IF(Paramètres!K25="",NA(),IF(RIGHT(TRIM(Paramètres!K25),3)="Fin",WORKDAY(IF(LEFT(TRIM(Paramètres!K25),1)="F",INDEX($F$4:$F$56,MATCH(Paramètres!J25,Paramètres!$G$5:$G$57,0)),INDEX($E$4:$E$56,MATCH(Paramètres!J25,Paramètres!$G$5:$G$57,0))),1-$H24),IF(LEFT(TRIM(Paramètres!K25),1)="F",WORKDAY(IF(LEFT(TRIM(Paramètres!K25),1)="F",INDEX($F$4:$F$56,MATCH(Paramètres!J25,Paramètres!$G$5:$G$57,0)),INDEX($E$4:$E$56,MATCH(Paramètres!J25,Paramètres!$G$5:$G$57,0))),1),IF(LEFT(TRIM(Paramètres!K25),1)="F",INDEX($F$4:$F$56,MATCH(Paramètres!J25,Paramètres!$G$5:$G$57,0)),INDEX($E$4:$E$56,MATCH(Paramètres!J25,Paramètres!$G$5:$G$57,0))))))),IF(Paramètres!L25="",0,IF(Paramètres!M25="",NA(),IF(RIGHT(TRIM(Paramètres!M25),3)="Fin",WORKDAY(IF(LEFT(TRIM(Paramètres!M25),1)="F",INDEX($F$4:$F$56,MATCH(Paramètres!L25,Paramètres!$G$5:$G$57,0)),INDEX($E$4:$E$56,MATCH(Paramètres!L25,Paramètres!$G$5:$G$57,0))),1-$H24),IF(LEFT(TRIM(Paramètres!M25),1)="F",WORKDAY(IF(LEFT(TRIM(Paramètres!M25),1)="F",INDEX($F$4:$F$56,MATCH(Paramètres!L25,Paramètres!$G$5:$G$57,0)),INDEX($E$4:$E$56,MATCH(Paramètres!L25,Paramètres!$G$5:$G$57,0))),1),IF(LEFT(TRIM(Paramètres!M25),1)="F",INDEX($F$4:$F$56,MATCH(Paramètres!L25,Paramètres!$G$5:$G$57,0)),INDEX($E$4:$E$56,MATCH(Paramètres!L25,Paramètres!$G$5:$G$57,0))))))),IF(Paramètres!N25="",0,IF(Paramètres!O25="",NA(),IF(RIGHT(TRIM(Paramètres!O25),3)="Fin",WORKDAY(IF(LEFT(TRIM(Paramètres!O25),1)="F",INDEX($F$4:$F$56,MATCH(Paramètres!N25,Paramètres!$G$5:$G$57,0)),INDEX($E$4:$E$56,MATCH(Paramètres!N25,Paramètres!$G$5:$G$57,0))),1-$H24),IF(LEFT(TRIM(Paramètres!O25),1)="F",WORKDAY(IF(LEFT(TRIM(Paramètres!O25),1)="F",INDEX($F$4:$F$56,MATCH(Paramètres!N25,Paramètres!$G$5:$G$57,0)),INDEX($E$4:$E$56,MATCH(Paramètres!N25,Paramètres!$G$5:$G$57,0))),1),IF(LEFT(TRIM(Paramètres!O25),1)="F",INDEX($F$4:$F$56,MATCH(Paramètres!N25,Paramètres!$G$5:$G$57,0)),INDEX($E$4:$E$56,MATCH(Paramètres!N25,Paramètres!$G$5:$G$57,0))))))))) | F24: =IF($H24=0,WORKDAY(E24,-1),WORKDAY(E24,$H24-1)) | H24: =Paramètres!B25
B25: =Paramètres!G26 | C25: =IF(Paramètres!H26="","",Paramètres!H26) | D25: =IF(Paramètres!I26="","",Paramètres!I26) | E25: =IF(Paramètres!J26&Paramètres!L26&Paramètres!N26="",WORKDAY($A$6-1,1),MAX(IF(Paramètres!J26="",0,IF(Paramètres!K26="",NA(),IF(RIGHT(TRIM(Paramètres!K26),3)="Fin",WORKDAY(IF(LEFT(TRIM(Paramètres!K26),1)="F",INDEX($F$4:$F$56,MATCH(Paramètres!J26,Paramètres!$G$5:$G$57,0)),INDEX($E$4:$E$56,MATCH(Paramètres!J26,Paramètres!$G$5:$G$57,0))),1-$H25),IF(LEFT(TRIM(Paramètres!K26),1)="F",WORKDAY(IF(LEFT(TRIM(Paramètres!K26),1)="F",INDEX($F$4:$F$56,MATCH(Paramètres!J26,Paramètres!$G$5:$G$57,0)),INDEX($E$4:$E$56,MATCH(Paramètres!J26,Paramètres!$G$5:$G$57,0))),1),IF(LEFT(TRIM(Paramètres!K26),1)="F",INDEX($F$4:$F$56,MATCH(Paramètres!J26,Paramètres!$G$5:$G$57,0)),INDEX($E$4:$E$56,MATCH(Paramètres!J26,Paramètres!$G$5:$G$57,0))))))),IF(Paramètres!L26="",0,IF(Paramètres!M26="",NA(),IF(RIGHT(TRIM(Paramètres!M26),3)="Fin",WORKDAY(IF(LEFT(TRIM(Paramètres!M26),1)="F",INDEX($F$4:$F$56,MATCH(Paramètres!L26,Paramètres!$G$5:$G$57,0)),INDEX($E$4:$E$56,MATCH(Paramètres!L26,Paramètres!$G$5:$G$57,0))),1-$H25),IF(LEFT(TRIM(Paramètres!M26),1)="F",WORKDAY(IF(LEFT(TRIM(Paramètres!M26),1)="F",INDEX($F$4:$F$56,MATCH(Paramètres!L26,Paramètres!$G$5:$G$57,0)),INDEX($E$4:$E$56,MATCH(Paramètres!L26,Paramètres!$G$5:$G$57,0))),1),IF(LEFT(TRIM(Paramètres!M26),1)="F",INDEX($F$4:$F$56,MATCH(Paramètres!L26,Paramètres!$G$5:$G$57,0)),INDEX($E$4:$E$56,MATCH(Paramètres!L26,Paramètres!$G$5:$G$57,0))))))),IF(Paramètres!N26="",0,IF(Paramètres!O26="",NA(),IF(RIGHT(TRIM(Paramètres!O26),3)="Fin",WORKDAY(IF(LEFT(TRIM(Paramètres!O26),1)="F",INDEX($F$4:$F$56,MATCH(Paramètres!N26,Paramètres!$G$5:$G$57,0)),INDEX($E$4:$E$56,MATCH(Paramètres!N26,Paramètres!$G$5:$G$57,0))),1-$H25),IF(LEFT(TRIM(Paramètres!O26),1)="F",WORKDAY(IF(LEFT(TRIM(Paramètres!O26),1)="F",INDEX($F$4:$F$56,MATCH(Paramètres!N26,Paramètres!$G$5:$G$57,0)),INDEX($E$4:$E$56,MATCH(Paramètres!N26,Paramètres!$G$5:$G$57,0))),1),IF(LEFT(TRIM(Paramètres!O26),1)="F",INDEX($F$4:$F$56,MATCH(Paramètres!N26,Paramètres!$G$5:$G$57,0)),INDEX($E$4:$E$56,MATCH(Paramètres!N26,Paramètres!$G$5:$G$57,0))))))))) | F25: =IF($H25=0,WORKDAY(E25,-1),WORKDAY(E25,$H25-1)) | H25: =Paramètres!B26
B26: =Paramètres!G27 | C26: =IF(Paramètres!H27="","",Paramètres!H27) | D26: =IF(Paramètres!I27="","",Paramètres!I27) | E26: =IF(Paramètres!J27&Paramètres!L27&Paramètres!N27="",WORKDAY($A$6-1,1),MAX(IF(Paramètres!J27="",0,IF(Paramètres!K27="",NA(),IF(RIGHT(TRIM(Paramètres!K27),3)="Fin",WORKDAY(IF(LEFT(TRIM(Paramètres!K27),1)="F",INDEX($F$4:$F$56,MATCH(Paramètres!J27,Paramètres!$G$5:$G$57,0)),INDEX($E$4:$E$56,MATCH(Paramètres!J27,Paramètres!$G$5:$G$57,0))),1-$H26),IF(LEFT(TRIM(Paramètres!K27),1)="F",WORKDAY(IF(LEFT(TRIM(Paramètres!K27),1)="F",INDEX($F$4:$F$56,MATCH(Paramètres!J27,Paramètres!$G$5:$G$57,0)),INDEX($E$4:$E$56,MATCH(Paramètres!J27,Paramètres!$G$5:$G$57,0))),1),IF(LEFT(TRIM(Paramètres!K27),1)="F",INDEX($F$4:$F$56,MATCH(Paramètres!J27,Paramètres!$G$5:$G$57,0)),INDEX($E$4:$E$56,MATCH(Paramètres!J27,Paramètres!$G$5:$G$57,0))))))),IF(Paramètres!L27="",0,IF(Paramètres!M27="",NA(),IF(RIGHT(TRIM(Paramètres!M27),3)="Fin",WORKDAY(IF(LEFT(TRIM(Paramètres!M27),1)="F",INDEX($F$4:$F$56,MATCH(Paramètres!L27,Paramètres!$G$5:$G$57,0)),INDEX($E$4:$E$56,MATCH(Paramètres!L27,Paramètres!$G$5:$G$57,0))),1-$H26),IF(LEFT(TRIM(Paramètres!M27),1)="F",WORKDAY(IF(LEFT(TRIM(Paramètres!M27),1)="F",INDEX($F$4:$F$56,MATCH(Paramètres!L27,Paramètres!$G$5:$G$57,0)),INDEX($E$4:$E$56,MATCH(Paramètres!L27,Paramètres!$G$5:$G$57,0))),1),IF(LEFT(TRIM(Paramètres!M27),1)="F",INDEX($F$4:$F$56,MATCH(Paramètres!L27,Paramètres!$G$5:$G$57,0)),INDEX($E$4:$E$56,MATCH(Paramètres!L27,Paramètres!$G$5:$G$57,0))))))),IF(Paramètres!N27="",0,IF(Paramètres!O27="",NA(),IF(RIGHT(TRIM(Paramètres!O27),3)="Fin",WORKDAY(IF(LEFT(TRIM(Paramètres!O27),1)="F",INDEX($F$4:$F$56,MATCH(Paramètres!N27,Paramètres!$G$5:$G$57,0)),INDEX($E$4:$E$56,MATCH(Paramètres!N27,Paramètres!$G$5:$G$57,0))),1-$H26),IF(LEFT(TRIM(Paramètres!O27),1)="F",WORKDAY(IF(LEFT(TRIM(Paramètres!O27),1)="F",INDEX($F$4:$F$56,MATCH(Paramètres!N27,Paramètres!$G$5:$G$57,0)),INDEX($E$4:$E$56,MATCH(Paramètres!N27,Paramètres!$G$5:$G$57,0))),1),IF(LEFT(TRIM(Paramètres!O27),1)="F",INDEX($F$4:$F$56,MATCH(Paramètres!N27,Paramètres!$G$5:$G$57,0)),INDEX($E$4:$E$56,MATCH(Paramètres!N27,Paramètres!$G$5:$G$57,0))))))))) | F26: =IF($H26=0,WORKDAY(E26,-1),WORKDAY(E26,$H26-1)) | H26: =Paramètres!B27
... B30: =Paramètres!G31 | C30: =IF(Paramètres!H31="","",Paramètres!H31) | D30: =IF(Paramètres!I31="","",Paramètres!I31) | E30: =IF(Paramètres!J31&Paramètres!L31&Paramètres!N31="",WORKDAY($A$6-1,1),MAX(IF(Paramètres!J31="",0,IF(Paramètres!K31="",NA(),IF(RIGHT(TRIM(Paramètres!K31),3)="Fin",WORKDAY(IF(LEFT(TRIM(Paramètres!K31),1)="F",INDEX($F$4:$F$56,MATCH(Paramètres!J31,Paramètres!$G$5:$G$57,0)),INDEX($E$4:$E$56,MATCH(Paramètres!J31,Paramètres!$G$5:$G$57,0))),1-$H30),IF(LEFT(TRIM(Paramètres!K31),1)="F",WORKDAY(IF(LEFT(TRIM(Paramètres!K31),1)="F",INDEX($F$4:$F$56,MATCH(Paramètres!J31,Paramètres!$G$5:$G$57,0)),INDEX($E$4:$E$56,MATCH(Paramètres!J31,Paramètres!$G$5:$G$57,0))),1),IF(LEFT(TRIM(Paramètres!K31),1)="F",INDEX($F$4:$F$56,MATCH(Paramètres!J31,Paramètres!$G$5:$G$57,0)),INDEX($E$4:$E$56,MATCH(Paramètres!J31,Paramètres!$G$5:$G$57,0))))))),IF(Paramètres!L31="",0,IF(Paramètres!M31="",NA(),IF(RIGHT(TRIM(Paramètres!M31),3)="Fin",WORKDAY(IF(LEFT(TRIM(Paramètres!M31),1)="F",INDEX($F$4:$F$56,MATCH(Paramètres!L31,Paramètres!$G$5:$G$57,0)),INDEX($E$4:$E$56,MATCH(Paramètres!L31,Paramètres!$G$5:$G$57,0))),1-$H30),IF(LEFT(TRIM(Paramètres!M31),1)="F",WORKDAY(IF(LEFT(TRIM(Paramètres!M31),1)="F",INDEX($F$4:$F$56,MATCH(Paramètres!L31,Paramètres!$G$5:$G$57,0)),INDEX($E$4:$E$56,MATCH(Paramètres!L31,Paramètres!$G$5:$G$57,0))),1),IF(LEFT(TRIM(Paramètres!M31),1)="F",INDEX($F$4:$F$56,MATCH(Paramètres!L31,Paramètres!$G$5:$G$57,0)),INDEX($E$4:$E$56,MATCH(Paramètres!L31,Paramètres!$G$5:$G$57,0))))))),IF(Paramètres!N31="",0,IF(Paramètres!O31="",NA(),IF(RIGHT(TRIM(Paramètres!O31),3)="Fin",WORKDAY(IF(LEFT(TRIM(Paramètres!O31),1)="F",INDEX($F$4:$F$56,MATCH(Paramètres!N31,Paramètres!$G$5:$G$57,0)),INDEX($E$4:$E$56,MATCH(Paramètres!N31,Paramètres!$G$5:$G$57,0))),1-$H30),IF(LEFT(TRIM(Paramètres!O31),1)="F",WORKDAY(IF(LEFT(TRIM(Paramètres!O31),1)="F",INDEX($F$4:$F$56,MATCH(Paramètres!N31,Paramètres!$G$5:$G$57,0)),INDEX($E$4:$E$56,MATCH(Paramètres!N31,Paramètres!$G$5:$G$57,0))),1),IF(LEFT(TRIM(Paramètres!O31),1)="F",INDEX($F$4:$F$56,MATCH(Paramètres!N31,Paramètres!$G$5:$G$57,0)),INDEX($E$4:$E$56,MATCH(Paramètres!N31,Paramètres!$G$5:$G$57,0))))))))) | F30: =IF($H30=0,WORKDAY(E30,-1),WORKDAY(E30,$H30-1)) | H30: =Paramètres!B31
B31: =Paramètres!G32 | C31: =IF(Paramètres!H32="","",Paramètres!H32) | D31: =IF(Paramètres!I32="","",Paramètres!I32) | E31: =MIN(E32:E35) | F31: =MAX(F32:F35) | H31: =NETWORKDAYS(E31,F31)
B32: =Paramètres!G33 | C32: =IF(Paramètres!H33="","",Paramètres!H33) | D32: =IF(Paramètres!I33="","",Paramètres!I33) | E32: =IF(Paramètres!J33&Paramètres!L33&Paramètres!N33="",WORKDAY($A$6-1,1),MAX(IF(Paramètres!J33="",0,IF(Paramètres!K33="",NA(),IF(RIGHT(TRIM(Paramètres!K33),3)="Fin",WORKDAY(IF(LEFT(TRIM(Paramètres!K33),1)="F",INDEX($F$4:$F$56,MATCH(Paramètres!J33,Paramètres!$G$5:$G$57,0)),INDEX($E$4:$E$56,MATCH(Paramètres!J33,Paramètres!$G$5:$G$57,0))),1-$H32),IF(LEFT(TRIM(Paramètres!K33),1)="F",WORKDAY(IF(LEFT(TRIM(Paramètres!K33),1)="F",INDEX($F$4:$F$56,MATCH(Paramètres!J33,Paramètres!$G$5:$G$57,0)),INDEX($E$4:$E$56,MATCH(Paramètres!J33,Paramètres!$G$5:$G$57,0))),1),IF(LEFT(TRIM(Paramètres!K33),1)="F",INDEX($F$4:$F$56,MATCH(Paramètres!J33,Paramètres!$G$5:$G$57,0)),INDEX($E$4:$E$56,MATCH(Paramètres!J33,Paramètres!$G$5:$G$57,0))))))),IF(Paramètres!L33="",0,IF(Paramètres!M33="",NA(),IF(RIGHT(TRIM(Paramètres!M33),3)="Fin",WORKDAY(IF(LEFT(TRIM(Paramètres!M33),1)="F",INDEX($F$4:$F$56,MATCH(Paramètres!L33,Paramètres!$G$5:$G$57,0)),INDEX($E$4:$E$56,MATCH(Paramètres!L33,Paramètres!$G$5:$G$57,0))),1-$H32),IF(LEFT(TRIM(Paramètres!M33),1)="F",WORKDAY(IF(LEFT(TRIM(Paramètres!M33),1)="F",INDEX($F$4:$F$56,MATCH(Paramètres!L33,Paramètres!$G$5:$G$57,0)),INDEX($E$4:$E$56,MATCH(Paramètres!L33,Paramètres!$G$5:$G$57,0))),1),IF(LEFT(TRIM(Paramètres!M33),1)="F",INDEX($F$4:$F$56,MATCH(Paramètres!L33,Paramètres!$G$5:$G$57,0)),INDEX($E$4:$E$56,MATCH(Paramètres!L33,Paramètres!$G$5:$G$57,0))))))),IF(Paramètres!N33="",0,IF(Paramètres!O33="",NA(),IF(RIGHT(TRIM(Paramètres!O33),3)="Fin",WORKDAY(IF(LEFT(TRIM(Paramètres!O33),1)="F",INDEX($F$4:$F$56,MATCH(Paramètres!N33,Paramètres!$G$5:$G$57,0)),INDEX($E$4:$E$56,MATCH(Paramètres!N33,Paramètres!$G$5:$G$57,0))),1-$H32),IF(LEFT(TRIM(Paramètres!O33),1)="F",WORKDAY(IF(LEFT(TRIM(Paramètres!O33),1)="F",INDEX($F$4:$F$56,MATCH(Paramètres!N33,Paramètres!$G$5:$G$57,0)),INDEX($E$4:$E$56,MATCH(Paramètres!N33,Paramètres!$G$5:$G$57,0))),1),IF(LEFT(TRIM(Paramètres!O33),1)="F",INDEX($F$4:$F$56,MATCH(Paramètres!N33,Paramètres!$G$5:$G$57,0)),INDEX($E$4:$E$56,MATCH(Paramètres!N33,Paramètres!$G$5:$G$57,0))))))))) | F32: =IF($H32=0,WORKDAY(E32,-1),WORKDAY(E32,$H32-1)) | H32: =Paramètres!B33
B33: =Paramètres!G34 | C33: =IF(Paramètres!H34="","",Paramètres!H34) | D33: =IF(Paramètres!I34="","",Paramètres!I34) | E33: =IF(Paramètres!J34&Paramètres!L34&Paramètres!N34="",WORKDAY($A$6-1,1),MAX(IF(Paramètres!J34="",0,IF(Paramètres!K34="",NA(),IF(RIGHT(TRIM(Paramètres!K34),3)="Fin",WORKDAY(IF(LEFT(TRIM(Paramètres!K34),1)="F",INDEX($F$4:$F$56,MATCH(Paramètres!J34,Paramètres!$G$5:$G$57,0)),INDEX($E$4:$E$56,MATCH(Paramètres!J34,Paramètres!$G$5:$G$57,0))),1-$H33),IF(LEFT(TRIM(Paramètres!K34),1)="F",WORKDAY(IF(LEFT(TRIM(Paramètres!K34),1)="F",INDEX($F$4:$F$56,MATCH(Paramètres!J34,Paramètres!$G$5:$G$57,0)),INDEX($E$4:$E$56,MATCH(Paramètres!J34,Paramètres!$G$5:$G$57,0))),1),IF(LEFT(TRIM(Paramètres!K34),1)="F",INDEX($F$4:$F$56,MATCH(Paramètres!J34,Paramètres!$G$5:$G$57,0)),INDEX($E$4:$E$56,MATCH(Paramètres!J34,Paramètres!$G$5:$G$57,0))))))),IF(Paramètres!L34="",0,IF(Paramètres!M34="",NA(),IF(RIGHT(TRIM(Paramètres!M34),3)="Fin",WORKDAY(IF(LEFT(TRIM(Paramètres!M34),1)="F",INDEX($F$4:$F$56,MATCH(Paramètres!L34,Paramètres!$G$5:$G$57,0)),INDEX($E$4:$E$56,MATCH(Paramètres!L34,Paramètres!$G$5:$G$57,0))),1-$H33),IF(LEFT(TRIM(Paramètres!M34),1)="F",WORKDAY(IF(LEFT(TRIM(Paramètres!M34),1)="F",INDEX($F$4:$F$56,MATCH(Paramètres!L34,Paramètres!$G$5:$G$57,0)),INDEX($E$4:$E$56,MATCH(Paramètres!L34,Paramètres!$G$5:$G$57,0))),1),IF(LEFT(TRIM(Paramètres!M34),1)="F",INDEX($F$4:$F$56,MATCH(Paramètres!L34,Paramètres!$G$5:$G$57,0)),INDEX($E$4:$E$56,MATCH(Paramètres!L34,Paramètres!$G$5:$G$57,0))))))),IF(Paramètres!N34="",0,IF(Paramètres!O34="",NA(),IF(RIGHT(TRIM(Paramètres!O34),3)="Fin",WORKDAY(IF(LEFT(TRIM(Paramètres!O34),1)="F",INDEX($F$4:$F$56,MATCH(Paramètres!N34,Paramètres!$G$5:$G$57,0)),INDEX($E$4:$E$56,MATCH(Paramètres!N34,Paramètres!$G$5:$G$57,0))),1-$H33),IF(LEFT(TRIM(Paramètres!O34),1)="F",WORKDAY(IF(LEFT(TRIM(Paramètres!O34),1)="F",INDEX($F$4:$F$56,MATCH(Paramètres!N34,Paramètres!$G$5:$G$57,0)),INDEX($E$4:$E$56,MATCH(Paramètres!N34,Paramètres!$G$5:$G$57,0))),1),IF(LEFT(TRIM(Paramètres!O34),1)="F",INDEX($F$4:$F$56,MATCH(Paramètres!N34,Paramètres!$G$5:$G$57,0)),INDEX($E$4:$E$56,MATCH(Paramètres!N34,Paramètres!$G$5:$G$57,0))))))))) | F33: =IF($H33=0,WORKDAY(E33,-1),WORKDAY(E33,$H33-1)) | H33: =Paramètres!B34
B34: =Paramètres!G35 | C34: =IF(Paramètres!H35="","",Paramètres!H35) | D34: =IF(Paramètres!I35="","",Paramètres!I35) | E34: =IF(Paramètres!J35&Paramètres!L35&Paramètres!N35="",WORKDAY($A$6-1,1),MAX(IF(Paramètres!J35="",0,IF(Paramètres!K35="",NA(),IF(RIGHT(TRIM(Paramètres!K35),3)="Fin",WORKDAY(IF(LEFT(TRIM(Paramètres!K35),1)="F",INDEX($F$4:$F$56,MATCH(Paramètres!J35,Paramètres!$G$5:$G$57,0)),INDEX($E$4:$E$56,MATCH(Paramètres!J35,Paramètres!$G$5:$G$57,0))),1-$H34),IF(LEFT(TRIM(Paramètres!K35),1)="F",WORKDAY(IF(LEFT(TRIM(Paramètres!K35),1)="F",INDEX($F$4:$F$56,MATCH(Paramètres!J35,Paramètres!$G$5:$G$57,0)),INDEX($E$4:$E$56,MATCH(Paramètres!J35,Paramètres!$G$5:$G$57,0))),1),IF(LEFT(TRIM(Paramètres!K35),1)="F",INDEX($F$4:$F$56,MATCH(Paramètres!J35,Paramètres!$G$5:$G$57,0)),INDEX($E$4:$E$56,MATCH(Paramètres!J35,Paramètres!$G$5:$G$57,0))))))),IF(Paramètres!L35="",0,IF(Paramètres!M35="",NA(),IF(RIGHT(TRIM(Paramètres!M35),3)="Fin",WORKDAY(IF(LEFT(TRIM(Paramètres!M35),1)="F",INDEX($F$4:$F$56,MATCH(Paramètres!L35,Paramètres!$G$5:$G$57,0)),INDEX($E$4:$E$56,MATCH(Paramètres!L35,Paramètres!$G$5:$G$57,0))),1-$H34),IF(LEFT(TRIM(Paramètres!M35),1)="F",WORKDAY(IF(LEFT(TRIM(Paramètres!M35),1)="F",INDEX($F$4:$F$56,MATCH(Paramètres!L35,Paramètres!$G$5:$G$57,0)),INDEX($E$4:$E$56,MATCH(Paramètres!L35,Paramètres!$G$5:$G$57,0))),1),IF(LEFT(TRIM(Paramètres!M35),1)="F",INDEX($F$4:$F$56,MATCH(Paramètres!L35,Paramètres!$G$5:$G$57,0)),INDEX($E$4:$E$56,MATCH(Paramètres!L35,Paramètres!$G$5:$G$57,0))))))),IF(Paramètres!N35="",0,IF(Paramètres!O35="",NA(),IF(RIGHT(TRIM(Paramètres!O35),3)="Fin",WORKDAY(IF(LEFT(TRIM(Paramètres!O35),1)="F",INDEX($F$4:$F$56,MATCH(Paramètres!N35,Paramètres!$G$5:$G$57,0)),INDEX($E$4:$E$56,MATCH(Paramètres!N35,Paramètres!$G$5:$G$57,0))),1-$H34),IF(LEFT(TRIM(Paramètres!O35),1)="F",WORKDAY(IF(LEFT(TRIM(Paramètres!O35),1)="F",INDEX($F$4:$F$56,MATCH(Paramètres!N35,Paramètres!$G$5:$G$57,0)),INDEX($E$4:$E$56,MATCH(Paramètres!N35,Paramètres!$G$5:$G$57,0))),1),IF(LEFT(TRIM(Paramètres!O35),1)="F",INDEX($F$4:$F$56,MATCH(Paramètres!N35,Paramètres!$G$5:$G$57,0)),INDEX($E$4:$E$56,MATCH(Paramètres!N35,Paramètres!$G$5:$G$57,0))))))))) | F34: =IF($H34=0,WORKDAY(E34,-1),WORKDAY(E34,$H34-1)) | H34: =Paramètres!B35
B35: =Paramètres!G36 | C35: =IF(Paramètres!H36="","",Paramètres!H36) | D35: =IF(Paramètres!I36="","",Paramètres!I36) | E35: =IF(Paramètres!J36&Paramètres!L36&Paramètres!N36="",WORKDAY($A$6-1,1),MAX(IF(Paramètres!J36="",0,IF(Paramètres!K36="",NA(),IF(RIGHT(TRIM(Paramètres!K36),3)="Fin",WORKDAY(IF(LEFT(TRIM(Paramètres!K36),1)="F",INDEX($F$4:$F$56,MATCH(Paramètres!J36,Paramètres!$G$5:$G$57,0)),INDEX($E$4:$E$56,MATCH(Paramètres!J36,Paramètres!$G$5:$G$57,0))),1-$H35),IF(LEFT(TRIM(Paramètres!K36),1)="F",WORKDAY(IF(LEFT(TRIM(Paramètres!K36),1)="F",INDEX($F$4:$F$56,MATCH(Paramètres!J36,Paramètres!$G$5:$G$57,0)),INDEX($E$4:$E$56,MATCH(Paramètres!J36,Paramètres!$G$5:$G$57,0))),1),IF(LEFT(TRIM(Paramètres!K36),1)="F",INDEX($F$4:$F$56,MATCH(Paramètres!J36,Paramètres!$G$5:$G$57,0)),INDEX($E$4:$E$56,MATCH(Paramètres!J36,Paramètres!$G$5:$G$57,0))))))),IF(Paramètres!L36="",0,IF(Paramètres!M36="",NA(),IF(RIGHT(TRIM(Paramètres!M36),3)="Fin",WORKDAY(IF(LEFT(TRIM(Paramètres!M36),1)="F",INDEX($F$4:$F$56,MATCH(Paramètres!L36,Paramètres!$G$5:$G$57,0)),INDEX($E$4:$E$56,MATCH(Paramètres!L36,Paramètres!$G$5:$G$57,0))),1-$H35),IF(LEFT(TRIM(Paramètres!M36),1)="F",WORKDAY(IF(LEFT(TRIM(Paramètres!M36),1)="F",INDEX($F$4:$F$56,MATCH(Paramètres!L36,Paramètres!$G$5:$G$57,0)),INDEX($E$4:$E$56,MATCH(Paramètres!L36,Paramètres!$G$5:$G$57,0))),1),IF(LEFT(TRIM(Paramètres!M36),1)="F",INDEX($F$4:$F$56,MATCH(Paramètres!L36,Paramètres!$G$5:$G$57,0)),INDEX($E$4:$E$56,MATCH(Paramètres!L36,Paramètres!$G$5:$G$57,0))))))),IF(Paramètres!N36="",0,IF(Paramètres!O36="",NA(),IF(RIGHT(TRIM(Paramètres!O36),3)="Fin",WORKDAY(IF(LEFT(TRIM(Paramètres!O36),1)="F",INDEX($F$4:$F$56,MATCH(Paramètres!N36,Paramètres!$G$5:$G$57,0)),INDEX($E$4:$E$56,MATCH(Paramètres!N36,Paramètres!$G$5:$G$57,0))),1-$H35),IF(LEFT(TRIM(Paramètres!O36),1)="F",WORKDAY(IF(LEFT(TRIM(Paramètres!O36),1)="F",INDEX($F$4:$F$56,MATCH(Paramètres!N36,Paramètres!$G$5:$G$57,0)),INDEX($E$4:$E$56,MATCH(Paramètres!N36,Paramètres!$G$5:$G$57,0))),1),IF(LEFT(TRIM(Paramètres!O36),1)="F",INDEX($F$4:$F$56,MATCH(Paramètres!N36,Paramètres!$G$5:$G$57,0)),INDEX($E$4:$E$56,MATCH(Paramètres!N36,Paramètres!$G$5:$G$57,0))))))))) | F35: =IF($H35=0,WORKDAY(E35,-1),WORKDAY(E35,$H35-1)) | H35: =Paramètres!B36
B36: =Paramètres!G37 | C36: =IF(Paramètres!H37="","",Paramètres!H37) | D36: =IF(Paramètres!I37="","",Paramètres!I37) | E36: =MIN(E37:E54) | F36: =MAX(F37:F54) | H36: =NETWORKDAYS(E36,F36)
B37: =Paramètres!G38 | C37: =IF(Paramètres!H38="","",Paramètres!H38) | D37: =IF(Paramètres!I38="","",Paramètres!I38) | E37: =IF(Paramètres!J38&Paramètres!L38&Paramètres!N38="",WORKDAY($A$6-1,1),MAX(IF(Paramètres!J38="",0,IF(Paramètres!K38="",NA(),IF(RIGHT(TRIM(Paramètres!K38),3)="Fin",WORKDAY(IF(LEFT(TRIM(Paramètres!K38),1)="F",INDEX($F$4:$F$56,MATCH(Paramètres!J38,Paramètres!$G$5:$G$57,0)),INDEX($E$4:$E$56,MATCH(Paramètres!J38,Paramètres!$G$5:$G$57,0))),1-$H37),IF(LEFT(TRIM(Paramètres!K38),1)="F",WORKDAY(IF(LEFT(TRIM(Paramètres!K38),1)="F",INDEX($F$4:$F$56,MATCH(Paramètres!J38,Paramètres!$G$5:$G$57,0)),INDEX($E$4:$E$56,MATCH(Paramètres!J38,Paramètres!$G$5:$G$57,0))),1),IF(LEFT(TRIM(Paramètres!K38),1)="F",INDEX($F$4:$F$56,MATCH(Paramètres!J38,Paramètres!$G$5:$G$57,0)),INDEX($E$4:$E$56,MATCH(Paramètres!J38,Paramètres!$G$5:$G$57,0))))))),IF(Paramètres!L38="",0,IF(Paramètres!M38="",NA(),IF(RIGHT(TRIM(Paramètres!M38),3)="Fin",WORKDAY(IF(LEFT(TRIM(Paramètres!M38),1)="F",INDEX($F$4:$F$56,MATCH(Paramètres!L38,Paramètres!$G$5:$G$57,0)),INDEX($E$4:$E$56,MATCH(Paramètres!L38,Paramètres!$G$5:$G$57,0))),1-$H37),IF(LEFT(TRIM(Paramètres!M38),1)="F",WORKDAY(IF(LEFT(TRIM(Paramètres!M38),1)="F",INDEX($F$4:$F$56,MATCH(Paramètres!L38,Paramètres!$G$5:$G$57,0)),INDEX($E$4:$E$56,MATCH(Paramètres!L38,Paramètres!$G$5:$G$57,0))),1),IF(LEFT(TRIM(Paramètres!M38),1)="F",INDEX($F$4:$F$56,MATCH(Paramètres!L38,Paramètres!$G$5:$G$57,0)),INDEX($E$4:$E$56,MATCH(Paramètres!L38,Paramètres!$G$5:$G$57,0))))))),IF(Paramètres!N38="",0,IF(Paramètres!O38="",NA(),IF(RIGHT(TRIM(Paramètres!O38),3)="Fin",WORKDAY(IF(LEFT(TRIM(Paramètres!O38),1)="F",INDEX($F$4:$F$56,MATCH(Paramètres!N38,Paramètres!$G$5:$G$57,0)),INDEX($E$4:$E$56,MATCH(Paramètres!N38,Paramètres!$G$5:$G$57,0))),1-$H37),IF(LEFT(TRIM(Paramètres!O38),1)="F",WORKDAY(IF(LEFT(TRIM(Paramètres!O38),1)="F",INDEX($F$4:$F$56,MATCH(Paramètres!N38,Paramètres!$G$5:$G$57,0)),INDEX($E$4:$E$56,MATCH(Paramètres!N38,Paramètres!$G$5:$G$57,0))),1),IF(LEFT(TRIM(Paramètres!O38),1)="F",INDEX($F$4:$F$56,MATCH(Paramètres!N38,Paramètres!$G$5:$G$57,0)),INDEX($E$4:$E$56,MATCH(Paramètres!N38,Paramètres!$G$5:$G$57,0))))))))) | F37: =IF($H37=0,WORKDAY(E37,-1),WORKDAY(E37,$H37-1)) | H37: =Paramètres!B38
B38: =Paramètres!G39 | C38: =IF(Paramètres!H39="","",Paramètres!H39) | D38: =IF(Paramètres!I39="","",Paramètres!I39) | E38: =IF(Paramètres!J39&Paramètres!L39&Paramètres!N39="",WORKDAY($A$6-1,1),MAX(IF(Paramètres!J39="",0,IF(Paramètres!K39="",NA(),IF(RIGHT(TRIM(Paramètres!K39),3)="Fin",WORKDAY(IF(LEFT(TRIM(Paramètres!K39),1)="F",INDEX($F$4:$F$56,MATCH(Paramètres!J39,Paramètres!$G$5:$G$57,0)),INDEX($E$4:$E$56,MATCH(Paramètres!J39,Paramètres!$G$5:$G$57,0))),1-$H38),IF(LEFT(TRIM(Paramètres!K39),1)="F",WORKDAY(IF(LEFT(TRIM(Paramètres!K39),1)="F",INDEX($F$4:$F$56,MATCH(Paramètres!J39,Paramètres!$G$5:$G$57,0)),INDEX($E$4:$E$56,MATCH(Paramètres!J39,Paramètres!$G$5:$G$57,0))),1),IF(LEFT(TRIM(Paramètres!K39),1)="F",INDEX($F$4:$F$56,MATCH(Paramètres!J39,Paramètres!$G$5:$G$57,0)),INDEX($E$4:$E$56,MATCH(Paramètres!J39,Paramètres!$G$5:$G$57,0))))))),IF(Paramètres!L39="",0,IF(Paramètres!M39="",NA(),IF(RIGHT(TRIM(Paramètres!M39),3)="Fin",WORKDAY(IF(LEFT(TRIM(Paramètres!M39),1)="F",INDEX($F$4:$F$56,MATCH(Paramètres!L39,Paramètres!$G$5:$G$57,0)),INDEX($E$4:$E$56,MATCH(Paramètres!L39,Paramètres!$G$5:$G$57,0))),1-$H38),IF(LEFT(TRIM(Paramètres!M39),1)="F",WORKDAY(IF(LEFT(TRIM(Paramètres!M39),1)="F",INDEX($F$4:$F$56,MATCH(Paramètres!L39,Paramètres!$G$5:$G$57,0)),INDEX($E$4:$E$56,MATCH(Paramètres!L39,Paramètres!$G$5:$G$57,0))),1),IF(LEFT(TRIM(Paramètres!M39),1)="F",INDEX($F$4:$F$56,MATCH(Paramètres!L39,Paramètres!$G$5:$G$57,0)),INDEX($E$4:$E$56,MATCH(Paramètres!L39,Paramètres!$G$5:$G$57,0))))))),IF(Paramètres!N39="",0,IF(Paramètres!O39="",NA(),IF(RIGHT(TRIM(Paramètres!O39),3)="Fin",WORKDAY(IF(LEFT(TRIM(Paramètres!O39),1)="F",INDEX($F$4:$F$56,MATCH(Paramètres!N39,Paramètres!$G$5:$G$57,0)),INDEX($E$4:$E$56,MATCH(Paramètres!N39,Paramètres!$G$5:$G$57,0))),1-$H38),IF(LEFT(TRIM(Paramètres!O39),1)="F",WORKDAY(IF(LEFT(TRIM(Paramètres!O39),1)="F",INDEX($F$4:$F$56,MATCH(Paramètres!N39,Paramètres!$G$5:$G$57,0)),INDEX($E$4:$E$56,MATCH(Paramètres!N39,Paramètres!$G$5:$G$57,0))),1),IF(LEFT(TRIM(Paramètres!O39),1)="F",INDEX($F$4:$F$56,MATCH(Paramètres!N39,Paramètres!$G$5:$G$57,0)),INDEX($E$4:$E$56,MATCH(Paramètres!N39,Paramètres!$G$5:$G$57,0))))))))) | F38: =IF($H38=0,WORKDAY(E38,-1),WORKDAY(E38,$H38-1)) | H38: =Paramètres!B39
B39: =Paramètres!G40 | C39: =IF(Paramètres!H40="","",Paramètres!H40) | D39: =IF(Paramètres!I40="","",Paramètres!I40) | E39: =IF(Paramètres!J40&Paramètres!L40&Paramètres!N40="",WORKDAY($A$6-1,1),MAX(IF(Paramètres!J40="",0,IF(Paramètres!K40="",NA(),IF(RIGHT(TRIM(Paramètres!K40),3)="Fin",WORKDAY(IF(LEFT(TRIM(Paramètres!K40),1)="F",INDEX($F$4:$F$56,MATCH(Paramètres!J40,Paramètres!$G$5:$G$57,0)),INDEX($E$4:$E$56,MATCH(Paramètres!J40,Paramètres!$G$5:$G$57,0))),1-$H39),IF(LEFT(TRIM(Paramètres!K40),1)="F",WORKDAY(IF(LEFT(TRIM(Paramètres!K40),1)="F",INDEX($F$4:$F$56,MATCH(Paramètres!J40,Paramètres!$G$5:$G$57,0)),INDEX($E$4:$E$56,MATCH(Paramètres!J40,Paramètres!$G$5:$G$57,0))),1),IF(LEFT(TRIM(Paramètres!K40),1)="F",INDEX($F$4:$F$56,MATCH(Paramètres!J40,Paramètres!$G$5:$G$57,0)),INDEX($E$4:$E$56,MATCH(Paramètres!J40,Paramètres!$G$5:$G$57,0))))))),IF(Paramètres!L40="",0,IF(Paramètres!M40="",NA(),IF(RIGHT(TRIM(Paramètres!M40),3)="Fin",WORKDAY(IF(LEFT(TRIM(Paramètres!M40),1)="F",INDEX($F$4:$F$56,MATCH(Paramètres!L40,Paramètres!$G$5:$G$57,0)),INDEX($E$4:$E$56,MATCH(Paramètres!L40,Paramètres!$G$5:$G$57,0))),1-$H39),IF(LEFT(TRIM(Paramètres!M40),1)="F",WORKDAY(IF(LEFT(TRIM(Paramètres!M40),1)="F",INDEX($F$4:$F$56,MATCH(Paramètres!L40,Paramètres!$G$5:$G$57,0)),INDEX($E$4:$E$56,MATCH(Paramètres!L40,Paramètres!$G$5:$G$57,0))),1),IF(LEFT(TRIM(Paramètres!M40),1)="F",INDEX($F$4:$F$56,MATCH(Paramètres!L40,Paramètres!$G$5:$G$57,0)),INDEX($E$4:$E$56,MATCH(Paramètres!L40,Paramètres!$G$5:$G$57,0))))))),IF(Paramètres!N40="",0,IF(Paramètres!O40="",NA(),IF(RIGHT(TRIM(Paramètres!O40),3)="Fin",WORKDAY(IF(LEFT(TRIM(Paramètres!O40),1)="F",INDEX($F$4:$F$56,MATCH(Paramètres!N40,Paramètres!$G$5:$G$57,0)),INDEX($E$4:$E$56,MATCH(Paramètres!N40,Paramètres!$G$5:$G$57,0))),1-$H39),IF(LEFT(TRIM(Paramètres!O40),1)="F",WORKDAY(IF(LEFT(TRIM(Paramètres!O40),1)="F",INDEX($F$4:$F$56,MATCH(Paramètres!N40,Paramètres!$G$5:$G$57,0)),INDEX($E$4:$E$56,MATCH(Paramètres!N40,Paramètres!$G$5:$G$57,0))),1),IF(LEFT(TRIM(Paramètres!O40),1)="F",INDEX($F$4:$F$56,MATCH(Paramètres!N40,Paramètres!$G$5:$G$57,0)),INDEX($E$4:$E$56,MATCH(Paramètres!N40,Paramètres!$G$5:$G$57,0))))))))) | F39: =IF($H39=0,WORKDAY(E39,-1),WORKDAY(E39,$H39-1)) | H39: =Paramètres!B40
B40: =Paramètres!G41 | C40: =IF(Paramètres!H41="","",Paramètres!H41) | D40: =IF(Paramètres!I41="","",Paramètres!I41) | E40: =IF(Paramètres!J41&Paramètres!L41&Paramètres!N41="",WORKDAY($A$6-1,1),MAX(IF(Paramètres!J41="",0,IF(Paramètres!K41="",NA(),IF(RIGHT(TRIM(Paramètres!K41),3)="Fin",WORKDAY(IF(LEFT(TRIM(Paramètres!K41),1)="F",INDEX($F$4:$F$56,MATCH(Paramètres!J41,Paramètres!$G$5:$G$57,0)),INDEX($E$4:$E$56,MATCH(Paramètres!J41,Paramètres!$G$5:$G$57,0))),1-$H40),IF(LEFT(TRIM(Paramètres!K41),1)="F",WORKDAY(IF(LEFT(TRIM(Paramètres!K41),1)="F",INDEX($F$4:$F$56,MATCH(Paramètres!J41,Paramètres!$G$5:$G$57,0)),INDEX($E$4:$E$56,MATCH(Paramètres!J41,Paramètres!$G$5:$G$57,0))),1),IF(LEFT(TRIM(Paramètres!K41),1)="F",INDEX($F$4:$F$56,MATCH(Paramètres!J41,Paramètres!$G$5:$G$57,0)),INDEX($E$4:$E$56,MATCH(Paramètres!J41,Paramètres!$G$5:$G$57,0))))))),IF(Paramètres!L41="",0,IF(Paramètres!M41="",NA(),IF(RIGHT(TRIM(Paramètres!M41),3)="Fin",WORKDAY(IF(LEFT(TRIM(Paramètres!M41),1)="F",INDEX($F$4:$F$56,MATCH(Paramètres!L41,Paramètres!$G$5:$G$57,0)),INDEX($E$4:$E$56,MATCH(Paramètres!L41,Paramètres!$G$5:$G$57,0))),1-$H40),IF(LEFT(TRIM(Paramètres!M41),1)="F",WORKDAY(IF(LEFT(TRIM(Paramètres!M41),1)="F",INDEX($F$4:$F$56,MATCH(Paramètres!L41,Paramètres!$G$5:$G$57,0)),INDEX($E$4:$E$56,MATCH(Paramètres!L41,Paramètres!$G$5:$G$57,0))),1),IF(LEFT(TRIM(Paramètres!M41),1)="F",INDEX($F$4:$F$56,MATCH(Paramètres!L41,Paramètres!$G$5:$G$57,0)),INDEX($E$4:$E$56,MATCH(Paramètres!L41,Paramètres!$G$5:$G$57,0))))))),IF(Paramètres!N41="",0,IF(Paramètres!O41="",NA(),IF(RIGHT(TRIM(Paramètres!O41),3)="Fin",WORKDAY(IF(LEFT(TRIM(Paramètres!O41),1)="F",INDEX($F$4:$F$56,MATCH(Paramètres!N41,Paramètres!$G$5:$G$57,0)),INDEX($E$4:$E$56,MATCH(Paramètres!N41,Paramètres!$G$5:$G$57,0))),1-$H40),IF(LEFT(TRIM(Paramètres!O41),1)="F",WORKDAY(IF(LEFT(TRIM(Paramètres!O41),1)="F",INDEX($F$4:$F$56,MATCH(Paramètres!N41,Paramètres!$G$5:$G$57,0)),INDEX($E$4:$E$56,MATCH(Paramètres!N41,Paramètres!$G$5:$G$57,0))),1),IF(LEFT(TRIM(Paramètres!O41),1)="F",INDEX($F$4:$F$56,MATCH(Paramètres!N41,Paramètres!$G$5:$G$57,0)),INDEX($E$4:$E$56,MATCH(Paramètres!N41,Paramètres!$G$5:$G$57,0))))))))) | F40: =IF($H40=0,WORKDAY(E40,-1),WORKDAY(E40,$H40-1)) | H40: =Paramètres!B41
B41: =Paramètres!G42 | C41: =IF(Paramètres!H42="","",Paramètres!H42) | D41: =IF(Paramètres!I42="","",Paramètres!I42) | E41: =IF(Paramètres!J42&Paramètres!L42&Paramètres!N42="",WORKDAY($A$6-1,1),MAX(IF(Paramètres!J42="",0,IF(Paramètres!K42="",NA(),IF(RIGHT(TRIM(Paramètres!K42),3)="Fin",WORKDAY(IF(LEFT(TRIM(Paramètres!K42),1)="F",INDEX($F$4:$F$56,MATCH(Paramètres!J42,Paramètres!$G$5:$G$57,0)),INDEX($E$4:$E$56,MATCH(Paramètres!J42,Paramètres!$G$5:$G$57,0))),1-$H41),IF(LEFT(TRIM(Paramètres!K42),1)="F",WORKDAY(IF(LEFT(TRIM(Paramètres!K42),1)="F",INDEX($F$4:$F$56,MATCH(Paramètres!J42,Paramètres!$G$5:$G$57,0)),INDEX($E$4:$E$56,MATCH(Paramètres!J42,Paramètres!$G$5:$G$57,0))),1),IF(LEFT(TRIM(Paramètres!K42),1)="F",INDEX($F$4:$F$56,MATCH(Paramètres!J42,Paramètres!$G$5:$G$57,0)),INDEX($E$4:$E$56,MATCH(Paramètres!J42,Paramètres!$G$5:$G$57,0))))))),IF(Paramètres!L42="",0,IF(Paramètres!M42="",NA(),IF(RIGHT(TRIM(Paramètres!M42),3)="Fin",WORKDAY(IF(LEFT(TRIM(Paramètres!M42),1)="F",INDEX($F$4:$F$56,MATCH(Paramètres!L42,Paramètres!$G$5:$G$57,0)),INDEX($E$4:$E$56,MATCH(Paramètres!L42,Paramètres!$G$5:$G$57,0))),1-$H41),IF(LEFT(TRIM(Paramètres!M42),1)="F",WORKDAY(IF(LEFT(TRIM(Paramètres!M42),1)="F",INDEX($F$4:$F$56,MATCH(Paramètres!L42,Paramètres!$G$5:$G$57,0)),INDEX($E$4:$E$56,MATCH(Paramètres!L42,Paramètres!$G$5:$G$57,0))),1),IF(LEFT(TRIM(Paramètres!M42),1)="F",INDEX($F$4:$F$56,MATCH(Paramètres!L42,Paramètres!$G$5:$G$57,0)),INDEX($E$4:$E$56,MATCH(Paramètres!L42,Paramètres!$G$5:$G$57,0))))))),IF(Paramètres!N42="",0,IF(Paramètres!O42="",NA(),IF(RIGHT(TRIM(Paramètres!O42),3)="Fin",WORKDAY(IF(LEFT(TRIM(Paramètres!O42),1)="F",INDEX($F$4:$F$56,MATCH(Paramètres!N42,Paramètres!$G$5:$G$57,0)),INDEX($E$4:$E$56,MATCH(Paramètres!N42,Paramètres!$G$5:$G$57,0))),1-$H41),IF(LEFT(TRIM(Paramètres!O42),1)="F",WORKDAY(IF(LEFT(TRIM(Paramètres!O42),1)="F",INDEX($F$4:$F$56,MATCH(Paramètres!N42,Paramètres!$G$5:$G$57,0)),INDEX($E$4:$E$56,MATCH(Paramètres!N42,Paramètres!$G$5:$G$57,0))),1),IF(LEFT(TRIM(Paramètres!O42),1)="F",INDEX($F$4:$F$56,MATCH(Paramètres!N42,Paramètres!$G$5:$G$57,0)),INDEX($E$4:$E$56,MATCH(Paramètres!N42,Paramètres!$G$5:$G$57,0))))))))) | F41: =IF($H41=0,WORKDAY(E41,-1),WORKDAY(E41,$H41-1)) | H41: =Paramètres!B42
B42: =Paramètres!G43 | C42: =IF(Paramètres!H43="","",Paramètres!H43) | D42: =IF(Paramètres!I43="","",Paramètres!I43) | E42: =IF(Paramètres!J43&Paramètres!L43&Paramètres!N43="",WORKDAY($A$6-1,1),MAX(IF(Paramètres!J43="",0,IF(Paramètres!K43="",NA(),IF(RIGHT(TRIM(Paramètres!K43),3)="Fin",WORKDAY(IF(LEFT(TRIM(Paramètres!K43),1)="F",INDEX($F$4:$F$56,MATCH(Paramètres!J43,Paramètres!$G$5:$G$57,0)),INDEX($E$4:$E$56,MATCH(Paramètres!J43,Paramètres!$G$5:$G$57,0))),1-$H42),IF(LEFT(TRIM(Paramètres!K43),1)="F",WORKDAY(IF(LEFT(TRIM(Paramètres!K43),1)="F",INDEX($F$4:$F$56,MATCH(Paramètres!J43,Paramètres!$G$5:$G$57,0)),INDEX($E$4:$E$56,MATCH(Paramètres!J43,Paramètres!$G$5:$G$57,0))),1),IF(LEFT(TRIM(Paramètres!K43),1)="F",INDEX($F$4:$F$56,MATCH(Paramètres!J43,Paramètres!$G$5:$G$57,0)),INDEX($E$4:$E$56,MATCH(Paramètres!J43,Paramètres!$G$5:$G$57,0))))))),IF(Paramètres!L43="",0,IF(Paramètres!M43="",NA(),IF(RIGHT(TRIM(Paramètres!M43),3)="Fin",WORKDAY(IF(LEFT(TRIM(Paramètres!M43),1)="F",INDEX($F$4:$F$56,MATCH(Paramètres!L43,Paramètres!$G$5:$G$57,0)),INDEX($E$4:$E$56,MATCH(Paramètres!L43,Paramètres!$G$5:$G$57,0))),1-$H42),IF(LEFT(TRIM(Paramètres!M43),1)="F",WORKDAY(IF(LEFT(TRIM(Paramètres!M43),1)="F",INDEX($F$4:$F$56,MATCH(Paramètres!L43,Paramètres!$G$5:$G$57,0)),INDEX($E$4:$E$56,MATCH(Paramètres!L43,Paramètres!$G$5:$G$57,0))),1),IF(LEFT(TRIM(Paramètres!M43),1)="F",INDEX($F$4:$F$56,MATCH(Paramètres!L43,Paramètres!$G$5:$G$57,0)),INDEX($E$4:$E$56,MATCH(Paramètres!L43,Paramètres!$G$5:$G$57,0))))))),IF(Paramètres!N43="",0,IF(Paramètres!O43="",NA(),IF(RIGHT(TRIM(Paramètres!O43),3)="Fin",WORKDAY(IF(LEFT(TRIM(Paramètres!O43),1)="F",INDEX($F$4:$F$56,MATCH(Paramètres!N43,Paramètres!$G$5:$G$57,0)),INDEX($E$4:$E$56,MATCH(Paramètres!N43,Paramètres!$G$5:$G$57,0))),1-$H42),IF(LEFT(TRIM(Paramètres!O43),1)="F",WORKDAY(IF(LEFT(TRIM(Paramètres!O43),1)="F",INDEX($F$4:$F$56,MATCH(Paramètres!N43,Paramètres!$G$5:$G$57,0)),INDEX($E$4:$E$56,MATCH(Paramètres!N43,Paramètres!$G$5:$G$57,0))),1),IF(LEFT(TRIM(Paramètres!O43),1)="F",INDEX($F$4:$F$56,MATCH(Paramètres!N43,Paramètres!$G$5:$G$57,0)),INDEX($E$4:$E$56,MATCH(Paramètres!N43,Paramètres!$G$5:$G$57,0))))))))) | F42: =IF($H42=0,WORKDAY(E42,-1),WORKDAY(E42,$H42-1)) | H42: =Paramètres!B43
B43: =Paramètres!G44 | C43: =IF(Paramètres!H44="","",Paramètres!H44) | D43: =IF(Paramètres!I44="","",Paramètres!I44) | E43: =IF(Paramètres!J44&Paramètres!L44&Paramètres!N44="",WORKDAY($A$6-1,1),MAX(IF(Paramètres!J44="",0,IF(Paramètres!K44="",NA(),IF(RIGHT(TRIM(Paramètres!K44),3)="Fin",WORKDAY(IF(LEFT(TRIM(Paramètres!K44),1)="F",INDEX($F$4:$F$56,MATCH(Paramètres!J44,Paramètres!$G$5:$G$57,0)),INDEX($E$4:$E$56,MATCH(Paramètres!J44,Paramètres!$G$5:$G$57,0))),1-$H43),IF(LEFT(TRIM(Paramètres!K44),1)="F",WORKDAY(IF(LEFT(TRIM(Paramètres!K44),1)="F",INDEX($F$4:$F$56,MATCH(Paramètres!J44,Paramètres!$G$5:$G$57,0)),INDEX($E$4:$E$56,MATCH(Paramètres!J44,Paramètres!$G$5:$G$57,0))),1),IF(LEFT(TRIM(Paramètres!K44),1)="F",INDEX($F$4:$F$56,MATCH(Paramètres!J44,Paramètres!$G$5:$G$57,0)),INDEX($E$4:$E$56,MATCH(Paramètres!J44,Paramètres!$G$5:$G$57,0))))))),IF(Paramètres!L44="",0,IF(Paramètres!M44="",NA(),IF(RIGHT(TRIM(Paramètres!M44),3)="Fin",WORKDAY(IF(LEFT(TRIM(Paramètres!M44),1)="F",INDEX($F$4:$F$56,MATCH(Paramètres!L44,Paramètres!$G$5:$G$57,0)),INDEX($E$4:$E$56,MATCH(Paramètres!L44,Paramètres!$G$5:$G$57,0))),1-$H43),IF(LEFT(TRIM(Paramètres!M44),1)="F",WORKDAY(IF(LEFT(TRIM(Paramètres!M44),1)="F",INDEX($F$4:$F$56,MATCH(Paramètres!L44,Paramètres!$G$5:$G$57,0)),INDEX($E$4:$E$56,MATCH(Paramètres!L44,Paramètres!$G$5:$G$57,0))),1),IF(LEFT(TRIM(Paramètres!M44),1)="F",INDEX($F$4:$F$56,MATCH(Paramètres!L44,Paramètres!$G$5:$G$57,0)),INDEX($E$4:$E$56,MATCH(Paramètres!L44,Paramètres!$G$5:$G$57,0))))))),IF(Paramètres!N44="",0,IF(Paramètres!O44="",NA(),IF(RIGHT(TRIM(Paramètres!O44),3)="Fin",WORKDAY(IF(LEFT(TRIM(Paramètres!O44),1)="F",INDEX($F$4:$F$56,MATCH(Paramètres!N44,Paramètres!$G$5:$G$57,0)),INDEX($E$4:$E$56,MATCH(Paramètres!N44,Paramètres!$G$5:$G$57,0))),1-$H43),IF(LEFT(TRIM(Paramètres!O44),1)="F",WORKDAY(IF(LEFT(TRIM(Paramètres!O44),1)="F",INDEX($F$4:$F$56,MATCH(Paramètres!N44,Paramètres!$G$5:$G$57,0)),INDEX($E$4:$E$56,MATCH(Paramètres!N44,Paramètres!$G$5:$G$57,0))),1),IF(LEFT(TRIM(Paramètres!O44),1)="F",INDEX($F$4:$F$56,MATCH(Paramètres!N44,Paramètres!$G$5:$G$57,0)),INDEX($E$4:$E$56,MATCH(Paramètres!N44,Paramètres!$G$5:$G$57,0))))))))) | F43: =IF($H43=0,WORKDAY(E43,-1),WORKDAY(E43,$H43-1)) | H43: =Paramètres!B44
B44: =Paramètres!G45 | C44: =IF(Paramètres!H45="","",Paramètres!H45) | D44: =IF(Paramètres!I45="","",Paramètres!I45) | E44: =IF(Paramètres!J45&Paramètres!L45&Paramètres!N45="",WORKDAY($A$6-1,1),MAX(IF(Paramètres!J45="",0,IF(Paramètres!K45="",NA(),IF(RIGHT(TRIM(Paramètres!K45),3)="Fin",WORKDAY(IF(LEFT(TRIM(Paramètres!K45),1)="F",INDEX($F$4:$F$56,MATCH(Paramètres!J45,Paramètres!$G$5:$G$57,0)),INDEX($E$4:$E$56,MATCH(Paramètres!J45,Paramètres!$G$5:$G$57,0))),1-$H44),IF(LEFT(TRIM(Paramètres!K45),1)="F",WORKDAY(IF(LEFT(TRIM(Paramètres!K45),1)="F",INDEX($F$4:$F$56,MATCH(Paramètres!J45,Paramètres!$G$5:$G$57,0)),INDEX($E$4:$E$56,MATCH(Paramètres!J45,Paramètres!$G$5:$G$57,0))),1),IF(LEFT(TRIM(Paramètres!K45),1)="F",INDEX($F$4:$F$56,MATCH(Paramètres!J45,Paramètres!$G$5:$G$57,0)),INDEX($E$4:$E$56,MATCH(Paramètres!J45,Paramètres!$G$5:$G$57,0))))))),IF(Paramètres!L45="",0,IF(Paramètres!M45="",NA(),IF(RIGHT(TRIM(Paramètres!M45),3)="Fin",WORKDAY(IF(LEFT(TRIM(Paramètres!M45),1)="F",INDEX($F$4:$F$56,MATCH(Paramètres!L45,Paramètres!$G$5:$G$57,0)),INDEX($E$4:$E$56,MATCH(Paramètres!L45,Paramètres!$G$5:$G$57,0))),1-$H44),IF(LEFT(TRIM(Paramètres!M45),1)="F",WORKDAY(IF(LEFT(TRIM(Paramètres!M45),1)="F",INDEX($F$4:$F$56,MATCH(Paramètres!L45,Paramètres!$G$5:$G$57,0)),INDEX($E$4:$E$56,MATCH(Paramètres!L45,Paramètres!$G$5:$G$57,0))),1),IF(LEFT(TRIM(Paramètres!M45),1)="F",INDEX($F$4:$F$56,MATCH(Paramètres!L45,Paramètres!$G$5:$G$57,0)),INDEX($E$4:$E$56,MATCH(Paramètres!L45,Paramètres!$G$5:$G$57,0))))))),IF(Paramètres!N45="",0,IF(Paramètres!O45="",NA(),IF(RIGHT(TRIM(Paramètres!O45),3)="Fin",WORKDAY(IF(LEFT(TRIM(Paramètres!O45),1)="F",INDEX($F$4:$F$56,MATCH(Paramètres!N45,Paramètres!$G$5:$G$57,0)),INDEX($E$4:$E$56,MATCH(Paramètres!N45,Paramètres!$G$5:$G$57,0))),1-$H44),IF(LEFT(TRIM(Paramètres!O45),1)="F",WORKDAY(IF(LEFT(TRIM(Paramètres!O45),1)="F",INDEX($F$4:$F$56,MATCH(Paramètres!N45,Paramètres!$G$5:$G$57,0)),INDEX($E$4:$E$56,MATCH(Paramètres!N45,Paramètres!$G$5:$G$57,0))),1),IF(LEFT(TRIM(Paramètres!O45),1)="F",INDEX($F$4:$F$56,MATCH(Paramètres!N45,Paramètres!$G$5:$G$57,0)),INDEX($E$4:$E$56,MATCH(Paramètres!N45,Paramètres!$G$5:$G$57,0))))))))) | F44: =IF($H44=0,WORKDAY(E44,-1),WORKDAY(E44,$H44-1)) | H44: =Paramètres!B45
B45: =Paramètres!G46 | C45: =IF(Paramètres!H46="","",Paramètres!H46) | D45: =IF(Paramètres!I46="","",Paramètres!I46) | E45: =IF(Paramètres!J46&Paramètres!L46&Paramètres!N46="",WORKDAY($A$6-1,1),MAX(IF(Paramètres!J46="",0,IF(Paramètres!K46="",NA(),IF(RIGHT(TRIM(Paramètres!K46),3)="Fin",WORKDAY(IF(LEFT(TRIM(Paramètres!K46),1)="F",INDEX($F$4:$F$56,MATCH(Paramètres!J46,Paramètres!$G$5:$G$57,0)),INDEX($E$4:$E$56,MATCH(Paramètres!J46,Paramètres!$G$5:$G$57,0))),1-$H45),IF(LEFT(TRIM(Paramètres!K46),1)="F",WORKDAY(IF(LEFT(TRIM(Paramètres!K46),1)="F",INDEX($F$4:$F$56,MATCH(Paramètres!J46,Paramètres!$G$5:$G$57,0)),INDEX($E$4:$E$56,MATCH(Paramètres!J46,Paramètres!$G$5:$G$57,0))),1),IF(LEFT(TRIM(Paramètres!K46),1)="F",INDEX($F$4:$F$56,MATCH(Paramètres!J46,Paramètres!$G$5:$G$57,0)),INDEX($E$4:$E$56,MATCH(Paramètres!J46,Paramètres!$G$5:$G$57,0))))))),IF(Paramètres!L46="",0,IF(Paramètres!M46="",NA(),IF(RIGHT(TRIM(Paramètres!M46),3)="Fin",WORKDAY(IF(LEFT(TRIM(Paramètres!M46),1)="F",INDEX($F$4:$F$56,MATCH(Paramètres!L46,Paramètres!$G$5:$G$57,0)),INDEX($E$4:$E$56,MATCH(Paramètres!L46,Paramètres!$G$5:$G$57,0))),1-$H45),IF(LEFT(TRIM(Paramètres!M46),1)="F",WORKDAY(IF(LEFT(TRIM(Paramètres!M46),1)="F",INDEX($F$4:$F$56,MATCH(Paramètres!L46,Paramètres!$G$5:$G$57,0)),INDEX($E$4:$E$56,MATCH(Paramètres!L46,Paramètres!$G$5:$G$57,0))),1),IF(LEFT(TRIM(Paramètres!M46),1)="F",INDEX($F$4:$F$56,MATCH(Paramètres!L46,Paramètres!$G$5:$G$57,0)),INDEX($E$4:$E$56,MATCH(Paramètres!L46,Paramètres!$G$5:$G$57,0))))))),IF(Paramètres!N46="",0,IF(Paramètres!O46="",NA(),IF(RIGHT(TRIM(Paramètres!O46),3)="Fin",WORKDAY(IF(LEFT(TRIM(Paramètres!O46),1)="F",INDEX($F$4:$F$56,MATCH(Paramètres!N46,Paramètres!$G$5:$G$57,0)),INDEX($E$4:$E$56,MATCH(Paramètres!N46,Paramètres!$G$5:$G$57,0))),1-$H45),IF(LEFT(TRIM(Paramètres!O46),1)="F",WORKDAY(IF(LEFT(TRIM(Paramètres!O46),1)="F",INDEX($F$4:$F$56,MATCH(Paramètres!N46,Paramètres!$G$5:$G$57,0)),INDEX($E$4:$E$56,MATCH(Paramètres!N46,Paramètres!$G$5:$G$57,0))),1),IF(LEFT(TRIM(Paramètres!O46),1)="F",INDEX($F$4:$F$56,MATCH(Paramètres!N46,Paramètres!$G$5:$G$57,0)),INDEX($E$4:$E$56,MATCH(Paramètres!N46,Paramètres!$G$5:$G$57,0))))))))) | F45: =IF($H45=0,WORKDAY(E45,-1),WORKDAY(E45,$H45-1)) | H45: =Paramètres!B46
B46: =Paramètres!G47 | C46: =IF(Paramètres!H47="","",Paramètres!H47) | D46: =IF(Paramètres!I47="","",Paramètres!I47) | E46: =IF(Paramètres!J47&Paramètres!L47&Paramètres!N47="",WORKDAY($A$6-1,1),MAX(IF(Paramètres!J47="",0,IF(Paramètres!K47="",NA(),IF(RIGHT(TRIM(Paramètres!K47),3)="Fin",WORKDAY(IF(LEFT(TRIM(Paramètres!K47),1)="F",INDEX($F$4:$F$56,MATCH(Paramètres!J47,Paramètres!$G$5:$G$57,0)),INDEX($E$4:$E$56,MATCH(Paramètres!J47,Paramètres!$G$5:$G$57,0))),1-$H46),IF(LEFT(TRIM(Paramètres!K47),1)="F",WORKDAY(IF(LEFT(TRIM(Paramètres!K47),1)="F",INDEX($F$4:$F$56,MATCH(Paramètres!J47,Paramètres!$G$5:$G$57,0)),INDEX($E$4:$E$56,MATCH(Paramètres!J47,Paramètres!$G$5:$G$57,0))),1),IF(LEFT(TRIM(Paramètres!K47),1)="F",INDEX($F$4:$F$56,MATCH(Paramètres!J47,Paramètres!$G$5:$G$57,0)),INDEX($E$4:$E$56,MATCH(Paramètres!J47,Paramètres!$G$5:$G$57,0))))))),IF(Paramètres!L47="",0,IF(Paramètres!M47="",NA(),IF(RIGHT(TRIM(Paramètres!M47),3)="Fin",WORKDAY(IF(LEFT(TRIM(Paramètres!M47),1)="F",INDEX($F$4:$F$56,MATCH(Paramètres!L47,Paramètres!$G$5:$G$57,0)),INDEX($E$4:$E$56,MATCH(Paramètres!L47,Paramètres!$G$5:$G$57,0))),1-$H46),IF(LEFT(TRIM(Paramètres!M47),1)="F",WORKDAY(IF(LEFT(TRIM(Paramètres!M47),1)="F",INDEX($F$4:$F$56,MATCH(Paramètres!L47,Paramètres!$G$5:$G$57,0)),INDEX($E$4:$E$56,MATCH(Paramètres!L47,Paramètres!$G$5:$G$57,0))),1),IF(LEFT(TRIM(Paramètres!M47),1)="F",INDEX($F$4:$F$56,MATCH(Paramètres!L47,Paramètres!$G$5:$G$57,0)),INDEX($E$4:$E$56,MATCH(Paramètres!L47,Paramètres!$G$5:$G$57,0))))))),IF(Paramètres!N47="",0,IF(Paramètres!O47="",NA(),IF(RIGHT(TRIM(Paramètres!O47),3)="Fin",WORKDAY(IF(LEFT(TRIM(Paramètres!O47),1)="F",INDEX($F$4:$F$56,MATCH(Paramètres!N47,Paramètres!$G$5:$G$57,0)),INDEX($E$4:$E$56,MATCH(Paramètres!N47,Paramètres!$G$5:$G$57,0))),1-$H46),IF(LEFT(TRIM(Paramètres!O47),1)="F",WORKDAY(IF(LEFT(TRIM(Paramètres!O47),1)="F",INDEX($F$4:$F$56,MATCH(Paramètres!N47,Paramètres!$G$5:$G$57,0)),INDEX($E$4:$E$56,MATCH(Paramètres!N47,Paramètres!$G$5:$G$57,0))),1),IF(LEFT(TRIM(Paramètres!O47),1)="F",INDEX($F$4:$F$56,MATCH(Paramètres!N47,Paramètres!$G$5:$G$57,0)),INDEX($E$4:$E$56,MATCH(Paramètres!N47,Paramètres!$G$5:$G$57,0))))))))) | F46: =IF($H46=0,WORKDAY(E46,-1),WORKDAY(E46,$H46-1)) | H46: =Paramètres!B47
B47: =Paramètres!G48 | C47: =IF(Paramètres!H48="","",Paramètres!H48) | D47: =IF(Paramètres!I48="","",Paramètres!I48) | E47: =IF(Paramètres!J48&Paramètres!L48&Paramètres!N48="",WORKDAY($A$6-1,1),MAX(IF(Paramètres!J48="",0,IF(Paramètres!K48="",NA(),IF(RIGHT(TRIM(Paramètres!K48),3)="Fin",WORKDAY(IF(LEFT(TRIM(Paramètres!K48),1)="F",INDEX($F$4:$F$56,MATCH(Paramètres!J48,Paramètres!$G$5:$G$57,0)),INDEX($E$4:$E$56,MATCH(Paramètres!J48,Paramètres!$G$5:$G$57,0))),1-$H47),IF(LEFT(TRIM(Paramètres!K48),1)="F",WORKDAY(IF(LEFT(TRIM(Paramètres!K48),1)="F",INDEX($F$4:$F$56,MATCH(Paramètres!J48,Paramètres!$G$5:$G$57,0)),INDEX($E$4:$E$56,MATCH(Paramètres!J48,Paramètres!$G$5:$G$57,0))),1),IF(LEFT(TRIM(Paramètres!K48),1)="F",INDEX($F$4:$F$56,MATCH(Paramètres!J48,Paramètres!$G$5:$G$57,0)),INDEX($E$4:$E$56,MATCH(Paramètres!J48,Paramètres!$G$5:$G$57,0))))))),IF(Paramètres!L48="",0,IF(Paramètres!M48="",NA(),IF(RIGHT(TRIM(Paramètres!M48),3)="Fin",WORKDAY(IF(LEFT(TRIM(Paramètres!M48),1)="F",INDEX($F$4:$F$56,MATCH(Paramètres!L48,Paramètres!$G$5:$G$57,0)),INDEX($E$4:$E$56,MATCH(Paramètres!L48,Paramètres!$G$5:$G$57,0))),1-$H47),IF(LEFT(TRIM(Paramètres!M48),1)="F",WORKDAY(IF(LEFT(TRIM(Paramètres!M48),1)="F",INDEX($F$4:$F$56,MATCH(Paramètres!L48,Paramètres!$G$5:$G$57,0)),INDEX($E$4:$E$56,MATCH(Paramètres!L48,Paramètres!$G$5:$G$57,0))),1),IF(LEFT(TRIM(Paramètres!M48),1)="F",INDEX($F$4:$F$56,MATCH(Paramètres!L48,Paramètres!$G$5:$G$57,0)),INDEX($E$4:$E$56,MATCH(Paramètres!L48,Paramètres!$G$5:$G$57,0))))))),IF(Paramètres!N48="",0,IF(Paramètres!O48="",NA(),IF(RIGHT(TRIM(Paramètres!O48),3)="Fin",WORKDAY(IF(LEFT(TRIM(Paramètres!O48),1)="F",INDEX($F$4:$F$56,MATCH(Paramètres!N48,Paramètres!$G$5:$G$57,0)),INDEX($E$4:$E$56,MATCH(Paramètres!N48,Paramètres!$G$5:$G$57,0))),1-$H47),IF(LEFT(TRIM(Paramètres!O48),1)="F",WORKDAY(IF(LEFT(TRIM(Paramètres!O48),1)="F",INDEX($F$4:$F$56,MATCH(Paramètres!N48,Paramètres!$G$5:$G$57,0)),INDEX($E$4:$E$56,MATCH(Paramètres!N48,Paramètres!$G$5:$G$57,0))),1),IF(LEFT(TRIM(Paramètres!O48),1)="F",INDEX($F$4:$F$56,MATCH(Paramètres!N48,Paramètres!$G$5:$G$57,0)),INDEX($E$4:$E$56,MATCH(Paramètres!N48,Paramètres!$G$5:$G$57,0))))))))) | F47: =IF($H47=0,WORKDAY(E47,-1),WORKDAY(E47,$H47-1)) | H47: =Paramètres!B48
B48: =Paramètres!G49 | C48: =IF(Paramètres!H49="","",Paramètres!H49) | D48: =IF(Paramètres!I49="","",Paramètres!I49) | E48: =IF(Paramètres!J49&Paramètres!L49&Paramètres!N49="",WORKDAY($A$6-1,1),MAX(IF(Paramètres!J49="",0,IF(Paramètres!K49="",NA(),IF(RIGHT(TRIM(Paramètres!K49),3)="Fin",WORKDAY(IF(LEFT(TRIM(Paramètres!K49),1)="F",INDEX($F$4:$F$56,MATCH(Paramètres!J49,Paramètres!$G$5:$G$57,0)),INDEX($E$4:$E$56,MATCH(Paramètres!J49,Paramètres!$G$5:$G$57,0))),1-$H48),IF(LEFT(TRIM(Paramètres!K49),1)="F",WORKDAY(IF(LEFT(TRIM(Paramètres!K49),1)="F",INDEX($F$4:$F$56,MATCH(Paramètres!J49,Paramètres!$G$5:$G$57,0)),INDEX($E$4:$E$56,MATCH(Paramètres!J49,Paramètres!$G$5:$G$57,0))),1),IF(LEFT(TRIM(Paramètres!K49),1)="F",INDEX($F$4:$F$56,MATCH(Paramètres!J49,Paramètres!$G$5:$G$57,0)),INDEX($E$4:$E$56,MATCH(Paramètres!J49,Paramètres!$G$5:$G$57,0))))))),IF(Paramètres!L49="",0,IF(Paramètres!M49="",NA(),IF(RIGHT(TRIM(Paramètres!M49),3)="Fin",WORKDAY(IF(LEFT(TRIM(Paramètres!M49),1)="F",INDEX($F$4:$F$56,MATCH(Paramètres!L49,Paramètres!$G$5:$G$57,0)),INDEX($E$4:$E$56,MATCH(Paramètres!L49,Paramètres!$G$5:$G$57,0))),1-$H48),IF(LEFT(TRIM(Paramètres!M49),1)="F",WORKDAY(IF(LEFT(TRIM(Paramètres!M49),1)="F",INDEX($F$4:$F$56,MATCH(Paramètres!L49,Paramètres!$G$5:$G$57,0)),INDEX($E$4:$E$56,MATCH(Paramètres!L49,Paramètres!$G$5:$G$57,0))),1),IF(LEFT(TRIM(Paramètres!M49),1)="F",INDEX($F$4:$F$56,MATCH(Paramètres!L49,Paramètres!$G$5:$G$57,0)),INDEX($E$4:$E$56,MATCH(Paramètres!L49,Paramètres!$G$5:$G$57,0))))))),IF(Paramètres!N49="",0,IF(Paramètres!O49="",NA(),IF(RIGHT(TRIM(Paramètres!O49),3)="Fin",WORKDAY(IF(LEFT(TRIM(Paramètres!O49),1)="F",INDEX($F$4:$F$56,MATCH(Paramètres!N49,Paramètres!$G$5:$G$57,0)),INDEX($E$4:$E$56,MATCH(Paramètres!N49,Paramètres!$G$5:$G$57,0))),1-$H48),IF(LEFT(TRIM(Paramètres!O49),1)="F",WORKDAY(IF(LEFT(TRIM(Paramètres!O49),1)="F",INDEX($F$4:$F$56,MATCH(Paramètres!N49,Paramètres!$G$5:$G$57,0)),INDEX($E$4:$E$56,MATCH(Paramètres!N49,Paramètres!$G$5:$G$57,0))),1),IF(LEFT(TRIM(Paramètres!O49),1)="F",INDEX($F$4:$F$56,MATCH(Paramètres!N49,Paramètres!$G$5:$G$57,0)),INDEX($E$4:$E$56,MATCH(Paramètres!N49,Paramètres!$G$5:$G$57,0))))))))) | F48: =IF($H48=0,WORKDAY(E48,-1),WORKDAY(E48,$H48-1)) | H48: =Paramètres!B49
... B54: =Paramètres!G55 | C54: =IF(Paramètres!H55="","",Paramètres!H55) | D54: =IF(Paramètres!I55="","",Paramètres!I55) | E54: =IF(Paramètres!J55&Paramètres!L55&Paramètres!N55="",WORKDAY($A$6-1,1),MAX(IF(Paramètres!J55="",0,IF(Paramètres!K55="",NA(),IF(RIGHT(TRIM(Paramètres!K55),3)="Fin",WORKDAY(IF(LEFT(TRIM(Paramètres!K55),1)="F",INDEX($F$4:$F$56,MATCH(Paramètres!J55,Paramètres!$G$5:$G$57,0)),INDEX($E$4:$E$56,MATCH(Paramètres!J55,Paramètres!$G$5:$G$57,0))),1-$H54),IF(LEFT(TRIM(Paramètres!K55),1)="F",WORKDAY(IF(LEFT(TRIM(Paramètres!K55),1)="F",INDEX($F$4:$F$56,MATCH(Paramètres!J55,Paramètres!$G$5:$G$57,0)),INDEX($E$4:$E$56,MATCH(Paramètres!J55,Paramètres!$G$5:$G$57,0))),1),IF(LEFT(TRIM(Paramètres!K55),1)="F",INDEX($F$4:$F$56,MATCH(Paramètres!J55,Paramètres!$G$5:$G$57,0)),INDEX($E$4:$E$56,MATCH(Paramètres!J55,Paramètres!$G$5:$G$57,0))))))),IF(Paramètres!L55="",0,IF(Paramètres!M55="",NA(),IF(RIGHT(TRIM(Paramètres!M55),3)="Fin",WORKDAY(IF(LEFT(TRIM(Paramètres!M55),1)="F",INDEX($F$4:$F$56,MATCH(Paramètres!L55,Paramètres!$G$5:$G$57,0)),INDEX($E$4:$E$56,MATCH(Paramètres!L55,Paramètres!$G$5:$G$57,0))),1-$H54),IF(LEFT(TRIM(Paramètres!M55),1)="F",WORKDAY(IF(LEFT(TRIM(Paramètres!M55),1)="F",INDEX($F$4:$F$56,MATCH(Paramètres!L55,Paramètres!$G$5:$G$57,0)),INDEX($E$4:$E$56,MATCH(Paramètres!L55,Paramètres!$G$5:$G$57,0))),1),IF(LEFT(TRIM(Paramètres!M55),1)="F",INDEX($F$4:$F$56,MATCH(Paramètres!L55,Paramètres!$G$5:$G$57,0)),INDEX($E$4:$E$56,MATCH(Paramètres!L55,Paramètres!$G$5:$G$57,0))))))),IF(Paramètres!N55="",0,IF(Paramètres!O55="",NA(),IF(RIGHT(TRIM(Paramètres!O55),3)="Fin",WORKDAY(IF(LEFT(TRIM(Paramètres!O55),1)="F",INDEX($F$4:$F$56,MATCH(Paramètres!N55,Paramètres!$G$5:$G$57,0)),INDEX($E$4:$E$56,MATCH(Paramètres!N55,Paramètres!$G$5:$G$57,0))),1-$H54),IF(LEFT(TRIM(Paramètres!O55),1)="F",WORKDAY(IF(LEFT(TRIM(Paramètres!O55),1)="F",INDEX($F$4:$F$56,MATCH(Paramètres!N55,Paramètres!$G$5:$G$57,0)),INDEX($E$4:$E$56,MATCH(Paramètres!N55,Paramètres!$G$5:$G$57,0))),1),IF(LEFT(TRIM(Paramètres!O55),1)="F",INDEX($F$4:$F$56,MATCH(Paramètres!N55,Paramètres!$G$5:$G$57,0)),INDEX($E$4:$E$56,MATCH(Paramètres!N55,Paramètres!$G$5:$G$57,0))))))))) | F54: =IF($H54=0,WORKDAY(E54,-1),WORKDAY(E54,$H54-1)) | H54: =Paramètres!B55
B55: =Paramètres!G56 | C55: =IF(Paramètres!H56="","",Paramètres!H56) | D55: =IF(Paramètres!I56="","",Paramètres!I56) | E55: =MIN(E56:E56) | F55: =MAX(F56:F56) | H55: =NETWORKDAYS(E55,F55)
B56: =Paramètres!G57 | C56: =IF(Paramètres!H57="","",Paramètres!H57) | D56: =IF(Paramètres!I57="","",Paramètres!I57) | E56: =IF(Paramètres!J57&Paramètres!L57&Paramètres!N57="",WORKDAY($A$6-1,1),MAX(IF(Paramètres!J57="",0,IF(Paramètres!K57="",NA(),IF(RIGHT(TRIM(Paramètres!K57),3)="Fin",WORKDAY(IF(LEFT(TRIM(Paramètres!K57),1)="F",INDEX($F$4:$F$56,MATCH(Paramètres!J57,Paramètres!$G$5:$G$57,0)),INDEX($E$4:$E$56,MATCH(Paramètres!J57,Paramètres!$G$5:$G$57,0))),1-$H56),IF(LEFT(TRIM(Paramètres!K57),1)="F",WORKDAY(IF(LEFT(TRIM(Paramètres!K57),1)="F",INDEX($F$4:$F$56,MATCH(Paramètres!J57,Paramètres!$G$5:$G$57,0)),INDEX($E$4:$E$56,MATCH(Paramètres!J57,Paramètres!$G$5:$G$57,0))),1),IF(LEFT(TRIM(Paramètres!K57),1)="F",INDEX($F$4:$F$56,MATCH(Paramètres!J57,Paramètres!$G$5:$G$57,0)),INDEX($E$4:$E$56,MATCH(Paramètres!J57,Paramètres!$G$5:$G$57,0))))))),IF(Paramètres!L57="",0,IF(Paramètres!M57="",NA(),IF(RIGHT(TRIM(Paramètres!M57),3)="Fin",WORKDAY(IF(LEFT(TRIM(Paramètres!M57),1)="F",INDEX($F$4:$F$56,MATCH(Paramètres!L57,Paramètres!$G$5:$G$57,0)),INDEX($E$4:$E$56,MATCH(Paramètres!L57,Paramètres!$G$5:$G$57,0))),1-$H56),IF(LEFT(TRIM(Paramètres!M57),1)="F",WORKDAY(IF(LEFT(TRIM(Paramètres!M57),1)="F",INDEX($F$4:$F$56,MATCH(Paramètres!L57,Paramètres!$G$5:$G$57,0)),INDEX($E$4:$E$56,MATCH(Paramètres!L57,Paramètres!$G$5:$G$57,0))),1),IF(LEFT(TRIM(Paramètres!M57),1)="F",INDEX($F$4:$F$56,MATCH(Paramètres!L57,Paramètres!$G$5:$G$57,0)),INDEX($E$4:$E$56,MATCH(Paramètres!L57,Paramètres!$G$5:$G$57,0))))))),IF(Paramètres!N57="",0,IF(Paramètres!O57="",NA(),IF(RIGHT(TRIM(Paramètres!O57),3)="Fin",WORKDAY(IF(LEFT(TRIM(Paramètres!O57),1)="F",INDEX($F$4:$F$56,MATCH(Paramètres!N57,Paramètres!$G$5:$G$57,0)),INDEX($E$4:$E$56,MATCH(Paramètres!N57,Paramètres!$G$5:$G$57,0))),1-$H56),IF(LEFT(TRIM(Paramètres!O57),1)="F",WORKDAY(IF(LEFT(TRIM(Paramètres!O57),1)="F",INDEX($F$4:$F$56,MATCH(Paramètres!N57,Paramètres!$G$5:$G$57,0)),INDEX($E$4:$E$56,MATCH(Paramètres!N57,Paramètres!$G$5:$G$57,0))),1),IF(LEFT(TRIM(Paramètres!O57),1)="F",INDEX($F$4:$F$56,MATCH(Paramètres!N57,Paramètres!$G$5:$G$57,0)),INDEX($E$4:$E$56,MATCH(Paramètres!N57,Paramètres!$G$5:$G$57,0))))))))) | F56: =IF($H56=0,WORKDAY(E56,-1),WORKDAY(E56,$H56-1)) | H56: =Paramètres!B57

Sheet Paramètres
A1: DATE DEBUT PROJET | B1: =Suivi!A6
A2: La date de début se modifie dans Suivi!A6
A4: Identifiant | B4: Durée (jours ouvrés) | C4: Status | E4: Type de lien | G4: Identifiant | H4: Macro Etape | I4: Etape | J4: Tache 1 liée | K4: Type lien 1 | L4: Tache 2 liée | M4: Type lien 2 | N4: Tache 3 liée | O4: Type lien 3
A5: 1 | B5: =Suivi!H4 | C5: =FALSE() | G5: 1 | H5: Demande de recrutement
A6: 1.1 | B6: 15 | C6: A prendre en charge | E6: Début → Début | G6: 1.1 | I6: Go de Sandra
A7: 1.2 | B7: 1 | C7: En cours | E7: Fin → Début | G7: 1.2 | I7: Transmission Angélique | J7: =G11 | K7: Fin → Début | L7: =G12 | M7: Fin → Début | N7: =G13 | O7: Fin → Début
A8: 1.3 | B8: 1 | C8: En attente | E8: Début → Fin | G8: 1.3 | I8: Retour Dates Angélique | J8: =G7 | K8: Fin → Début
A9: 1.4 | B9: 1 | C9: Alerte retard | E9: Fin → Fin | G9: 1.4 | I9: Retour Membres Angélique | J9: =G8 | K9: Fin → Fin
A10: 2 | B10: =Suivi!H9 | C10: Réalisé | G10: 2 | H10: Publicité
A11: 2.1 | B11: 15 | C11: Clôturé | G11: 2.1 | I11: Publicité Interne | J11: =G6 | K11: Fin → Début
A12: 2.2 | B12: 30 | G12: 2.2 | I12: Publicité externe | J12: 1.1 | K12: Fin → Début
A13: 2.3 | B13: 0 | G13: 2.3 | I13: Publicité durée fixée | J13: 1.1 | K13: Fin → Début
A14: 2.4 | B14: 1 | G14: 2.4 | I14: Fin de publicité | J14: =G11 | K14: Fin → Fin | L14: =G12 | M14: Fin → Fin | N14: =G13 | O14: Fin → Fin
A15: 3 | B15: =Suivi!H14 | G15: 3 | H15: Choix des candidats pour CS
A16: 3.1 | B16: 1 | G16: 3.1 | I16: Réception des CV | J16: =G12 | K16: Début → Début | L16: =G13 | M16: Début → Début | N16: =G14 | O16: Début → Début
A17: 3.2 | B17: 1 | G17: 3.2 | I17: Tri des CV | J17: =G14 | K17: Début → Début
A18: 3.3 | B18: 1 | G18: 3.3 | I18: Tableau analyse | J18: =G17 | K18: Début → Début
A19: 3.4 | B19: 1 | G19: 3.4 | I19: Liste des CV retenus gestionnaire | J19: =G18 | K19: Fin → Début
A20: 3.5 | B20: 1 | G20: 3.5 | I20: Transmission Sandra | J20: =G19 | K20: Fin → Début
A21: 3.6 | B21: 2 | G21: 3.6 | I21: Validation Sandra | J21: =G20 | K21: Fin → Début
A22: 3.7 | B22: 1 | G22: 3.7 | I22: Transmission CDS | J22: =G21 | K22: Fin → Fin
A23: 3.8 | B23: 5 | G23: 3.8 | I23: Validation CDS | J23: =G22 | K23: Fin → Début
A24: 3.9 | B24: 2 | G24: 3.9 | I24: Validation Sandra | J24: =G23 | K24: Fin → Fin
A25: 3.10 | B25: 1 | G25: 3.10 | I25: Liste des candidats retenus | J25: 3.8 | K25: Fin → Début
A26: 3.11 | B26: 1 | G26: 3.11 | I26: Vérification si date CS | J26: =G8 | K26: Fin → Début
A27: 3.12 | B27: 1 | G27: 3.12 | I27: Convocation Tél + Gestmax | J27: =G25 | K27: Fin → Début
A28: 3.13 | B28: 3 | G28: 3.13 | I28: Candidats - validation présence | J28: =G27 | K28: Début → Début
A29: 3.14 | B29: 1 | G29: 3.14 | I29: GESTMAX - bascule validation CS | J29: =G28 | K29: Début → Début
A30: 3.15 | B30: 1 | G30: 3.15 | I30: Liste des candidats à l'accueil | J30: =G28 | K30: Début → Début | L30: =G26 | M30: Fin → Début
A31: 3.16 | B31: 1 | G31: 3.16 | I31: Tenue des CS | J31: =G28 | K31: Fin → Début
A32: 4 | B32: =Suivi!H31 | G32: 4 | H32: Choix des candidats pour Jury
A33: 4.1 | B33: 2 | G33: 4.1 | I33: Liste des candidats retenus au CS | J33: =G31 | K33: Fin → Début
A34: 4.2 | B34: 1 | G34: 4.2 | I34: Informer les candidats du résultat | J34: =G33 | K34: Fin → Début
A35: 4.3 | B35: 3 | G35: 4.3 | I35: Acceptation candidats jury | J35: =G34 | K35: Début → Début
A36: 4.4 | B36: 1 | G36: 4.4 | I36: Clôture du CS | J36: =G35 | K36: Fin → Début
A37: 5 | B37: =Suivi!H36 | G37: 5 | H37: Jury
A38: 5.1 | B38: 2 | G38: 5.1 | I38: Liste des candidats au jury | J38: =G35 | K38: Fin → Début
A39: 5.2 | B39: 1 | G39: 5.2 | I39: Liste des élus présents au jury | J39: =G9 | K39: Fin → Début
A40: 5.3 | B40: 1 | G40: 5.3 | I40: Convocation Tél + Gestmax | J40: =G8 | K40: Fin → Début | L40: =G38 | M40: Début → Début
A41: 5.4 | B41: 3 | G41: 5.4 | I41: Candidats - validation présence | J41: =G40 | K41: Début → Début
A42: 5.5 | B42: 1 | G42: 5.5 | I42: GESTMAX - bascule validation jury | J42: =G41 | K42: Début → Fin
A43: 5.6 | B43: 1 | G43: 5.6 | I43: Dossier papier Jury (CV/LM + PV) | J43: =G41 | K43: Fin → Début | L43: =J8 | M43: Fin → Début
A44: 5.7 | B44: 1 | G44: 5.7 | I44: Liste des candidats à l'accueil | J44: =G42 | K44: Fin → Début
A45: 5.8 | B45: 1 | G45: 5.8 | I45: Tenue du Jury | J45: =G44 | K45: Fin → Fin
A46: 5.9 | B46: 1 | G46: 5.9 | I46: Candidat retenu par le jury | J46: =G45 | K46: Fin → Début
A47: 5.10 | B47: 2 | G47: 5.10 | I47: Informer le candidat | J47: =G46 | K47: Fin → Début
A48: 5.11 | B48: 1 | G48: 5.11 | I48: information chef de service | J48: =G47 | K48: Fin → Début
A49: 5.12 | B49: 5 | G49: 5.12 | I49: Temps réflexion/propo. Salariale | J49: =G47 | K49: Début → Début
A50: 5.13 | B50: 1 | G50: 5.13 | I50: Retour du candidat | J50: =G49 | K50: Fin → Début
A51: 5.14 | B51: 1 | G51: 5.14 | I51: information chef de service | J51: =G50 | K51: Fin → Début
A52: 5.15 | B52: 10 | G52: 5.15 | I52: GESTMAX - valide recrutement | J52: =G50 | K52: Fin → Début
A53: 5.16 | B53: 1 | G53: 5.16 | I53: Courrier de recrutement | J53: =G52 | K53: Début → Début
A54: 5.17 | B54: 1 | G54: 5.17 | I54: Clôture du jury | J54: =G50 | K54: Début → Début
A55: 5.18 | B55: 1 | G55: 5.18 | I55: Clôture avis de recrutement | J55: =G52 | K55: Début → Début
A56: 6 | B56: =Suivi!H55 | G56: 6 | H56: Procédure de recrutement
A57: 6.1 | B57: 1 | G57: 6.1 | I57: Gestmax - demande pièces admis. | J57: =G53 | K57: Début → Début

Sheet Tableau1
A1: Colonne1
A2: Début → Début
A3: Fin → Début
A4: Début → Fin
A5: Fin → Fin

Sheet Instructions
A1: GANTT DYNAMIQUE - MODE D'EMPLOI
A3: 1. Modifiez la date de début en Suivi!A6 (ex: 12/10/2026)
A4: 2. Modifiez les durées en Paramètres!B (colonne Durée), en jours ouvrés (lundi à vendredi, jours fériés non exclus)
A5: 3. Modifiez les liens en colonnes J:O (Tache liée + Type lien)
A6: 4. L'onglet Suivi se recalcule AUTOMATIQUEMENT (formules MAX)
A7: 5. Types de liens: Fin → Début (FS), Début → Début (SS), Fin → Fin (FF), Début → Fin (SF)
A8: 6. Les lignes grisées dans Paramètres (macro-étapes) se calculent d'après leurs sous-tâches : ne pas les modifier
