Workbook

Sheet Dossiers
A1: DOSSIERS | C1: NE PAS SUPPRIMER DE LIGNE ENTIERE | E1: NE PAS TOUCHER AUX ZONES GRISEES
A2: Une ligne par dossier : référence, nom, date de début, date CS et date Jury. Son bloc apparaît alors automatiquement dans Suivi et dans le tableau de bord.
A3: N° | B3: Référence | C3: Nom / intitulé | D3: Date de début | E3: Libellé (calcul) | F3: Date CS | G3: Date Jury
A4: 1 | B4: TEST GFF | C4: ABCDEFGH | D4: 46307 | E4: =IF(ISNUMBER(D4),A4&" · "&B4&IF(C4<>""," · "&C4,""),IF(B4&C4<>"","(date de début à renseigner)","")) | F4: 46304 | G4: 46307
A5: 2 | B5: TEST GFF | C5: ABCDEFG | D5: 46307 | E5: =IF(ISNUMBER(D5),A5&" · "&B5&IF(C5<>""," · "&C5,""),IF(B5&C5<>"","(date de début à renseigner)","")) | F5: 46335 | G5: 46343
A6: 3 | B6: TEST GFF | C6: ABCDEF | D6: 46307 | E6: =IF(ISNUMBER(D6),A6&" · "&B6&IF(C6<>""," · "&C6,""),IF(B6&C6<>"","(date de début à renseigner)","")) | F6: 46336 | G6: 46344
A7: 4 | E7: =IF(ISNUMBER(D7),A7&" · "&B7&IF(C7<>""," · "&C7,""),IF(B7&C7<>"","(date de début à renseigner)",""))
A8: 5 | E8: =IF(ISNUMBER(D8),A8&" · "&B8&IF(C8<>""," · "&C8,""),IF(B8&C8<>"","(date de début à renseigner)",""))
A9: 6 | E9: =IF(ISNUMBER(D9),A9&" · "&B9&IF(C9<>""," · "&C9,""),IF(B9&C9<>"","(date de début à renseigner)",""))
A10: 7 | E10: =IF(ISNUMBER(D10),A10&" · "&B10&IF(C10<>""," · "&C10,""),IF(B10&C10<>"","(date de début à renseigner)",""))
A11: 8 | E11: =IF(ISNUMBER(D11),A11&" · "&B11&IF(C11<>""," · "&C11,""),IF(B11&C11<>"","(date de début à renseigner)",""))
A12: 9 | E12: =IF(ISNUMBER(D12),A12&" · "&B12&IF(C12<>""," · "&C12,""),IF(B12&C12<>"","(date de début à renseigner)",""))
A13: 10 | E13: =IF(ISNUMBER(D13),A13&" · "&B13&IF(C13<>""," · "&C13,""),IF(B13&C13<>"","(date de début à renseigner)",""))
A14: 11 | E14: =IF(ISNUMBER(D14),A14&" · "&B14&IF(C14<>""," · "&C14,""),IF(B14&C14<>"","(date de début à renseigner)",""))
A15: 12 | E15: =IF(ISNUMBER(D15),A15&" · "&B15&IF(C15<>""," · "&C15,""),IF(B15&C15<>"","(date de début à renseigner)",""))
A16: 13 | E16: =IF(ISNUMBER(D16),A16&" · "&B16&IF(C16<>""," · "&C16,""),IF(B16&C16<>"","(date de début à renseigner)",""))
A17: 14 | E17: =IF(ISNUMBER(D17),A17&" · "&B17&IF(C17<>""," · "&C17,""),IF(B17&C17<>"","(date de début à renseigner)",""))
A18: 15 | E18: =IF(ISNUMBER(D18),A18&" · "&B18&IF(C18<>""," · "&C18,""),IF(B18&C18<>"","(date de début à renseigner)",""))
... A63: 60 | E63: =IF(ISNUMBER(D63),A63&" · "&B63&IF(C63<>""," · "&C63,""),IF(B63&C63<>"","(date de début à renseigner)",""))

Sheet Gantt
A1: Dossier affiché : | C1: 1 | D1: =IFERROR(INDEX(Dossiers!$E$4:$E$63,$C$1),"—")
A2: N° de dossier (1 à 60) — liste déroulante en C1 | B2: Origine calendrier (auto) : | C2: =IFERROR(MIN(INDEX(Dossiers!$D$4:$D$63,$C$1),INDEX(Dossiers!$F$4:$F$63,$C$1),INDEX(Dossiers!$G$4:$G$63,$C$1))-3,INDEX(Dossiers!$D$4:$D$63,$C$1))
G3: =IF(DAY(G$4)=1,TEXT(G$4,"mmm aa"),"") | H3: =IF(DAY(H$4)=1,TEXT(H$4,"mmm aa"),"") | I3: =IF(DAY(I$4)=1,TEXT(I$4,"mmm aa"),"") | J3: =IF(DAY(J$4)=1,TEXT(J$4,"mmm aa"),"") | K3: =IF(DAY(K$4)=1,TEXT(K$4,"mmm aa"),"") | L3: =IF(DAY(L$4)=1,TEXT(L$4,"mmm aa"),"") | M3: =IF(DAY(M$4)=1,TEXT(M$4,"mmm aa"),"") | N3: =IF(DAY(N$4)=1,TEXT(N$4,"mmm aa"),"") | ... EP3: =IF(DAY(EP$4)=1,TEXT(EP$4,"mmm aa"),"")
A4: ID | C4: Étape | E4: Début | F4: Fin | G4: =$C$2 | H4: =G4+1 | I4: =H4+1 | J4: =I4+1 | K4: =J4+1 | L4: =K4+1 | M4: =L4+1 | N4: =M4+1 | O4: =N4+1 | ... EP4: =EO4+1
A5: =IFERROR(INDEX(Suivi!$B:$B,5+($C$1-1)*54),"") | C5: =IFERROR(IF(INDEX(Suivi!$D:$D,5+($C$1-1)*54)="",INDEX(Suivi!$C:$C,5+($C$1-1)*54),INDEX(Suivi!$D:$D,5+($C$1-1)*54)),"") | E5: =IFERROR(INDEX(Suivi!$E:$E,5+($C$1-1)*54),"") | F5: =IFERROR(INDEX(Suivi!$F:$F,5+($C$1-1)*54),"") | O5: =IFERROR(IF(ISNUMBER($A5),1,VALUE(LEFT(SUBSTITUTE(TEXT($A5,"@"),",","."),FIND(".",SUBSTITUTE(TEXT($A5,"@"),",",".")&".0")-1))),"") | P5: =IFERROR(INDEX(Suivi!$G:$G,5+($C$1-1)*54),"")
A6: =IFERROR(INDEX(Suivi!$B:$B,6+($C$1-1)*54),"") | C6: =IFERROR(IF(INDEX(Suivi!$D:$D,6+($C$1-1)*54)="",INDEX(Suivi!$C:$C,6+($C$1-1)*54),INDEX(Suivi!$D:$D,6+($C$1-1)*54)),"") | E6: =IFERROR(INDEX(Suivi!$E:$E,6+($C$1-1)*54),"") | F6: =IFERROR(INDEX(Suivi!$F:$F,6+($C$1-1)*54),"") | O6: =IFERROR(IF(ISNUMBER($A6),1,VALUE(LEFT(SUBSTITUTE(TEXT($A6,"@"),",","."),FIND(".",SUBSTITUTE(TEXT($A6,"@"),",",".")&".0")-1))),"") | P6: =IFERROR(INDEX(Suivi!$G:$G,6+($C$1-1)*54),"")
A7: =IFERROR(INDEX(Suivi!$B:$B,7+($C$1-1)*54),"") | C7: =IFERROR(IF(INDEX(Suivi!$D:$D,7+($C$1-1)*54)="",INDEX(Suivi!$C:$C,7+($C$1-1)*54),INDEX(Suivi!$D:$D,7+($C$1-1)*54)),"") | E7: =IFERROR(INDEX(Suivi!$E:$E,7+($C$1-1)*54),"") | F7: =IFERROR(INDEX(Suivi!$F:$F,7+($C$1-1)*54),"") | O7: =IFERROR(IF(ISNUMBER($A7),1,VALUE(LEFT(SUBSTITUTE(TEXT($A7,"@"),",","."),FIND(".",SUBSTITUTE(TEXT($A7,"@"),",",".")&".0")-1))),"") | P7: =IFERROR(INDEX(Suivi!$G:$G,7+($C$1-1)*54),"")
A8: =IFERROR(INDEX(Suivi!$B:$B,8+($C$1-1)*54),"") | C8: =IFERROR(IF(INDEX(Suivi!$D:$D,8+($C$1-1)*54)="",INDEX(Suivi!$C:$C,8+($C$1-1)*54),INDEX(Suivi!$D:$D,8+($C$1-1)*54)),"") | E8: =IFERROR(INDEX(Suivi!$E:$E,8+($C$1-1)*54),"") | F8: =IFERROR(INDEX(Suivi!$F:$F,8+($C$1-1)*54),"") | O8: =IFERROR(IF(ISNUMBER($A8),1,VALUE(LEFT(SUBSTITUTE(TEXT($A8,"@"),",","."),FIND(".",SUBSTITUTE(TEXT($A8,"@"),",",".")&".0")-1))),"") | P8: =IFERROR(INDEX(Suivi!$G:$G,8+($C$1-1)*54),"")
A9: =IFERROR(INDEX(Suivi!$B:$B,9+($C$1-1)*54),"") | C9: =IFERROR(IF(INDEX(Suivi!$D:$D,9+($C$1-1)*54)="",INDEX(Suivi!$C:$C,9+($C$1-1)*54),INDEX(Suivi!$D:$D,9+($C$1-1)*54)),"") | E9: =IFERROR(INDEX(Suivi!$E:$E,9+($C$1-1)*54),"") | F9: =IFERROR(INDEX(Suivi!$F:$F,9+($C$1-1)*54),"") | O9: =IFERROR(IF(ISNUMBER($A9),1,VALUE(LEFT(SUBSTITUTE(TEXT($A9,"@"),",","."),FIND(".",SUBSTITUTE(TEXT($A9,"@"),",",".")&".0")-1))),"") | P9: =IFERROR(INDEX(Suivi!$G:$G,9+($C$1-1)*54),"")
A10: =IFERROR(INDEX(Suivi!$B:$B,10+($C$1-1)*54),"") | C10: =IFERROR(IF(INDEX(Suivi!$D:$D,10+($C$1-1)*54)="",INDEX(Suivi!$C:$C,10+($C$1-1)*54),INDEX(Suivi!$D:$D,10+($C$1-1)*54)),"") | E10: =IFERROR(INDEX(Suivi!$E:$E,10+($C$1-1)*54),"") | F10: =IFERROR(INDEX(Suivi!$F:$F,10+($C$1-1)*54),"") | O10: =IFERROR(IF(ISNUMBER($A10),1,VALUE(LEFT(SUBSTITUTE(TEXT($A10,"@"),",","."),FIND(".",SUBSTITUTE(TEXT($A10,"@"),",",".")&".0")-1))),"") | P10: =IFERROR(INDEX(Suivi!$G:$G,10+($C$1-1)*54),"")
A11: =IFERROR(INDEX(Suivi!$B:$B,11+($C$1-1)*54),"") | C11: =IFERROR(IF(INDEX(Suivi!$D:$D,11+($C$1-1)*54)="",INDEX(Suivi!$C:$C,11+($C$1-1)*54),INDEX(Suivi!$D:$D,11+($C$1-1)*54)),"") | E11: =IFERROR(INDEX(Suivi!$E:$E,11+($C$1-1)*54),"") | F11: =IFERROR(INDEX(Suivi!$F:$F,11+($C$1-1)*54),"") | O11: =IFERROR(IF(ISNUMBER($A11),1,VALUE(LEFT(SUBSTITUTE(TEXT($A11,"@"),",","."),FIND(".",SUBSTITUTE(TEXT($A11,"@"),",",".")&".0")-1))),"") | P11: =IFERROR(INDEX(Suivi!$G:$G,11+($C$1-1)*54),"")
A12: =IFERROR(INDEX(Suivi!$B:$B,12+($C$1-1)*54),"") | C12: =IFERROR(IF(INDEX(Suivi!$D:$D,12+($C$1-1)*54)="",INDEX(Suivi!$C:$C,12+($C$1-1)*54),INDEX(Suivi!$D:$D,12+($C$1-1)*54)),"") | E12: =IFERROR(INDEX(Suivi!$E:$E,12+($C$1-1)*54),"") | F12: =IFERROR(INDEX(Suivi!$F:$F,12+($C$1-1)*54),"") | O12: =IFERROR(IF(ISNUMBER($A12),1,VALUE(LEFT(SUBSTITUTE(TEXT($A12,"@"),",","."),FIND(".",SUBSTITUTE(TEXT($A12,"@"),",",".")&".0")-1))),"") | P12: =IFERROR(INDEX(Suivi!$G:$G,12+($C$1-1)*54),"")
A13: =IFERROR(INDEX(Suivi!$B:$B,13+($C$1-1)*54),"") | C13: =IFERROR(IF(INDEX(Suivi!$D:$D,13+($C$1-1)*54)="",INDEX(Suivi!$C:$C,13+($C$1-1)*54),INDEX(Suivi!$D:$D,13+($C$1-1)*54)),"") | E13: =IFERROR(INDEX(Suivi!$E:$E,13+($C$1-1)*54),"") | F13: =IFERROR(INDEX(Suivi!$F:$F,13+($C$1-1)*54),"") | O13: =IFERROR(IF(ISNUMBER($A13),1,VALUE(LEFT(SUBSTITUTE(TEXT($A13,"@"),",","."),FIND(".",SUBSTITUTE(TEXT($A13,"@"),",",".")&".0")-1))),"") | P13: =IFERROR(INDEX(Suivi!$G:$G,13+($C$1-1)*54),"")
A14: =IFERROR(INDEX(Suivi!$B:$B,14+($C$1-1)*54),"") | C14: =IFERROR(IF(INDEX(Suivi!$D:$D,14+($C$1-1)*54)="",INDEX(Suivi!$C:$C,14+($C$1-1)*54),INDEX(Suivi!$D:$D,14+($C$1-1)*54)),"") | E14: =IFERROR(INDEX(Suivi!$E:$E,14+($C$1-1)*54),"") | F14: =IFERROR(INDEX(Suivi!$F:$F,14+($C$1-1)*54),"") | O14: =IFERROR(IF(ISNUMBER($A14),1,VALUE(LEFT(SUBSTITUTE(TEXT($A14,"@"),",","."),FIND(".",SUBSTITUTE(TEXT($A14,"@"),",",".")&".0")-1))),"") | P14: =IFERROR(INDEX(Suivi!$G:$G,14+($C$1-1)*54),"")
A15: =IFERROR(INDEX(Suivi!$B:$B,15+($C$1-1)*54),"") | C15: =IFERROR(IF(INDEX(Suivi!$D:$D,15+($C$1-1)*54)="",INDEX(Suivi!$C:$C,15+($C$1-1)*54),INDEX(Suivi!$D:$D,15+($C$1-1)*54)),"") | E15: =IFERROR(INDEX(Suivi!$E:$E,15+($C$1-1)*54),"") | F15: =IFERROR(INDEX(Suivi!$F:$F,15+($C$1-1)*54),"") | O15: =IFERROR(IF(ISNUMBER($A15),1,VALUE(LEFT(SUBSTITUTE(TEXT($A15,"@"),",","."),FIND(".",SUBSTITUTE(TEXT($A15,"@"),",",".")&".0")-1))),"") | P15: =IFERROR(INDEX(Suivi!$G:$G,15+($C$1-1)*54),"")
A16: =IFERROR(INDEX(Suivi!$B:$B,16+($C$1-1)*54),"") | C16: =IFERROR(IF(INDEX(Suivi!$D:$D,16+($C$1-1)*54)="",INDEX(Suivi!$C:$C,16+($C$1-1)*54),INDEX(Suivi!$D:$D,16+($C$1-1)*54)),"") | E16: =IFERROR(INDEX(Suivi!$E:$E,16+($C$1-1)*54),"") | F16: =IFERROR(INDEX(Suivi!$F:$F,16+($C$1-1)*54),"") | O16: =IFERROR(IF(ISNUMBER($A16),1,VALUE(LEFT(SUBSTITUTE(TEXT($A16,"@"),",","."),FIND(".",SUBSTITUTE(TEXT($A16,"@"),",",".")&".0")-1))),"") | P16: =IFERROR(INDEX(Suivi!$G:$G,16+($C$1-1)*54),"")
A17: =IFERROR(INDEX(Suivi!$B:$B,17+($C$1-1)*54),"") | C17: =IFERROR(IF(INDEX(Suivi!$D:$D,17+($C$1-1)*54)="",INDEX(Suivi!$C:$C,17+($C$1-1)*54),INDEX(Suivi!$D:$D,17+($C$1-1)*54)),"") | E17: =IFERROR(INDEX(Suivi!$E:$E,17+($C$1-1)*54),"") | F17: =IFERROR(INDEX(Suivi!$F:$F,17+($C$1-1)*54),"") | O17: =IFERROR(IF(ISNUMBER($A17),1,VALUE(LEFT(SUBSTITUTE(TEXT($A17,"@"),",","."),FIND(".",SUBSTITUTE(TEXT($A17,"@"),",",".")&".0")-1))),"") | P17: =IFERROR(INDEX(Suivi!$G:$G,17+($C$1-1)*54),"")
A18: =IFERROR(INDEX(Suivi!$B:$B,18+($C$1-1)*54),"") | C18: =IFERROR(IF(INDEX(Suivi!$D:$D,18+($C$1-1)*54)="",INDEX(Suivi!$C:$C,18+($C$1-1)*54),INDEX(Suivi!$D:$D,18+($C$1-1)*54)),"") | E18: =IFERROR(INDEX(Suivi!$E:$E,18+($C$1-1)*54),"") | F18: =IFERROR(INDEX(Suivi!$F:$F,18+($C$1-1)*54),"") | O18: =IFERROR(IF(ISNUMBER($A18),1,VALUE(LEFT(SUBSTITUTE(TEXT($A18,"@"),",","."),FIND(".",SUBSTITUTE(TEXT($A18,"@"),",",".")&".0")-1))),"") | P18: =IFERROR(INDEX(Suivi!$G:$G,18+($C$1-1)*54),"")
A19: =IFERROR(INDEX(Suivi!$B:$B,19+($C$1-1)*54),"") | C19: =IFERROR(IF(INDEX(Suivi!$D:$D,19+($C$1-1)*54)="",INDEX(Suivi!$C:$C,19+($C$1-1)*54),INDEX(Suivi!$D:$D,19+($C$1-1)*54)),"") | E19: =IFERROR(INDEX(Suivi!$E:$E,19+($C$1-1)*54),"") | F19: =IFERROR(INDEX(Suivi!$F:$F,19+($C$1-1)*54),"") | O19: =IFERROR(IF(ISNUMBER($A19),1,VALUE(LEFT(SUBSTITUTE(TEXT($A19,"@"),",","."),FIND(".",SUBSTITUTE(TEXT($A19,"@"),",",".")&".0")-1))),"") | P19: =IFERROR(INDEX(Suivi!$G:$G,19+($C$1-1)*54),"")
A20: =IFERROR(INDEX(Suivi!$B:$B,20+($C$1-1)*54),"") | C20: =IFERROR(IF(INDEX(Suivi!$D:$D,20+($C$1-1)*54)="",INDEX(Suivi!$C:$C,20+($C$1-1)*54),INDEX(Suivi!$D:$D,20+($C$1-1)*54)),"") | E20: =IFERROR(INDEX(Suivi!$E:$E,20+($C$1-1)*54),"") | F20: =IFERROR(INDEX(Suivi!$F:$F,20+($C$1-1)*54),"") | O20: =IFERROR(IF(ISNUMBER($A20),1,VALUE(LEFT(SUBSTITUTE(TEXT($A20,"@"),",","."),FIND(".",SUBSTITUTE(TEXT($A20,"@"),",",".")&".0")-1))),"") | P20: =IFERROR(INDEX(Suivi!$G:$G,20+($C$1-1)*54),"")
A21: =IFERROR(INDEX(Suivi!$B:$B,21+($C$1-1)*54),"") | C21: =IFERROR(IF(INDEX(Suivi!$D:$D,21+($C$1-1)*54)="",INDEX(Suivi!$C:$C,21+($C$1-1)*54),INDEX(Suivi!$D:$D,21+($C$1-1)*54)),"") | E21: =IFERROR(INDEX(Suivi!$E:$E,21+($C$1-1)*54),"") | F21: =IFERROR(INDEX(Suivi!$F:$F,21+($C$1-1)*54),"") | O21: =IFERROR(IF(ISNUMBER($A21),1,VALUE(LEFT(SUBSTITUTE(TEXT($A21,"@"),",","."),FIND(".",SUBSTITUTE(TEXT($A21,"@"),",",".")&".0")-1))),"") | P21: =IFERROR(INDEX(Suivi!$G:$G,21+($C$1-1)*54),"")
A22: =IFERROR(INDEX(Suivi!$B:$B,22+($C$1-1)*54),"") | C22: =IFERROR(IF(INDEX(Suivi!$D:$D,22+($C$1-1)*54)="",INDEX(Suivi!$C:$C,22+($C$1-1)*54),INDEX(Suivi!$D:$D,22+($C$1-1)*54)),"") | E22: =IFERROR(INDEX(Suivi!$E:$E,22+($C$1-1)*54),"") | F22: =IFERROR(INDEX(Suivi!$F:$F,22+($C$1-1)*54),"") | O22: =IFERROR(IF(ISNUMBER($A22),1,VALUE(LEFT(SUBSTITUTE(TEXT($A22,"@"),",","."),FIND(".",SUBSTITUTE(TEXT($A22,"@"),",",".")&".0")-1))),"") | P22: =IFERROR(INDEX(Suivi!$G:$G,22+($C$1-1)*54),"")
A23: =IFERROR(INDEX(Suivi!$B:$B,23+($C$1-1)*54),"") | C23: =IFERROR(IF(INDEX(Suivi!$D:$D,23+($C$1-1)*54)="",INDEX(Suivi!$C:$C,23+($C$1-1)*54),INDEX(Suivi!$D:$D,23+($C$1-1)*54)),"") | E23: =IFERROR(INDEX(Suivi!$E:$E,23+($C$1-1)*54),"") | F23: =IFERROR(INDEX(Suivi!$F:$F,23+($C$1-1)*54),"") | O23: =IFERROR(IF(ISNUMBER($A23),1,VALUE(LEFT(SUBSTITUTE(TEXT($A23,"@"),",","."),FIND(".",SUBSTITUTE(TEXT($A23,"@"),",",".")&".0")-1))),"") | P23: =IFERROR(INDEX(Suivi!$G:$G,23+($C$1-1)*54),"")
A24: =IFERROR(INDEX(Suivi!$B:$B,24+($C$1-1)*54),"") | C24: =IFERROR(IF(INDEX(Suivi!$D:$D,24+($C$1-1)*54)="",INDEX(Suivi!$C:$C,24+($C$1-1)*54),INDEX(Suivi!$D:$D,24+($C$1-1)*54)),"") | E24: =IFERROR(INDEX(Suivi!$E:$E,24+($C$1-1)*54),"") | F24: =IFERROR(INDEX(Suivi!$F:$F,24+($C$1-1)*54),"") | O24: =IFERROR(IF(ISNUMBER($A24),1,VALUE(LEFT(SUBSTITUTE(TEXT($A24,"@"),",","."),FIND(".",SUBSTITUTE(TEXT($A24,"@"),",",".")&".0")-1))),"") | P24: =IFERROR(INDEX(Suivi!$G:$G,24+($C$1-1)*54),"")
A25: =IFERROR(INDEX(Suivi!$B:$B,25+($C$1-1)*54),"") | C25: =IFERROR(IF(INDEX(Suivi!$D:$D,25+($C$1-1)*54)="",INDEX(Suivi!$C:$C,25+($C$1-1)*54),INDEX(Suivi!$D:$D,25+($C$1-1)*54)),"") | E25: =IFERROR(INDEX(Suivi!$E:$E,25+($C$1-1)*54),"") | F25: =IFERROR(INDEX(Suivi!$F:$F,25+($C$1-1)*54),"") | O25: =IFERROR(IF(ISNUMBER($A25),1,VALUE(LEFT(SUBSTITUTE(TEXT($A25,"@"),",","."),FIND(".",SUBSTITUTE(TEXT($A25,"@"),",",".")&".0")-1))),"") | P25: =IFERROR(INDEX(Suivi!$G:$G,25+($C$1-1)*54),"")
A26: =IFERROR(INDEX(Suivi!$B:$B,26+($C$1-1)*54),"") | C26: =IFERROR(IF(INDEX(Suivi!$D:$D,26+($C$1-1)*54)="",INDEX(Suivi!$C:$C,26+($C$1-1)*54),INDEX(Suivi!$D:$D,26+($C$1-1)*54)),"") | E26: =IFERROR(INDEX(Suivi!$E:$E,26+($C$1-1)*54),"") | F26: =IFERROR(INDEX(Suivi!$F:$F,26+($C$1-1)*54),"") | O26: =IFERROR(IF(ISNUMBER($A26),1,VALUE(LEFT(SUBSTITUTE(TEXT($A26,"@"),",","."),FIND(".",SUBSTITUTE(TEXT($A26,"@"),",",".")&".0")-1))),"") | P26: =IFERROR(INDEX(Suivi!$G:$G,26+($C$1-1)*54),"")
A27: =IFERROR(INDEX(Suivi!$B:$B,27+($C$1-1)*54),"") | C27: =IFERROR(IF(INDEX(Suivi!$D:$D,27+($C$1-1)*54)="",INDEX(Suivi!$C:$C,27+($C$1-1)*54),INDEX(Suivi!$D:$D,27+($C$1-1)*54)),"") | E27: =IFERROR(INDEX(Suivi!$E:$E,27+($C$1-1)*54),"") | F27: =IFERROR(INDEX(Suivi!$F:$F,27+($C$1-1)*54),"") | O27: =IFERROR(IF(ISNUMBER($A27),1,VALUE(LEFT(SUBSTITUTE(TEXT($A27,"@"),",","."),FIND(".",SUBSTITUTE(TEXT($A27,"@"),",",".")&".0")-1))),"") | P27: =IFERROR(INDEX(Suivi!$G:$G,27+($C$1-1)*54),"")
A28: =IFERROR(INDEX(Suivi!$B:$B,28+($C$1-1)*54),"") | C28: =IFERROR(IF(INDEX(Suivi!$D:$D,28+($C$1-1)*54)="",INDEX(Suivi!$C:$C,28+($C$1-1)*54),INDEX(Suivi!$D:$D,28+($C$1-1)*54)),"") | E28: =IFERROR(INDEX(Suivi!$E:$E,28+($C$1-1)*54),"") | F28: =IFERROR(INDEX(Suivi!$F:$F,28+($C$1-1)*54),"") | O28: =IFERROR(IF(ISNUMBER($A28),1,VALUE(LEFT(SUBSTITUTE(TEXT($A28,"@"),",","."),FIND(".",SUBSTITUTE(TEXT($A28,"@"),",",".")&".0")-1))),"") | P28: =IFERROR(INDEX(Suivi!$G:$G,28+($C$1-1)*54),"")
A29: =IFERROR(INDEX(Suivi!$B:$B,29+($C$1-1)*54),"") | C29: =IFERROR(IF(INDEX(Suivi!$D:$D,29+($C$1-1)*54)="",INDEX(Suivi!$C:$C,29+($C$1-1)*54),INDEX(Suivi!$D:$D,29+($C$1-1)*54)),"") | E29: =IFERROR(INDEX(Suivi!$E:$E,29+($C$1-1)*54),"") | F29: =IFERROR(INDEX(Suivi!$F:$F,29+($C$1-1)*54),"") | O29: =IFERROR(IF(ISNUMBER($A29),1,VALUE(LEFT(SUBSTITUTE(TEXT($A29,"@"),",","."),FIND(".",SUBSTITUTE(TEXT($A29,"@"),",",".")&".0")-1))),"") | P29: =IFERROR(INDEX(Suivi!$G:$G,29+($C$1-1)*54),"")
A30: =IFERROR(INDEX(Suivi!$B:$B,30+($C$1-1)*54),"") | C30: =IFERROR(IF(INDEX(Suivi!$D:$D,30+($C$1-1)*54)="",INDEX(Suivi!$C:$C,30+($C$1-1)*54),INDEX(Suivi!$D:$D,30+($C$1-1)*54)),"") | E30: =IFERROR(INDEX(Suivi!$E:$E,30+($C$1-1)*54),"") | F30: =IFERROR(INDEX(Suivi!$F:$F,30+($C$1-1)*54),"") | O30: =IFERROR(IF(ISNUMBER($A30),1,VALUE(LEFT(SUBSTITUTE(TEXT($A30,"@"),",","."),FIND(".",SUBSTITUTE(TEXT($A30,"@"),",",".")&".0")-1))),"") | P30: =IFERROR(INDEX(Suivi!$G:$G,30+($C$1-1)*54),"")
A31: =IFERROR(INDEX(Suivi!$B:$B,31+($C$1-1)*54),"") | C31: =IFERROR(IF(INDEX(Suivi!$D:$D,31+($C$1-1)*54)="",INDEX(Suivi!$C:$C,31+($C$1-1)*54),INDEX(Suivi!$D:$D,31+($C$1-1)*54)),"") | E31: =IFERROR(INDEX(Suivi!$E:$E,31+($C$1-1)*54),"") | F31: =IFERROR(INDEX(Suivi!$F:$F,31+($C$1-1)*54),"") | O31: =IFERROR(IF(ISNUMBER($A31),1,VALUE(LEFT(SUBSTITUTE(TEXT($A31,"@"),",","."),FIND(".",SUBSTITUTE(TEXT($A31,"@"),",",".")&".0")-1))),"") | P31: =IFERROR(INDEX(Suivi!$G:$G,31+($C$1-1)*54),"")
A32: =IFERROR(INDEX(Suivi!$B:$B,32+($C$1-1)*54),"") | C32: =IFERROR(IF(INDEX(Suivi!$D:$D,32+($C$1-1)*54)="",INDEX(Suivi!$C:$C,32+($C$1-1)*54),INDEX(Suivi!$D:$D,32+($C$1-1)*54)),"") | E32: =IFERROR(INDEX(Suivi!$E:$E,32+($C$1-1)*54),"") | F32: =IFERROR(INDEX(Suivi!$F:$F,32+($C$1-1)*54),"") | O32: =IFERROR(IF(ISNUMBER($A32),1,VALUE(LEFT(SUBSTITUTE(TEXT($A32,"@"),",","."),FIND(".",SUBSTITUTE(TEXT($A32,"@"),",",".")&".0")-1))),"") | P32: =IFERROR(INDEX(Suivi!$G:$G,32+($C$1-1)*54),"")
A33: =IFERROR(INDEX(Suivi!$B:$B,33+($C$1-1)*54),"") | C33: =IFERROR(IF(INDEX(Suivi!$D:$D,33+($C$1-1)*54)="",INDEX(Suivi!$C:$C,33+($C$1-1)*54),INDEX(Suivi!$D:$D,33+($C$1-1)*54)),"") | E33: =IFERROR(INDEX(Suivi!$E:$E,33+($C$1-1)*54),"") | F33: =IFERROR(INDEX(Suivi!$F:$F,33+($C$1-1)*54),"") | O33: =IFERROR(IF(ISNUMBER($A33),1,VALUE(LEFT(SUBSTITUTE(TEXT($A33,"@"),",","."),FIND(".",SUBSTITUTE(TEXT($A33,"@"),",",".")&".0")-1))),"") | P33: =IFERROR(INDEX(Suivi!$G:$G,33+($C$1-1)*54),"")
A34: =IFERROR(INDEX(Suivi!$B:$B,34+($C$1-1)*54),"") | C34: =IFERROR(IF(INDEX(Suivi!$D:$D,34+($C$1-1)*54)="",INDEX(Suivi!$C:$C,34+($C$1-1)*54),INDEX(Suivi!$D:$D,34+($C$1-1)*54)),"") | E34: =IFERROR(INDEX(Suivi!$E:$E,34+($C$1-1)*54),"") | F34: =IFERROR(INDEX(Suivi!$F:$F,34+($C$1-1)*54),"") | O34: =IFERROR(IF(ISNUMBER($A34),1,VALUE(LEFT(SUBSTITUTE(TEXT($A34,"@"),",","."),FIND(".",SUBSTITUTE(TEXT($A34,"@"),",",".")&".0")-1))),"") | P34: =IFERROR(INDEX(Suivi!$G:$G,34+($C$1-1)*54),"")
A35: =IFERROR(INDEX(Suivi!$B:$B,35+($C$1-1)*54),"") | C35: =IFERROR(IF(INDEX(Suivi!$D:$D,35+($C$1-1)*54)="",INDEX(Suivi!$C:$C,35+($C$1-1)*54),INDEX(Suivi!$D:$D,35+($C$1-1)*54)),"") | E35: =IFERROR(INDEX(Suivi!$E:$E,35+($C$1-1)*54),"") | F35: =IFERROR(INDEX(Suivi!$F:$F,35+($C$1-1)*54),"") | O35: =IFERROR(IF(ISNUMBER($A35),1,VALUE(LEFT(SUBSTITUTE(TEXT($A35,"@"),",","."),FIND(".",SUBSTITUTE(TEXT($A35,"@"),",",".")&".0")-1))),"") | P35: =IFERROR(INDEX(Suivi!$G:$G,35+($C$1-1)*54),"")
A36: =IFERROR(INDEX(Suivi!$B:$B,36+($C$1-1)*54),"") | C36: =IFERROR(IF(INDEX(Suivi!$D:$D,36+($C$1-1)*54)="",INDEX(Suivi!$C:$C,36+($C$1-1)*54),INDEX(Suivi!$D:$D,36+($C$1-1)*54)),"") | E36: =IFERROR(INDEX(Suivi!$E:$E,36+($C$1-1)*54),"") | F36: =IFERROR(INDEX(Suivi!$F:$F,36+($C$1-1)*54),"") | O36: =IFERROR(IF(ISNUMBER($A36),1,VALUE(LEFT(SUBSTITUTE(TEXT($A36,"@"),",","."),FIND(".",SUBSTITUTE(TEXT($A36,"@"),",",".")&".0")-1))),"") | P36: =IFERROR(INDEX(Suivi!$G:$G,36+($C$1-1)*54),"")
A37: =IFERROR(INDEX(Suivi!$B:$B,37+($C$1-1)*54),"") | C37: =IFERROR(IF(INDEX(Suivi!$D:$D,37+($C$1-1)*54)="",INDEX(Suivi!$C:$C,37+($C$1-1)*54),INDEX(Suivi!$D:$D,37+($C$1-1)*54)),"") | E37: =IFERROR(INDEX(Suivi!$E:$E,37+($C$1-1)*54),"") | F37: =IFERROR(INDEX(Suivi!$F:$F,37+($C$1-1)*54),"") | O37: =IFERROR(IF(ISNUMBER($A37),1,VALUE(LEFT(SUBSTITUTE(TEXT($A37,"@"),",","."),FIND(".",SUBSTITUTE(TEXT($A37,"@"),",",".")&".0")-1))),"") | P37: =IFERROR(INDEX(Suivi!$G:$G,37+($C$1-1)*54),"")
A38: =IFERROR(INDEX(Suivi!$B:$B,38+($C$1-1)*54),"") | C38: =IFERROR(IF(INDEX(Suivi!$D:$D,38+($C$1-1)*54)="",INDEX(Suivi!$C:$C,38+($C$1-1)*54),INDEX(Suivi!$D:$D,38+($C$1-1)*54)),"") | E38: =IFERROR(INDEX(Suivi!$E:$E,38+($C$1-1)*54),"") | F38: =IFERROR(INDEX(Suivi!$F:$F,38+($C$1-1)*54),"") | O38: =IFERROR(IF(ISNUMBER($A38),1,VALUE(LEFT(SUBSTITUTE(TEXT($A38,"@"),",","."),FIND(".",SUBSTITUTE(TEXT($A38,"@"),",",".")&".0")-1))),"") | P38: =IFERROR(INDEX(Suivi!$G:$G,38+($C$1-1)*54),"")
A39: =IFERROR(INDEX(Suivi!$B:$B,39+($C$1-1)*54),"") | C39: =IFERROR(IF(INDEX(Suivi!$D:$D,39+($C$1-1)*54)="",INDEX(Suivi!$C:$C,39+($C$1-1)*54),INDEX(Suivi!$D:$D,39+($C$1-1)*54)),"") | E39: =IFERROR(INDEX(Suivi!$E:$E,39+($C$1-1)*54),"") | F39: =IFERROR(INDEX(Suivi!$F:$F,39+($C$1-1)*54),"") | O39: =IFERROR(IF(ISNUMBER($A39),1,VALUE(LEFT(SUBSTITUTE(TEXT($A39,"@"),",","."),FIND(".",SUBSTITUTE(TEXT($A39,"@"),",",".")&".0")-1))),"") | P39: =IFERROR(INDEX(Suivi!$G:$G,39+($C$1-1)*54),"")
A40: =IFERROR(INDEX(Suivi!$B:$B,40+($C$1-1)*54),"") | C40: =IFERROR(IF(INDEX(Suivi!$D:$D,40+($C$1-1)*54)="",INDEX(Suivi!$C:$C,40+($C$1-1)*54),INDEX(Suivi!$D:$D,40+($C$1-1)*54)),"") | E40: =IFERROR(INDEX(Suivi!$E:$E,40+($C$1-1)*54),"") | F40: =IFERROR(INDEX(Suivi!$F:$F,40+($C$1-1)*54),"") | O40: =IFERROR(IF(ISNUMBER($A40),1,VALUE(LEFT(SUBSTITUTE(TEXT($A40,"@"),",","."),FIND(".",SUBSTITUTE(TEXT($A40,"@"),",",".")&".0")-1))),"") | P40: =IFERROR(INDEX(Suivi!$G:$G,40+($C$1-1)*54),"")
A41: =IFERROR(INDEX(Suivi!$B:$B,41+($C$1-1)*54),"") | C41: =IFERROR(IF(INDEX(Suivi!$D:$D,41+($C$1-1)*54)="",INDEX(Suivi!$C:$C,41+($C$1-1)*54),INDEX(Suivi!$D:$D,41+($C$1-1)*54)),"") | E41: =IFERROR(INDEX(Suivi!$E:$E,41+($C$1-1)*54),"") | F41: =IFERROR(INDEX(Suivi!$F:$F,41+($C$1-1)*54),"") | O41: =IFERROR(IF(ISNUMBER($A41),1,VALUE(LEFT(SUBSTITUTE(TEXT($A41,"@"),",","."),FIND(".",SUBSTITUTE(TEXT($A41,"@"),",",".")&".0")-1))),"") | P41: =IFERROR(INDEX(Suivi!$G:$G,41+($C$1-1)*54),"")
A42: =IFERROR(INDEX(Suivi!$B:$B,42+($C$1-1)*54),"") | C42: =IFERROR(IF(INDEX(Suivi!$D:$D,42+($C$1-1)*54)="",INDEX(Suivi!$C:$C,42+($C$1-1)*54),INDEX(Suivi!$D:$D,42+($C$1-1)*54)),"") | E42: =IFERROR(INDEX(Suivi!$E:$E,42+($C$1-1)*54),"") | F42: =IFERROR(INDEX(Suivi!$F:$F,42+($C$1-1)*54),"") | O42: =IFERROR(IF(ISNUMBER($A42),1,VALUE(LEFT(SUBSTITUTE(TEXT($A42,"@"),",","."),FIND(".",SUBSTITUTE(TEXT($A42,"@"),",",".")&".0")-1))),"") | P42: =IFERROR(INDEX(Suivi!$G:$G,42+($C$1-1)*54),"")
A43: =IFERROR(INDEX(Suivi!$B:$B,43+($C$1-1)*54),"") | C43: =IFERROR(IF(INDEX(Suivi!$D:$D,43+($C$1-1)*54)="",INDEX(Suivi!$C:$C,43+($C$1-1)*54),INDEX(Suivi!$D:$D,43+($C$1-1)*54)),"") | E43: =IFERROR(INDEX(Suivi!$E:$E,43+($C$1-1)*54),"") | F43: =IFERROR(INDEX(Suivi!$F:$F,43+($C$1-1)*54),"") | O43: =IFERROR(IF(ISNUMBER($A43),1,VALUE(LEFT(SUBSTITUTE(TEXT($A43,"@"),",","."),FIND(".",SUBSTITUTE(TEXT($A43,"@"),",",".")&".0")-1))),"") | P43: =IFERROR(INDEX(Suivi!$G:$G,43+($C$1-1)*54),"")
A44: =IFERROR(INDEX(Suivi!$B:$B,44+($C$1-1)*54),"") | C44: =IFERROR(IF(INDEX(Suivi!$D:$D,44+($C$1-1)*54)="",INDEX(Suivi!$C:$C,44+($C$1-1)*54),INDEX(Suivi!$D:$D,44+($C$1-1)*54)),"") | E44: =IFERROR(INDEX(Suivi!$E:$E,44+($C$1-1)*54),"") | F44: =IFERROR(INDEX(Suivi!$F:$F,44+($C$1-1)*54),"") | O44: =IFERROR(IF(ISNUMBER($A44),1,VALUE(LEFT(SUBSTITUTE(TEXT($A44,"@"),",","."),FIND(".",SUBSTITUTE(TEXT($A44,"@"),",",".")&".0")-1))),"") | P44: =IFERROR(INDEX(Suivi!$G:$G,44+($C$1-1)*54),"")
A45: =IFERROR(INDEX(Suivi!$B:$B,45+($C$1-1)*54),"") | C45: =IFERROR(IF(INDEX(Suivi!$D:$D,45+($C$1-1)*54)="",INDEX(Suivi!$C:$C,45+($C$1-1)*54),INDEX(Suivi!$D:$D,45+($C$1-1)*54)),"") | E45: =IFERROR(INDEX(Suivi!$E:$E,45+($C$1-1)*54),"") | F45: =IFERROR(INDEX(Suivi!$F:$F,45+($C$1-1)*54),"") | O45: =IFERROR(IF(ISNUMBER($A45),1,VALUE(LEFT(SUBSTITUTE(TEXT($A45,"@"),",","."),FIND(".",SUBSTITUTE(TEXT($A45,"@"),",",".")&".0")-1))),"") | P45: =IFERROR(INDEX(Suivi!$G:$G,45+($C$1-1)*54),"")
A46: =IFERROR(INDEX(Suivi!$B:$B,46+($C$1-1)*54),"") | C46: =IFERROR(IF(INDEX(Suivi!$D:$D,46+($C$1-1)*54)="",INDEX(Suivi!$C:$C,46+($C$1-1)*54),INDEX(Suivi!$D:$D,46+($C$1-1)*54)),"") | E46: =IFERROR(INDEX(Suivi!$E:$E,46+($C$1-1)*54),"") | F46: =IFERROR(INDEX(Suivi!$F:$F,46+($C$1-1)*54),"") | O46: =IFERROR(IF(ISNUMBER($A46),1,VALUE(LEFT(SUBSTITUTE(TEXT($A46,"@"),",","."),FIND(".",SUBSTITUTE(TEXT($A46,"@"),",",".")&".0")-1))),"") | P46: =IFERROR(INDEX(Suivi!$G:$G,46+($C$1-1)*54),"")
A47: =IFERROR(INDEX(Suivi!$B:$B,47+($C$1-1)*54),"") | C47: =IFERROR(IF(INDEX(Suivi!$D:$D,47+($C$1-1)*54)="",INDEX(Suivi!$C:$C,47+($C$1-1)*54),INDEX(Suivi!$D:$D,47+($C$1-1)*54)),"") | E47: =IFERROR(INDEX(Suivi!$E:$E,47+($C$1-1)*54),"") | F47: =IFERROR(INDEX(Suivi!$F:$F,47+($C$1-1)*54),"") | O47: =IFERROR(IF(ISNUMBER($A47),1,VALUE(LEFT(SUBSTITUTE(TEXT($A47,"@"),",","."),FIND(".",SUBSTITUTE(TEXT($A47,"@"),",",".")&".0")-1))),"") | P47: =IFERROR(INDEX(Suivi!$G:$G,47+($C$1-1)*54),"")
A48: =IFERROR(INDEX(Suivi!$B:$B,48+($C$1-1)*54),"") | C48: =IFERROR(IF(INDEX(Suivi!$D:$D,48+($C$1-1)*54)="",INDEX(Suivi!$C:$C,48+($C$1-1)*54),INDEX(Suivi!$D:$D,48+($C$1-1)*54)),"") | E48: =IFERROR(INDEX(Suivi!$E:$E,48+($C$1-1)*54),"") | F48: =IFERROR(INDEX(Suivi!$F:$F,48+($C$1-1)*54),"") | O48: =IFERROR(IF(ISNUMBER($A48),1,VALUE(LEFT(SUBSTITUTE(TEXT($A48,"@"),",","."),FIND(".",SUBSTITUTE(TEXT($A48,"@"),",",".")&".0")-1))),"") | P48: =IFERROR(INDEX(Suivi!$G:$G,48+($C$1-1)*54),"")
A49: =IFERROR(INDEX(Suivi!$B:$B,49+($C$1-1)*54),"") | C49: =IFERROR(IF(INDEX(Suivi!$D:$D,49+($C$1-1)*54)="",INDEX(Suivi!$C:$C,49+($C$1-1)*54),INDEX(Suivi!$D:$D,49+($C$1-1)*54)),"") | E49: =IFERROR(INDEX(Suivi!$E:$E,49+($C$1-1)*54),"") | F49: =IFERROR(INDEX(Suivi!$F:$F,49+($C$1-1)*54),"") | O49: =IFERROR(IF(ISNUMBER($A49),1,VALUE(LEFT(SUBSTITUTE(TEXT($A49,"@"),",","."),FIND(".",SUBSTITUTE(TEXT($A49,"@"),",",".")&".0")-1))),"") | P49: =IFERROR(INDEX(Suivi!$G:$G,49+($C$1-1)*54),"")
A50: =IFERROR(INDEX(Suivi!$B:$B,50+($C$1-1)*54),"") | C50: =IFERROR(IF(INDEX(Suivi!$D:$D,50+($C$1-1)*54)="",INDEX(Suivi!$C:$C,50+($C$1-1)*54),INDEX(Suivi!$D:$D,50+($C$1-1)*54)),"") | E50: =IFERROR(INDEX(Suivi!$E:$E,50+($C$1-1)*54),"") | F50: =IFERROR(INDEX(Suivi!$F:$F,50+($C$1-1)*54),"") | O50: =IFERROR(IF(ISNUMBER($A50),1,VALUE(LEFT(SUBSTITUTE(TEXT($A50,"@"),",","."),FIND(".",SUBSTITUTE(TEXT($A50,"@"),",",".")&".0")-1))),"") | P50: =IFERROR(INDEX(Suivi!$G:$G,50+($C$1-1)*54),"")
A51: =IFERROR(INDEX(Suivi!$B:$B,51+($C$1-1)*54),"") | C51: =IFERROR(IF(INDEX(Suivi!$D:$D,51+($C$1-1)*54)="",INDEX(Suivi!$C:$C,51+($C$1-1)*54),INDEX(Suivi!$D:$D,51+($C$1-1)*54)),"") | E51: =IFERROR(INDEX(Suivi!$E:$E,51+($C$1-1)*54),"") | F51: =IFERROR(INDEX(Suivi!$F:$F,51+($C$1-1)*54),"") | O51: =IFERROR(IF(ISNUMBER($A51),1,VALUE(LEFT(SUBSTITUTE(TEXT($A51,"@"),",","."),FIND(".",SUBSTITUTE(TEXT($A51,"@"),",",".")&".0")-1))),"") | P51: =IFERROR(INDEX(Suivi!$G:$G,51+($C$1-1)*54),"")
A52: =IFERROR(INDEX(Suivi!$B:$B,52+($C$1-1)*54),"") | C52: =IFERROR(IF(INDEX(Suivi!$D:$D,52+($C$1-1)*54)="",INDEX(Suivi!$C:$C,52+($C$1-1)*54),INDEX(Suivi!$D:$D,52+($C$1-1)*54)),"") | E52: =IFERROR(INDEX(Suivi!$E:$E,52+($C$1-1)*54),"") | F52: =IFERROR(INDEX(Suivi!$F:$F,52+($C$1-1)*54),"") | O52: =IFERROR(IF(ISNUMBER($A52),1,VALUE(LEFT(SUBSTITUTE(TEXT($A52,"@"),",","."),FIND(".",SUBSTITUTE(TEXT($A52,"@"),",",".")&".0")-1))),"") | P52: =IFERROR(INDEX(Suivi!$G:$G,52+($C$1-1)*54),"")
A53: =IFERROR(INDEX(Suivi!$B:$B,53+($C$1-1)*54),"") | C53: =IFERROR(IF(INDEX(Suivi!$D:$D,53+($C$1-1)*54)="",INDEX(Suivi!$C:$C,53+($C$1-1)*54),INDEX(Suivi!$D:$D,53+($C$1-1)*54)),"") | E53: =IFERROR(INDEX(Suivi!$E:$E,53+($C$1-1)*54),"") | F53: =IFERROR(INDEX(Suivi!$F:$F,53+($C$1-1)*54),"") | O53: =IFERROR(IF(ISNUMBER($A53),1,VALUE(LEFT(SUBSTITUTE(TEXT($A53,"@"),",","."),FIND(".",SUBSTITUTE(TEXT($A53,"@"),",",".")&".0")-1))),"") | P53: =IFERROR(INDEX(Suivi!$G:$G,53+($C$1-1)*54),"")
A54: =IFERROR(INDEX(Suivi!$B:$B,54+($C$1-1)*54),"") | C54: =IFERROR(IF(INDEX(Suivi!$D:$D,54+($C$1-1)*54)="",INDEX(Suivi!$C:$C,54+($C$1-1)*54),INDEX(Suivi!$D:$D,54+($C$1-1)*54)),"") | E54: =IFERROR(INDEX(Suivi!$E:$E,54+($C$1-1)*54),"") | F54: =IFERROR(INDEX(Suivi!$F:$F,54+($C$1-1)*54),"") | O54: =IFERROR(IF(ISNUMBER($A54),1,VALUE(LEFT(SUBSTITUTE(TEXT($A54,"@"),",","."),FIND(".",SUBSTITUTE(TEXT($A54,"@"),",",".")&".0")-1))),"") | P54: =IFERROR(INDEX(Suivi!$G:$G,54+($C$1-1)*54),"")
A55: =IFERROR(INDEX(Suivi!$B:$B,55+($C$1-1)*54),"") | C55: =IFERROR(IF(INDEX(Suivi!$D:$D,55+($C$1-1)*54)="",INDEX(Suivi!$C:$C,55+($C$1-1)*54),INDEX(Suivi!$D:$D,55+($C$1-1)*54)),"") | E55: =IFERROR(INDEX(Suivi!$E:$E,55+($C$1-1)*54),"") | F55: =IFERROR(INDEX(Suivi!$F:$F,55+($C$1-1)*54),"") | O55: =IFERROR(IF(ISNUMBER($A55),1,VALUE(LEFT(SUBSTITUTE(TEXT($A55,"@"),",","."),FIND(".",SUBSTITUTE(TEXT($A55,"@"),",",".")&".0")-1))),"") | P55: =IFERROR(INDEX(Suivi!$G:$G,55+($C$1-1)*54),"")
A56: =IFERROR(INDEX(Suivi!$B:$B,56+($C$1-1)*54),"") | C56: =IFERROR(IF(INDEX(Suivi!$D:$D,56+($C$1-1)*54)="",INDEX(Suivi!$C:$C,56+($C$1-1)*54),INDEX(Suivi!$D:$D,56+($C$1-1)*54)),"") | E56: =IFERROR(INDEX(Suivi!$E:$E,56+($C$1-1)*54),"") | F56: =IFERROR(INDEX(Suivi!$F:$F,56+($C$1-1)*54),"") | O56: =IFERROR(IF(ISNUMBER($A56),1,VALUE(LEFT(SUBSTITUTE(TEXT($A56,"@"),",","."),FIND(".",SUBSTITUTE(TEXT($A56,"@"),",",".")&".0")-1))),"") | P56: =IFERROR(INDEX(Suivi!$G:$G,56+($C$1-1)*54),"")
A57: =IFERROR(INDEX(Suivi!$B:$B,57+($C$1-1)*54),"") | C57: =IFERROR(IF(INDEX(Suivi!$D:$D,57+($C$1-1)*54)="",INDEX(Suivi!$C:$C,57+($C$1-1)*54),INDEX(Suivi!$D:$D,57+($C$1-1)*54)),"") | E57: =IFERROR(INDEX(Suivi!$E:$E,57+($C$1-1)*54),"") | F57: =IFERROR(INDEX(Suivi!$F:$F,57+($C$1-1)*54),"") | O57: =IFERROR(IF(ISNUMBER($A57),1,VALUE(LEFT(SUBSTITUTE(TEXT($A57,"@"),",","."),FIND(".",SUBSTITUTE(TEXT($A57,"@"),",",".")&".0")-1))),"") | P57: =IFERROR(INDEX(Suivi!$G:$G,57+($C$1-1)*54),"")
C58: Jalon CS : | E58: =IFERROR(INDEX(Dossiers!$F$4:$F$63,$C$1),"") | G58: =IF($E$58="","",IF(G$4=$E$58,"◆CS","")) | H58: =IF($E$58="","",IF(H$4=$E$58,"◆CS","")) | I58: =IF($E$58="","",IF(I$4=$E$58,"◆CS","")) | J58: =IF($E$58="","",IF(J$4=$E$58,"◆CS","")) | K58: =IF($E$58="","",IF(K$4=$E$58,"◆CS","")) | L58: =IF($E$58="","",IF(L$4=$E$58,"◆CS","")) | M58: =IF($E$58="","",IF(M$4=$E$58,"◆CS","")) | N58: =IF($E$58="","",IF(N$4=$E$58,"◆CS","")) | ... EP58: =IF($E$58="","",IF(EP$4=$E$58,"◆CS",""))
C59: Jalon Jury : | E59: =IFERROR(INDEX(Dossiers!$G$4:$G$63,$C$1),"") | G59: =IF($E$59="","",IF(G$4=$E$59,"◆JURY","")) | H59: =IF($E$59="","",IF(H$4=$E$59,"◆JURY","")) | I59: =IF($E$59="","",IF(I$4=$E$59,"◆JURY","")) | J59: =IF($E$59="","",IF(J$4=$E$59,"◆JURY","")) | K59: =IF($E$59="","",IF(K$4=$E$59,"◆JURY","")) | L59: =IF($E$59="","",IF(L$4=$E$59,"◆JURY","")) | M59: =IF($E$59="","",IF(M$4=$E$59,"◆JURY","")) | N59: =IF($E$59="","",IF(N$4=$E$59,"◆JURY","")) | ... EP59: =IF($E$59="","",IF(EP$4=$E$59,"◆JURY",""))
C61: Légende : | H61: Macro-étape (synthèse)
H62: 1 · Demande de recrutement
H63: 2 · Publicité
H64: 3 · Choix candidats CS
H65: 4 · Choix candidats Jury
H66: 5 · Jury
H67: 6 · Procédure
C68: Gantt dynamique : changez le dossier en C1 ou modifiez Dossiers / Paramètres / Suivi. | H68: Alerte retard
H69: ◆ Date CS
H70: ◆ Date Jury
C72: Le calendrier démarre automatiquement avant le début du dossier pour inclure les jalons CS/Jury.

Sheet Planning
A1: PLANNING GLISSANT — Tâches à faire, dossier par dossier
A2: Modifiez la date en D2 pour faire glisser la fenêtre d'un mois. | C2: Date de référence : | D2: =TODAY() | E2: Fin de période : | F2: =D2+30
A3: Dossier | B3: ID | C3: Étape | D3: Début | E3: Fin | F3: Statut | G3: Fait ? | H3: Période | I3: Retard | J3: Date CS | K3: Date Jury
A4: =IF($B4="","",INDEX(Dossiers!$E$4:$E$63,1)) | B4: =IF(INDEX(Suivi!$B:$B,5)="","",INDEX(Suivi!$B:$B,5)) | C4: =IF($B4="","",IF(INDEX(Suivi!$D:$D,5)="",INDEX(Suivi!$C:$C,5),INDEX(Suivi!$D:$D,5))) | D4: =IF($B4="","",INDEX(Suivi!$E:$E,5)) | E4: =IF($B4="","",INDEX(Suivi!$F:$F,5)) | F4: =IF($B4="","",INDEX(Suivi!$G:$G,5)) | H4: =IF(OR($B4="",NOT(ISNUMBER($D4))),"",IF($E4<$D$2,"Passé",IF($D4>$F$2,"À venir","Dans la période"))) | I4: =IF(OR($B4="",NOT(ISNUMBER($D4))),"",IF(AND($E4<$D$2,$G4<>"X",$F4<>"Réalisé",$F4<>"Clôturé"),"RETARD","")) | J4: =IF($B4="","",IF(INDEX(Dossiers!$F$4:$F$63,1)="","",INDEX(Dossiers!$F$4:$F$63,1))) | K4: =IF($B4="","",IF(INDEX(Dossiers!$G$4:$G$63,1)="","",INDEX(Dossiers!$G$4:$G$63,1)))
A5: =IF($B5="","",INDEX(Dossiers!$E$4:$E$63,1)) | B5: =IF(INDEX(Suivi!$B:$B,6)="","",INDEX(Suivi!$B:$B,6)) | C5: =IF($B5="","",IF(INDEX(Suivi!$D:$D,6)="",INDEX(Suivi!$C:$C,6),INDEX(Suivi!$D:$D,6))) | D5: =IF($B5="","",INDEX(Suivi!$E:$E,6)) | E5: =IF($B5="","",INDEX(Suivi!$F:$F,6)) | F5: =IF($B5="","",INDEX(Suivi!$G:$G,6)) | H5: =IF(OR($B5="",NOT(ISNUMBER($D5))),"",IF($E5<$D$2,"Passé",IF($D5>$F$2,"À venir","Dans la période"))) | I5: =IF(OR($B5="",NOT(ISNUMBER($D5))),"",IF(AND($E5<$D$2,$G5<>"X",$F5<>"Réalisé",$F5<>"Clôturé"),"RETARD","")) | J5: =IF($B5="","",IF(INDEX(Dossiers!$F$4:$F$63,1)="","",INDEX(Dossiers!$F$4:$F$63,1))) | K5: =IF($B5="","",IF(INDEX(Dossiers!$G$4:$G$63,1)="","",INDEX(Dossiers!$G$4:$G$63,1)))
A6: =IF($B6="","",INDEX(Dossiers!$E$4:$E$63,1)) | B6: =IF(INDEX(Suivi!$B:$B,7)="","",INDEX(Suivi!$B:$B,7)) | C6: =IF($B6="","",IF(INDEX(Suivi!$D:$D,7)="",INDEX(Suivi!$C:$C,7),INDEX(Suivi!$D:$D,7))) | D6: =IF($B6="","",INDEX(Suivi!$E:$E,7)) | E6: =IF($B6="","",INDEX(Suivi!$F:$F,7)) | F6: =IF($B6="","",INDEX(Suivi!$G:$G,7)) | H6: =IF(OR($B6="",NOT(ISNUMBER($D6))),"",IF($E6<$D$2,"Passé",IF($D6>$F$2,"À venir","Dans la période"))) | I6: =IF(OR($B6="",NOT(ISNUMBER($D6))),"",IF(AND($E6<$D$2,$G6<>"X",$F6<>"Réalisé",$F6<>"Clôturé"),"RETARD","")) | J6: =IF($B6="","",IF(INDEX(Dossiers!$F$4:$F$63,1)="","",INDEX(Dossiers!$F$4:$F$63,1))) | K6: =IF($B6="","",IF(INDEX(Dossiers!$G$4:$G$63,1)="","",INDEX(Dossiers!$G$4:$G$63,1)))
A7: =IF($B7="","",INDEX(Dossiers!$E$4:$E$63,1)) | B7: =IF(INDEX(Suivi!$B:$B,8)="","",INDEX(Suivi!$B:$B,8)) | C7: =IF($B7="","",IF(INDEX(Suivi!$D:$D,8)="",INDEX(Suivi!$C:$C,8),INDEX(Suivi!$D:$D,8))) | D7: =IF($B7="","",INDEX(Suivi!$E:$E,8)) | E7: =IF($B7="","",INDEX(Suivi!$F:$F,8)) | F7: =IF($B7="","",INDEX(Suivi!$G:$G,8)) | H7: =IF(OR($B7="",NOT(ISNUMBER($D7))),"",IF($E7<$D$2,"Passé",IF($D7>$F$2,"À venir","Dans la période"))) | I7: =IF(OR($B7="",NOT(ISNUMBER($D7))),"",IF(AND($E7<$D$2,$G7<>"X",$F7<>"Réalisé",$F7<>"Clôturé"),"RETARD","")) | J7: =IF($B7="","",IF(INDEX(Dossiers!$F$4:$F$63,1)="","",INDEX(Dossiers!$F$4:$F$63,1))) | K7: =IF($B7="","",IF(INDEX(Dossiers!$G$4:$G$63,1)="","",INDEX(Dossiers!$G$4:$G$63,1)))
A8: =IF($B8="","",INDEX(Dossiers!$E$4:$E$63,1)) | B8: =IF(INDEX(Suivi!$B:$B,9)="","",INDEX(Suivi!$B:$B,9)) | C8: =IF($B8="","",IF(INDEX(Suivi!$D:$D,9)="",INDEX(Suivi!$C:$C,9),INDEX(Suivi!$D:$D,9))) | D8: =IF($B8="","",INDEX(Suivi!$E:$E,9)) | E8: =IF($B8="","",INDEX(Suivi!$F:$F,9)) | F8: =IF($B8="","",INDEX(Suivi!$G:$G,9)) | H8: =IF(OR($B8="",NOT(ISNUMBER($D8))),"",IF($E8<$D$2,"Passé",IF($D8>$F$2,"À venir","Dans la période"))) | I8: =IF(OR($B8="",NOT(ISNUMBER($D8))),"",IF(AND($E8<$D$2,$G8<>"X",$F8<>"Réalisé",$F8<>"Clôturé"),"RETARD","")) | J8: =IF($B8="","",IF(INDEX(Dossiers!$F$4:$F$63,1)="","",INDEX(Dossiers!$F$4:$F$63,1))) | K8: =IF($B8="","",IF(INDEX(Dossiers!$G$4:$G$63,1)="","",INDEX(Dossiers!$G$4:$G$63,1)))
A9: =IF($B9="","",INDEX(Dossiers!$E$4:$E$63,1)) | B9: =IF(INDEX(Suivi!$B:$B,10)="","",INDEX(Suivi!$B:$B,10)) | C9: =IF($B9="","",IF(INDEX(Suivi!$D:$D,10)="",INDEX(Suivi!$C:$C,10),INDEX(Suivi!$D:$D,10))) | D9: =IF($B9="","",INDEX(Suivi!$E:$E,10)) | E9: =IF($B9="","",INDEX(Suivi!$F:$F,10)) | F9: =IF($B9="","",INDEX(Suivi!$G:$G,10)) | H9: =IF(OR($B9="",NOT(ISNUMBER($D9))),"",IF($E9<$D$2,"Passé",IF($D9>$F$2,"À venir","Dans la période"))) | I9: =IF(OR($B9="",NOT(ISNUMBER($D9))),"",IF(AND($E9<$D$2,$G9<>"X",$F9<>"Réalisé",$F9<>"Clôturé"),"RETARD","")) | J9: =IF($B9="","",IF(INDEX(Dossiers!$F$4:$F$63,1)="","",INDEX(Dossiers!$F$4:$F$63,1))) | K9: =IF($B9="","",IF(INDEX(Dossiers!$G$4:$G$63,1)="","",INDEX(Dossiers!$G$4:$G$63,1)))
A10: =IF($B10="","",INDEX(Dossiers!$E$4:$E$63,1)) | B10: =IF(INDEX(Suivi!$B:$B,11)="","",INDEX(Suivi!$B:$B,11)) | C10: =IF($B10="","",IF(INDEX(Suivi!$D:$D,11)="",INDEX(Suivi!$C:$C,11),INDEX(Suivi!$D:$D,11))) | D10: =IF($B10="","",INDEX(Suivi!$E:$E,11)) | E10: =IF($B10="","",INDEX(Suivi!$F:$F,11)) | F10: =IF($B10="","",INDEX(Suivi!$G:$G,11)) | H10: =IF(OR($B10="",NOT(ISNUMBER($D10))),"",IF($E10<$D$2,"Passé",IF($D10>$F$2,"À venir","Dans la période"))) | I10: =IF(OR($B10="",NOT(ISNUMBER($D10))),"",IF(AND($E10<$D$2,$G10<>"X",$F10<>"Réalisé",$F10<>"Clôturé"),"RETARD","")) | J10: =IF($B10="","",IF(INDEX(Dossiers!$F$4:$F$63,1)="","",INDEX(Dossiers!$F$4:$F$63,1))) | K10: =IF($B10="","",IF(INDEX(Dossiers!$G$4:$G$63,1)="","",INDEX(Dossiers!$G$4:$G$63,1)))
A11: =IF($B11="","",INDEX(Dossiers!$E$4:$E$63,1)) | B11: =IF(INDEX(Suivi!$B:$B,12)="","",INDEX(Suivi!$B:$B,12)) | C11: =IF($B11="","",IF(INDEX(Suivi!$D:$D,12)="",INDEX(Suivi!$C:$C,12),INDEX(Suivi!$D:$D,12))) | D11: =IF($B11="","",INDEX(Suivi!$E:$E,12)) | E11: =IF($B11="","",INDEX(Suivi!$F:$F,12)) | F11: =IF($B11="","",INDEX(Suivi!$G:$G,12)) | H11: =IF(OR($B11="",NOT(ISNUMBER($D11))),"",IF($E11<$D$2,"Passé",IF($D11>$F$2,"À venir","Dans la période"))) | I11: =IF(OR($B11="",NOT(ISNUMBER($D11))),"",IF(AND($E11<$D$2,$G11<>"X",$F11<>"Réalisé",$F11<>"Clôturé"),"RETARD","")) | J11: =IF($B11="","",IF(INDEX(Dossiers!$F$4:$F$63,1)="","",INDEX(Dossiers!$F$4:$F$63,1))) | K11: =IF($B11="","",IF(INDEX(Dossiers!$G$4:$G$63,1)="","",INDEX(Dossiers!$G$4:$G$63,1)))
A12: =IF($B12="","",INDEX(Dossiers!$E$4:$E$63,1)) | B12: =IF(INDEX(Suivi!$B:$B,13)="","",INDEX(Suivi!$B:$B,13)) | C12: =IF($B12="","",IF(INDEX(Suivi!$D:$D,13)="",INDEX(Suivi!$C:$C,13),INDEX(Suivi!$D:$D,13))) | D12: =IF($B12="","",INDEX(Suivi!$E:$E,13)) | E12: =IF($B12="","",INDEX(Suivi!$F:$F,13)) | F12: =IF($B12="","",INDEX(Suivi!$G:$G,13)) | H12: =IF(OR($B12="",NOT(ISNUMBER($D12))),"",IF($E12<$D$2,"Passé",IF($D12>$F$2,"À venir","Dans la période"))) | I12: =IF(OR($B12="",NOT(ISNUMBER($D12))),"",IF(AND($E12<$D$2,$G12<>"X",$F12<>"Réalisé",$F12<>"Clôturé"),"RETARD","")) | J12: =IF($B12="","",IF(INDEX(Dossiers!$F$4:$F$63,1)="","",INDEX(Dossiers!$F$4:$F$63,1))) | K12: =IF($B12="","",IF(INDEX(Dossiers!$G$4:$G$63,1)="","",INDEX(Dossiers!$G$4:$G$63,1)))
A13: =IF($B13="","",INDEX(Dossiers!$E$4:$E$63,1)) | B13: =IF(INDEX(Suivi!$B:$B,14)="","",INDEX(Suivi!$B:$B,14)) | C13: =IF($B13="","",IF(INDEX(Suivi!$D:$D,14)="",INDEX(Suivi!$C:$C,14),INDEX(Suivi!$D:$D,14))) | D13: =IF($B13="","",INDEX(Suivi!$E:$E,14)) | E13: =IF($B13="","",INDEX(Suivi!$F:$F,14)) | F13: =IF($B13="","",INDEX(Suivi!$G:$G,14)) | H13: =IF(OR($B13="",NOT(ISNUMBER($D13))),"",IF($E13<$D$2,"Passé",IF($D13>$F$2,"À venir","Dans la période"))) | I13: =IF(OR($B13="",NOT(ISNUMBER($D13))),"",IF(AND($E13<$D$2,$G13<>"X",$F13<>"Réalisé",$F13<>"Clôturé"),"RETARD","")) | J13: =IF($B13="","",IF(INDEX(Dossiers!$F$4:$F$63,1)="","",INDEX(Dossiers!$F$4:$F$63,1))) | K13: =IF($B13="","",IF(INDEX(Dossiers!$G$4:$G$63,1)="","",INDEX(Dossiers!$G$4:$G$63,1)))
A14: =IF($B14="","",INDEX(Dossiers!$E$4:$E$63,1)) | B14: =IF(INDEX(Suivi!$B:$B,15)="","",INDEX(Suivi!$B:$B,15)) | C14: =IF($B14="","",IF(INDEX(Suivi!$D:$D,15)="",INDEX(Suivi!$C:$C,15),INDEX(Suivi!$D:$D,15))) | D14: =IF($B14="","",INDEX(Suivi!$E:$E,15)) | E14: =IF($B14="","",INDEX(Suivi!$F:$F,15)) | F14: =IF($B14="","",INDEX(Suivi!$G:$G,15)) | H14: =IF(OR($B14="",NOT(ISNUMBER($D14))),"",IF($E14<$D$2,"Passé",IF($D14>$F$2,"À venir","Dans la période"))) | I14: =IF(OR($B14="",NOT(ISNUMBER($D14))),"",IF(AND($E14<$D$2,$G14<>"X",$F14<>"Réalisé",$F14<>"Clôturé"),"RETARD","")) | J14: =IF($B14="","",IF(INDEX(Dossiers!$F$4:$F$63,1)="","",INDEX(Dossiers!$F$4:$F$63,1))) | K14: =IF($B14="","",IF(INDEX(Dossiers!$G$4:$G$63,1)="","",INDEX(Dossiers!$G$4:$G$63,1)))
A15: =IF($B15="","",INDEX(Dossiers!$E$4:$E$63,1)) | B15: =IF(INDEX(Suivi!$B:$B,16)="","",INDEX(Suivi!$B:$B,16)) | C15: =IF($B15="","",IF(INDEX(Suivi!$D:$D,16)="",INDEX(Suivi!$C:$C,16),INDEX(Suivi!$D:$D,16))) | D15: =IF($B15="","",INDEX(Suivi!$E:$E,16)) | E15: =IF($B15="","",INDEX(Suivi!$F:$F,16)) | F15: =IF($B15="","",INDEX(Suivi!$G:$G,16)) | H15: =IF(OR($B15="",NOT(ISNUMBER($D15))),"",IF($E15<$D$2,"Passé",IF($D15>$F$2,"À venir","Dans la période"))) | I15: =IF(OR($B15="",NOT(ISNUMBER($D15))),"",IF(AND($E15<$D$2,$G15<>"X",$F15<>"Réalisé",$F15<>"Clôturé"),"RETARD","")) | J15: =IF($B15="","",IF(INDEX(Dossiers!$F$4:$F$63,1)="","",INDEX(Dossiers!$F$4:$F$63,1))) | K15: =IF($B15="","",IF(INDEX(Dossiers!$G$4:$G$63,1)="","",INDEX(Dossiers!$G$4:$G$63,1)))
A16: =IF($B16="","",INDEX(Dossiers!$E$4:$E$63,1)) | B16: =IF(INDEX(Suivi!$B:$B,17)="","",INDEX(Suivi!$B:$B,17)) | C16: =IF($B16="","",IF(INDEX(Suivi!$D:$D,17)="",INDEX(Suivi!$C:$C,17),INDEX(Suivi!$D:$D,17))) | D16: =IF($B16="","",INDEX(Suivi!$E:$E,17)) | E16: =IF($B16="","",INDEX(Suivi!$F:$F,17)) | F16: =IF($B16="","",INDEX(Suivi!$G:$G,17)) | H16: =IF(OR($B16="",NOT(ISNUMBER($D16))),"",IF($E16<$D$2,"Passé",IF($D16>$F$2,"À venir","Dans la période"))) | I16: =IF(OR($B16="",NOT(ISNUMBER($D16))),"",IF(AND($E16<$D$2,$G16<>"X",$F16<>"Réalisé",$F16<>"Clôturé"),"RETARD","")) | J16: =IF($B16="","",IF(INDEX(Dossiers!$F$4:$F$63,1)="","",INDEX(Dossiers!$F$4:$F$63,1))) | K16: =IF($B16="","",IF(INDEX(Dossiers!$G$4:$G$63,1)="","",INDEX(Dossiers!$G$4:$G$63,1)))
A17: =IF($B17="","",INDEX(Dossiers!$E$4:$E$63,1)) | B17: =IF(INDEX(Suivi!$B:$B,18)="","",INDEX(Suivi!$B:$B,18)) | C17: =IF($B17="","",IF(INDEX(Suivi!$D:$D,18)="",INDEX(Suivi!$C:$C,18),INDEX(Suivi!$D:$D,18))) | D17: =IF($B17="","",INDEX(Suivi!$E:$E,18)) | E17: =IF($B17="","",INDEX(Suivi!$F:$F,18)) | F17: =IF($B17="","",INDEX(Suivi!$G:$G,18)) | H17: =IF(OR($B17="",NOT(ISNUMBER($D17))),"",IF($E17<$D$2,"Passé",IF($D17>$F$2,"À venir","Dans la période"))) | I17: =IF(OR($B17="",NOT(ISNUMBER($D17))),"",IF(AND($E17<$D$2,$G17<>"X",$F17<>"Réalisé",$F17<>"Clôturé"),"RETARD","")) | J17: =IF($B17="","",IF(INDEX(Dossiers!$F$4:$F$63,1)="","",INDEX(Dossiers!$F$4:$F$63,1))) | K17: =IF($B17="","",IF(INDEX(Dossiers!$G$4:$G$63,1)="","",INDEX(Dossiers!$G$4:$G$63,1)))
A18: =IF($B18="","",INDEX(Dossiers!$E$4:$E$63,1)) | B18: =IF(INDEX(Suivi!$B:$B,19)="","",INDEX(Suivi!$B:$B,19)) | C18: =IF($B18="","",IF(INDEX(Suivi!$D:$D,19)="",INDEX(Suivi!$C:$C,19),INDEX(Suivi!$D:$D,19))) | D18: =IF($B18="","",INDEX(Suivi!$E:$E,19)) | E18: =IF($B18="","",INDEX(Suivi!$F:$F,19)) | F18: =IF($B18="","",INDEX(Suivi!$G:$G,19)) | H18: =IF(OR($B18="",NOT(ISNUMBER($D18))),"",IF($E18<$D$2,"Passé",IF($D18>$F$2,"À venir","Dans la période"))) | I18: =IF(OR($B18="",NOT(ISNUMBER($D18))),"",IF(AND($E18<$D$2,$G18<>"X",$F18<>"Réalisé",$F18<>"Clôturé"),"RETARD","")) | J18: =IF($B18="","",IF(INDEX(Dossiers!$F$4:$F$63,1)="","",INDEX(Dossiers!$F$4:$F$63,1))) | K18: =IF($B18="","",IF(INDEX(Dossiers!$G$4:$G$63,1)="","",INDEX(Dossiers!$G$4:$G$63,1)))
A19: =IF($B19="","",INDEX(Dossiers!$E$4:$E$63,1)) | B19: =IF(INDEX(Suivi!$B:$B,20)="","",INDEX(Suivi!$B:$B,20)) | C19: =IF($B19="","",IF(INDEX(Suivi!$D:$D,20)="",INDEX(Suivi!$C:$C,20),INDEX(Suivi!$D:$D,20))) | D19: =IF($B19="","",INDEX(Suivi!$E:$E,20)) | E19: =IF($B19="","",INDEX(Suivi!$F:$F,20)) | F19: =IF($B19="","",INDEX(Suivi!$G:$G,20)) | H19: =IF(OR($B19="",NOT(ISNUMBER($D19))),"",IF($E19<$D$2,"Passé",IF($D19>$F$2,"À venir","Dans la période"))) | I19: =IF(OR($B19="",NOT(ISNUMBER($D19))),"",IF(AND($E19<$D$2,$G19<>"X",$F19<>"Réalisé",$F19<>"Clôturé"),"RETARD","")) | J19: =IF($B19="","",IF(INDEX(Dossiers!$F$4:$F$63,1)="","",INDEX(Dossiers!$F$4:$F$63,1))) | K19: =IF($B19="","",IF(INDEX(Dossiers!$G$4:$G$63,1)="","",INDEX(Dossiers!$G$4:$G$63,1)))
A20: =IF($B20="","",INDEX(Dossiers!$E$4:$E$63,1)) | B20: =IF(INDEX(Suivi!$B:$B,21)="","",INDEX(Suivi!$B:$B,21)) | C20: =IF($B20="","",IF(INDEX(Suivi!$D:$D,21)="",INDEX(Suivi!$C:$C,21),INDEX(Suivi!$D:$D,21))) | D20: =IF($B20="","",INDEX(Suivi!$E:$E,21)) | E20: =IF($B20="","",INDEX(Suivi!$F:$F,21)) | F20: =IF($B20="","",INDEX(Suivi!$G:$G,21)) | H20: =IF(OR($B20="",NOT(ISNUMBER($D20))),"",IF($E20<$D$2,"Passé",IF($D20>$F$2,"À venir","Dans la période"))) | I20: =IF(OR($B20="",NOT(ISNUMBER($D20))),"",IF(AND($E20<$D$2,$G20<>"X",$F20<>"Réalisé",$F20<>"Clôturé"),"RETARD","")) | J20: =IF($B20="","",IF(INDEX(Dossiers!$F$4:$F$63,1)="","",INDEX(Dossiers!$F$4:$F$63,1))) | K20: =IF($B20="","",IF(INDEX(Dossiers!$G$4:$G$63,1)="","",INDEX(Dossiers!$G$4:$G$63,1)))
A21: =IF($B21="","",INDEX(Dossiers!$E$4:$E$63,1)) | B21: =IF(INDEX(Suivi!$B:$B,22)="","",INDEX(Suivi!$B:$B,22)) | C21: =IF($B21="","",IF(INDEX(Suivi!$D:$D,22)="",INDEX(Suivi!$C:$C,22),INDEX(Suivi!$D:$D,22))) | D21: =IF($B21="","",INDEX(Suivi!$E:$E,22)) | E21: =IF($B21="","",INDEX(Suivi!$F:$F,22)) | F21: =IF($B21="","",INDEX(Suivi!$G:$G,22)) | H21: =IF(OR($B21="",NOT(ISNUMBER($D21))),"",IF($E21<$D$2,"Passé",IF($D21>$F$2,"À venir","Dans la période"))) | I21: =IF(OR($B21="",NOT(ISNUMBER($D21))),"",IF(AND($E21<$D$2,$G21<>"X",$F21<>"Réalisé",$F21<>"Clôturé"),"RETARD","")) | J21: =IF($B21="","",IF(INDEX(Dossiers!$F$4:$F$63,1)="","",INDEX(Dossiers!$F$4:$F$63,1))) | K21: =IF($B21="","",IF(INDEX(Dossiers!$G$4:$G$63,1)="","",INDEX(Dossiers!$G$4:$G$63,1)))
A22: =IF($B22="","",INDEX(Dossiers!$E$4:$E$63,1)) | B22: =IF(INDEX(Suivi!$B:$B,23)="","",INDEX(Suivi!$B:$B,23)) | C22: =IF($B22="","",IF(INDEX(Suivi!$D:$D,23)="",INDEX(Suivi!$C:$C,23),INDEX(Suivi!$D:$D,23))) | D22: =IF($B22="","",INDEX(Suivi!$E:$E,23)) | E22: =IF($B22="","",INDEX(Suivi!$F:$F,23)) | F22: =IF($B22="","",INDEX(Suivi!$G:$G,23)) | H22: =IF(OR($B22="",NOT(ISNUMBER($D22))),"",IF($E22<$D$2,"Passé",IF($D22>$F$2,"À venir","Dans la période"))) | I22: =IF(OR($B22="",NOT(ISNUMBER($D22))),"",IF(AND($E22<$D$2,$G22<>"X",$F22<>"Réalisé",$F22<>"Clôturé"),"RETARD","")) | J22: =IF($B22="","",IF(INDEX(Dossiers!$F$4:$F$63,1)="","",INDEX(Dossiers!$F$4:$F$63,1))) | K22: =IF($B22="","",IF(INDEX(Dossiers!$G$4:$G$63,1)="","",INDEX(Dossiers!$G$4:$G$63,1)))
A23: =IF($B23="","",INDEX(Dossiers!$E$4:$E$63,1)) | B23: =IF(INDEX(Suivi!$B:$B,24)="","",INDEX(Suivi!$B:$B,24)) | C23: =IF($B23="","",IF(INDEX(Suivi!$D:$D,24)="",INDEX(Suivi!$C:$C,24),INDEX(Suivi!$D:$D,24))) | D23: =IF($B23="","",INDEX(Suivi!$E:$E,24)) | E23: =IF($B23="","",INDEX(Suivi!$F:$F,24)) | F23: =IF($B23="","",INDEX(Suivi!$G:$G,24)) | H23: =IF(OR($B23="",NOT(ISNUMBER($D23))),"",IF($E23<$D$2,"Passé",IF($D23>$F$2,"À venir","Dans la période"))) | I23: =IF(OR($B23="",NOT(ISNUMBER($D23))),"",IF(AND($E23<$D$2,$G23<>"X",$F23<>"Réalisé",$F23<>"Clôturé"),"RETARD","")) | J23: =IF($B23="","",IF(INDEX(Dossiers!$F$4:$F$63,1)="","",INDEX(Dossiers!$F$4:$F$63,1))) | K23: =IF($B23="","",IF(INDEX(Dossiers!$G$4:$G$63,1)="","",INDEX(Dossiers!$G$4:$G$63,1)))
A24: =IF($B24="","",INDEX(Dossiers!$E$4:$E$63,1)) | B24: =IF(INDEX(Suivi!$B:$B,25)="","",INDEX(Suivi!$B:$B,25)) | C24: =IF($B24="","",IF(INDEX(Suivi!$D:$D,25)="",INDEX(Suivi!$C:$C,25),INDEX(Suivi!$D:$D,25))) | D24: =IF($B24="","",INDEX(Suivi!$E:$E,25)) | E24: =IF($B24="","",INDEX(Suivi!$F:$F,25)) | F24: =IF($B24="","",INDEX(Suivi!$G:$G,25)) | H24: =IF(OR($B24="",NOT(ISNUMBER($D24))),"",IF($E24<$D$2,"Passé",IF($D24>$F$2,"À venir","Dans la période"))) | I24: =IF(OR($B24="",NOT(ISNUMBER($D24))),"",IF(AND($E24<$D$2,$G24<>"X",$F24<>"Réalisé",$F24<>"Clôturé"),"RETARD","")) | J24: =IF($B24="","",IF(INDEX(Dossiers!$F$4:$F$63,1)="","",INDEX(Dossiers!$F$4:$F$63,1))) | K24: =IF($B24="","",IF(INDEX(Dossiers!$G$4:$G$63,1)="","",INDEX(Dossiers!$G$4:$G$63,1)))
A25: =IF($B25="","",INDEX(Dossiers!$E$4:$E$63,1)) | B25: =IF(INDEX(Suivi!$B:$B,26)="","",INDEX(Suivi!$B:$B,26)) | C25: =IF($B25="","",IF(INDEX(Suivi!$D:$D,26)="",INDEX(Suivi!$C:$C,26),INDEX(Suivi!$D:$D,26))) | D25: =IF($B25="","",INDEX(Suivi!$E:$E,26)) | E25: =IF($B25="","",INDEX(Suivi!$F:$F,26)) | F25: =IF($B25="","",INDEX(Suivi!$G:$G,26)) | H25: =IF(OR($B25="",NOT(ISNUMBER($D25))),"",IF($E25<$D$2,"Passé",IF($D25>$F$2,"À venir","Dans la période"))) | I25: =IF(OR($B25="",NOT(ISNUMBER($D25))),"",IF(AND($E25<$D$2,$G25<>"X",$F25<>"Réalisé",$F25<>"Clôturé"),"RETARD","")) | J25: =IF($B25="","",IF(INDEX(Dossiers!$F$4:$F$63,1)="","",INDEX(Dossiers!$F$4:$F$63,1))) | K25: =IF($B25="","",IF(INDEX(Dossiers!$G$4:$G$63,1)="","",INDEX(Dossiers!$G$4:$G$63,1)))
A26: =IF($B26="","",INDEX(Dossiers!$E$4:$E$63,1)) | B26: =IF(INDEX(Suivi!$B:$B,27)="","",INDEX(Suivi!$B:$B,27)) | C26: =IF($B26="","",IF(INDEX(Suivi!$D:$D,27)="",INDEX(Suivi!$C:$C,27),INDEX(Suivi!$D:$D,27))) | D26: =IF($B26="","",INDEX(Suivi!$E:$E,27)) | E26: =IF($B26="","",INDEX(Suivi!$F:$F,27)) | F26: =IF($B26="","",INDEX(Suivi!$G:$G,27)) | H26: =IF(OR($B26="",NOT(ISNUMBER($D26))),"",IF($E26<$D$2,"Passé",IF($D26>$F$2,"À venir","Dans la période"))) | I26: =IF(OR($B26="",NOT(ISNUMBER($D26))),"",IF(AND($E26<$D$2,$G26<>"X",$F26<>"Réalisé",$F26<>"Clôturé"),"RETARD","")) | J26: =IF($B26="","",IF(INDEX(Dossiers!$F$4:$F$63,1)="","",INDEX(Dossiers!$F$4:$F$63,1))) | K26: =IF($B26="","",IF(INDEX(Dossiers!$G$4:$G$63,1)="","",INDEX(Dossiers!$G$4:$G$63,1)))
A27: =IF($B27="","",INDEX(Dossiers!$E$4:$E$63,1)) | B27: =IF(INDEX(Suivi!$B:$B,28)="","",INDEX(Suivi!$B:$B,28)) | C27: =IF($B27="","",IF(INDEX(Suivi!$D:$D,28)="",INDEX(Suivi!$C:$C,28),INDEX(Suivi!$D:$D,28))) | D27: =IF($B27="","",INDEX(Suivi!$E:$E,28)) | E27: =IF($B27="","",INDEX(Suivi!$F:$F,28)) | F27: =IF($B27="","",INDEX(Suivi!$G:$G,28)) | H27: =IF(OR($B27="",NOT(ISNUMBER($D27))),"",IF($E27<$D$2,"Passé",IF($D27>$F$2,"À venir","Dans la période"))) | I27: =IF(OR($B27="",NOT(ISNUMBER($D27))),"",IF(AND($E27<$D$2,$G27<>"X",$F27<>"Réalisé",$F27<>"Clôturé"),"RETARD","")) | J27: =IF($B27="","",IF(INDEX(Dossiers!$F$4:$F$63,1)="","",INDEX(Dossiers!$F$4:$F$63,1))) | K27: =IF($B27="","",IF(INDEX(Dossiers!$G$4:$G$63,1)="","",INDEX(Dossiers!$G$4:$G$63,1)))
A28: =IF($B28="","",INDEX(Dossiers!$E$4:$E$63,1)) | B28: =IF(INDEX(Suivi!$B:$B,29)="","",INDEX(Suivi!$B:$B,29)) | C28: =IF($B28="","",IF(INDEX(Suivi!$D:$D,29)="",INDEX(Suivi!$C:$C,29),INDEX(Suivi!$D:$D,29))) | D28: =IF($B28="","",INDEX(Suivi!$E:$E,29)) | E28: =IF($B28="","",INDEX(Suivi!$F:$F,29)) | F28: =IF($B28="","",INDEX(Suivi!$G:$G,29)) | H28: =IF(OR($B28="",NOT(ISNUMBER($D28))),"",IF($E28<$D$2,"Passé",IF($D28>$F$2,"À venir","Dans la période"))) | I28: =IF(OR($B28="",NOT(ISNUMBER($D28))),"",IF(AND($E28<$D$2,$G28<>"X",$F28<>"Réalisé",$F28<>"Clôturé"),"RETARD","")) | J28: =IF($B28="","",IF(INDEX(Dossiers!$F$4:$F$63,1)="","",INDEX(Dossiers!$F$4:$F$63,1))) | K28: =IF($B28="","",IF(INDEX(Dossiers!$G$4:$G$63,1)="","",INDEX(Dossiers!$G$4:$G$63,1)))
A29: =IF($B29="","",INDEX(Dossiers!$E$4:$E$63,1)) | B29: =IF(INDEX(Suivi!$B:$B,30)="","",INDEX(Suivi!$B:$B,30)) | C29: =IF($B29="","",IF(INDEX(Suivi!$D:$D,30)="",INDEX(Suivi!$C:$C,30),INDEX(Suivi!$D:$D,30))) | D29: =IF($B29="","",INDEX(Suivi!$E:$E,30)) | E29: =IF($B29="","",INDEX(Suivi!$F:$F,30)) | F29: =IF($B29="","",INDEX(Suivi!$G:$G,30)) | H29: =IF(OR($B29="",NOT(ISNUMBER($D29))),"",IF($E29<$D$2,"Passé",IF($D29>$F$2,"À venir","Dans la période"))) | I29: =IF(OR($B29="",NOT(ISNUMBER($D29))),"",IF(AND($E29<$D$2,$G29<>"X",$F29<>"Réalisé",$F29<>"Clôturé"),"RETARD","")) | J29: =IF($B29="","",IF(INDEX(Dossiers!$F$4:$F$63,1)="","",INDEX(Dossiers!$F$4:$F$63,1))) | K29: =IF($B29="","",IF(INDEX(Dossiers!$G$4:$G$63,1)="","",INDEX(Dossiers!$G$4:$G$63,1)))
A30: =IF($B30="","",INDEX(Dossiers!$E$4:$E$63,1)) | B30: =IF(INDEX(Suivi!$B:$B,31)="","",INDEX(Suivi!$B:$B,31)) | C30: =IF($B30="","",IF(INDEX(Suivi!$D:$D,31)="",INDEX(Suivi!$C:$C,31),INDEX(Suivi!$D:$D,31))) | D30: =IF($B30="","",INDEX(Suivi!$E:$E,31)) | E30: =IF($B30="","",INDEX(Suivi!$F:$F,31)) | F30: =IF($B30="","",INDEX(Suivi!$G:$G,31)) | H30: =IF(OR($B30="",NOT(ISNUMBER($D30))),"",IF($E30<$D$2,"Passé",IF($D30>$F$2,"À venir","Dans la période"))) | I30: =IF(OR($B30="",NOT(ISNUMBER($D30))),"",IF(AND($E30<$D$2,$G30<>"X",$F30<>"Réalisé",$F30<>"Clôturé"),"RETARD","")) | J30: =IF($B30="","",IF(INDEX(Dossiers!$F$4:$F$63,1)="","",INDEX(Dossiers!$F$4:$F$63,1))) | K30: =IF($B30="","",IF(INDEX(Dossiers!$G$4:$G$63,1)="","",INDEX(Dossiers!$G$4:$G$63,1)))
A31: =IF($B31="","",INDEX(Dossiers!$E$4:$E$63,1)) | B31: =IF(INDEX(Suivi!$B:$B,32)="","",INDEX(Suivi!$B:$B,32)) | C31: =IF($B31="","",IF(INDEX(Suivi!$D:$D,32)="",INDEX(Suivi!$C:$C,32),INDEX(Suivi!$D:$D,32))) | D31: =IF($B31="","",INDEX(Suivi!$E:$E,32)) | E31: =IF($B31="","",INDEX(Suivi!$F:$F,32)) | F31: =IF($B31="","",INDEX(Suivi!$G:$G,32)) | H31: =IF(OR($B31="",NOT(ISNUMBER($D31))),"",IF($E31<$D$2,"Passé",IF($D31>$F$2,"À venir","Dans la période"))) | I31: =IF(OR($B31="",NOT(ISNUMBER($D31))),"",IF(AND($E31<$D$2,$G31<>"X",$F31<>"Réalisé",$F31<>"Clôturé"),"RETARD","")) | J31: =IF($B31="","",IF(INDEX(Dossiers!$F$4:$F$63,1)="","",INDEX(Dossiers!$F$4:$F$63,1))) | K31: =IF($B31="","",IF(INDEX(Dossiers!$G$4:$G$63,1)="","",INDEX(Dossiers!$G$4:$G$63,1)))
A32: =IF($B32="","",INDEX(Dossiers!$E$4:$E$63,1)) | B32: =IF(INDEX(Suivi!$B:$B,33)="","",INDEX(Suivi!$B:$B,33)) | C32: =IF($B32="","",IF(INDEX(Suivi!$D:$D,33)="",INDEX(Suivi!$C:$C,33),INDEX(Suivi!$D:$D,33))) | D32: =IF($B32="","",INDEX(Suivi!$E:$E,33)) | E32: =IF($B32="","",INDEX(Suivi!$F:$F,33)) | F32: =IF($B32="","",INDEX(Suivi!$G:$G,33)) | H32: =IF(OR($B32="",NOT(ISNUMBER($D32))),"",IF($E32<$D$2,"Passé",IF($D32>$F$2,"À venir","Dans la période"))) | I32: =IF(OR($B32="",NOT(ISNUMBER($D32))),"",IF(AND($E32<$D$2,$G32<>"X",$F32<>"Réalisé",$F32<>"Clôturé"),"RETARD","")) | J32: =IF($B32="","",IF(INDEX(Dossiers!$F$4:$F$63,1)="","",INDEX(Dossiers!$F$4:$F$63,1))) | K32: =IF($B32="","",IF(INDEX(Dossiers!$G$4:$G$63,1)="","",INDEX(Dossiers!$G$4:$G$63,1)))
A33: =IF($B33="","",INDEX(Dossiers!$E$4:$E$63,1)) | B33: =IF(INDEX(Suivi!$B:$B,34)="","",INDEX(Suivi!$B:$B,34)) | C33: =IF($B33="","",IF(INDEX(Suivi!$D:$D,34)="",INDEX(Suivi!$C:$C,34),INDEX(Suivi!$D:$D,34))) | D33: =IF($B33="","",INDEX(Suivi!$E:$E,34)) | E33: =IF($B33="","",INDEX(Suivi!$F:$F,34)) | F33: =IF($B33="","",INDEX(Suivi!$G:$G,34)) | H33: =IF(OR($B33="",NOT(ISNUMBER($D33))),"",IF($E33<$D$2,"Passé",IF($D33>$F$2,"À venir","Dans la période"))) | I33: =IF(OR($B33="",NOT(ISNUMBER($D33))),"",IF(AND($E33<$D$2,$G33<>"X",$F33<>"Réalisé",$F33<>"Clôturé"),"RETARD","")) | J33: =IF($B33="","",IF(INDEX(Dossiers!$F$4:$F$63,1)="","",INDEX(Dossiers!$F$4:$F$63,1))) | K33: =IF($B33="","",IF(INDEX(Dossiers!$G$4:$G$63,1)="","",INDEX(Dossiers!$G$4:$G$63,1)))
A34: =IF($B34="","",INDEX(Dossiers!$E$4:$E$63,1)) | B34: =IF(INDEX(Suivi!$B:$B,35)="","",INDEX(Suivi!$B:$B,35)) | C34: =IF($B34="","",IF(INDEX(Suivi!$D:$D,35)="",INDEX(Suivi!$C:$C,35),INDEX(Suivi!$D:$D,35))) | D34: =IF($B34="","",INDEX(Suivi!$E:$E,35)) | E34: =IF($B34="","",INDEX(Suivi!$F:$F,35)) | F34: =IF($B34="","",INDEX(Suivi!$G:$G,35)) | H34: =IF(OR($B34="",NOT(ISNUMBER($D34))),"",IF($E34<$D$2,"Passé",IF($D34>$F$2,"À venir","Dans la période"))) | I34: =IF(OR($B34="",NOT(ISNUMBER($D34))),"",IF(AND($E34<$D$2,$G34<>"X",$F34<>"Réalisé",$F34<>"Clôturé"),"RETARD","")) | J34: =IF($B34="","",IF(INDEX(Dossiers!$F$4:$F$63,1)="","",INDEX(Dossiers!$F$4:$F$63,1))) | K34: =IF($B34="","",IF(INDEX(Dossiers!$G$4:$G$63,1)="","",INDEX(Dossiers!$G$4:$G$63,1)))
A35: =IF($B35="","",INDEX(Dossiers!$E$4:$E$63,1)) | B35: =IF(INDEX(Suivi!$B:$B,36)="","",INDEX(Suivi!$B:$B,36)) | C35: =IF($B35="","",IF(INDEX(Suivi!$D:$D,36)="",INDEX(Suivi!$C:$C,36),INDEX(Suivi!$D:$D,36))) | D35: =IF($B35="","",INDEX(Suivi!$E:$E,36)) | E35: =IF($B35="","",INDEX(Suivi!$F:$F,36)) | F35: =IF($B35="","",INDEX(Suivi!$G:$G,36)) | H35: =IF(OR($B35="",NOT(ISNUMBER($D35))),"",IF($E35<$D$2,"Passé",IF($D35>$F$2,"À venir","Dans la période"))) | I35: =IF(OR($B35="",NOT(ISNUMBER($D35))),"",IF(AND($E35<$D$2,$G35<>"X",$F35<>"Réalisé",$F35<>"Clôturé"),"RETARD","")) | J35: =IF($B35="","",IF(INDEX(Dossiers!$F$4:$F$63,1)="","",INDEX(Dossiers!$F$4:$F$63,1))) | K35: =IF($B35="","",IF(INDEX(Dossiers!$G$4:$G$63,1)="","",INDEX(Dossiers!$G$4:$G$63,1)))
A36: =IF($B36="","",INDEX(Dossiers!$E$4:$E$63,1)) | B36: =IF(INDEX(Suivi!$B:$B,37)="","",INDEX(Suivi!$B:$B,37)) | C36: =IF($B36="","",IF(INDEX(Suivi!$D:$D,37)="",INDEX(Suivi!$C:$C,37),INDEX(Suivi!$D:$D,37))) | D36: =IF($B36="","",INDEX(Suivi!$E:$E,37)) | E36: =IF($B36="","",INDEX(Suivi!$F:$F,37)) | F36: =IF($B36="","",INDEX(Suivi!$G:$G,37)) | H36: =IF(OR($B36="",NOT(ISNUMBER($D36))),"",IF($E36<$D$2,"Passé",IF($D36>$F$2,"À venir","Dans la période"))) | I36: =IF(OR($B36="",NOT(ISNUMBER($D36))),"",IF(AND($E36<$D$2,$G36<>"X",$F36<>"Réalisé",$F36<>"Clôturé"),"RETARD","")) | J36: =IF($B36="","",IF(INDEX(Dossiers!$F$4:$F$63,1)="","",INDEX(Dossiers!$F$4:$F$63,1))) | K36: =IF($B36="","",IF(INDEX(Dossiers!$G$4:$G$63,1)="","",INDEX(Dossiers!$G$4:$G$63,1)))
A37: =IF($B37="","",INDEX(Dossiers!$E$4:$E$63,1)) | B37: =IF(INDEX(Suivi!$B:$B,38)="","",INDEX(Suivi!$B:$B,38)) | C37: =IF($B37="","",IF(INDEX(Suivi!$D:$D,38)="",INDEX(Suivi!$C:$C,38),INDEX(Suivi!$D:$D,38))) | D37: =IF($B37="","",INDEX(Suivi!$E:$E,38)) | E37: =IF($B37="","",INDEX(Suivi!$F:$F,38)) | F37: =IF($B37="","",INDEX(Suivi!$G:$G,38)) | H37: =IF(OR($B37="",NOT(ISNUMBER($D37))),"",IF($E37<$D$2,"Passé",IF($D37>$F$2,"À venir","Dans la période"))) | I37: =IF(OR($B37="",NOT(ISNUMBER($D37))),"",IF(AND($E37<$D$2,$G37<>"X",$F37<>"Réalisé",$F37<>"Clôturé"),"RETARD","")) | J37: =IF($B37="","",IF(INDEX(Dossiers!$F$4:$F$63,1)="","",INDEX(Dossiers!$F$4:$F$63,1))) | K37: =IF($B37="","",IF(INDEX(Dossiers!$G$4:$G$63,1)="","",INDEX(Dossiers!$G$4:$G$63,1)))
A38: =IF($B38="","",INDEX(Dossiers!$E$4:$E$63,1)) | B38: =IF(INDEX(Suivi!$B:$B,39)="","",INDEX(Suivi!$B:$B,39)) | C38: =IF($B38="","",IF(INDEX(Suivi!$D:$D,39)="",INDEX(Suivi!$C:$C,39),INDEX(Suivi!$D:$D,39))) | D38: =IF($B38="","",INDEX(Suivi!$E:$E,39)) | E38: =IF($B38="","",INDEX(Suivi!$F:$F,39)) | F38: =IF($B38="","",INDEX(Suivi!$G:$G,39)) | H38: =IF(OR($B38="",NOT(ISNUMBER($D38))),"",IF($E38<$D$2,"Passé",IF($D38>$F$2,"À venir","Dans la période"))) | I38: =IF(OR($B38="",NOT(ISNUMBER($D38))),"",IF(AND($E38<$D$2,$G38<>"X",$F38<>"Réalisé",$F38<>"Clôturé"),"RETARD","")) | J38: =IF($B38="","",IF(INDEX(Dossiers!$F$4:$F$63,1)="","",INDEX(Dossiers!$F$4:$F$63,1))) | K38: =IF($B38="","",IF(INDEX(Dossiers!$G$4:$G$63,1)="","",INDEX(Dossiers!$G$4:$G$63,1)))
A39: =IF($B39="","",INDEX(Dossiers!$E$4:$E$63,1)) | B39: =IF(INDEX(Suivi!$B:$B,40)="","",INDEX(Suivi!$B:$B,40)) | C39: =IF($B39="","",IF(INDEX(Suivi!$D:$D,40)="",INDEX(Suivi!$C:$C,40),INDEX(Suivi!$D:$D,40))) | D39: =IF($B39="","",INDEX(Suivi!$E:$E,40)) | E39: =IF($B39="","",INDEX(Suivi!$F:$F,40)) | F39: =IF($B39="","",INDEX(Suivi!$G:$G,40)) | H39: =IF(OR($B39="",NOT(ISNUMBER($D39))),"",IF($E39<$D$2,"Passé",IF($D39>$F$2,"À venir","Dans la période"))) | I39: =IF(OR($B39="",NOT(ISNUMBER($D39))),"",IF(AND($E39<$D$2,$G39<>"X",$F39<>"Réalisé",$F39<>"Clôturé"),"RETARD","")) | J39: =IF($B39="","",IF(INDEX(Dossiers!$F$4:$F$63,1)="","",INDEX(Dossiers!$F$4:$F$63,1))) | K39: =IF($B39="","",IF(INDEX(Dossiers!$G$4:$G$63,1)="","",INDEX(Dossiers!$G$4:$G$63,1)))
A40: =IF($B40="","",INDEX(Dossiers!$E$4:$E$63,1)) | B40: =IF(INDEX(Suivi!$B:$B,41)="","",INDEX(Suivi!$B:$B,41)) | C40: =IF($B40="","",IF(INDEX(Suivi!$D:$D,41)="",INDEX(Suivi!$C:$C,41),INDEX(Suivi!$D:$D,41))) | D40: =IF($B40="","",INDEX(Suivi!$E:$E,41)) | E40: =IF($B40="","",INDEX(Suivi!$F:$F,41)) | F40: =IF($B40="","",INDEX(Suivi!$G:$G,41)) | H40: =IF(OR($B40="",NOT(ISNUMBER($D40))),"",IF($E40<$D$2,"Passé",IF($D40>$F$2,"À venir","Dans la période"))) | I40: =IF(OR($B40="",NOT(ISNUMBER($D40))),"",IF(AND($E40<$D$2,$G40<>"X",$F40<>"Réalisé",$F40<>"Clôturé"),"RETARD","")) | J40: =IF($B40="","",IF(INDEX(Dossiers!$F$4:$F$63,1)="","",INDEX(Dossiers!$F$4:$F$63,1))) | K40: =IF($B40="","",IF(INDEX(Dossiers!$G$4:$G$63,1)="","",INDEX(Dossiers!$G$4:$G$63,1)))
A41: =IF($B41="","",INDEX(Dossiers!$E$4:$E$63,1)) | B41: =IF(INDEX(Suivi!$B:$B,42)="","",INDEX(Suivi!$B:$B,42)) | C41: =IF($B41="","",IF(INDEX(Suivi!$D:$D,42)="",INDEX(Suivi!$C:$C,42),INDEX(Suivi!$D:$D,42))) | D41: =IF($B41="","",INDEX(Suivi!$E:$E,42)) | E41: =IF($B41="","",INDEX(Suivi!$F:$F,42)) | F41: =IF($B41="","",INDEX(Suivi!$G:$G,42)) | H41: =IF(OR($B41="",NOT(ISNUMBER($D41))),"",IF($E41<$D$2,"Passé",IF($D41>$F$2,"À venir","Dans la période"))) | I41: =IF(OR($B41="",NOT(ISNUMBER($D41))),"",IF(AND($E41<$D$2,$G41<>"X",$F41<>"Réalisé",$F41<>"Clôturé"),"RETARD","")) | J41: =IF($B41="","",IF(INDEX(Dossiers!$F$4:$F$63,1)="","",INDEX(Dossiers!$F$4:$F$63,1))) | K41: =IF($B41="","",IF(INDEX(Dossiers!$G$4:$G$63,1)="","",INDEX(Dossiers!$G$4:$G$63,1)))
A42: =IF($B42="","",INDEX(Dossiers!$E$4:$E$63,1)) | B42: =IF(INDEX(Suivi!$B:$B,43)="","",INDEX(Suivi!$B:$B,43)) | C42: =IF($B42="","",IF(INDEX(Suivi!$D:$D,43)="",INDEX(Suivi!$C:$C,43),INDEX(Suivi!$D:$D,43))) | D42: =IF($B42="","",INDEX(Suivi!$E:$E,43)) | E42: =IF($B42="","",INDEX(Suivi!$F:$F,43)) | F42: =IF($B42="","",INDEX(Suivi!$G:$G,43)) | H42: =IF(OR($B42="",NOT(ISNUMBER($D42))),"",IF($E42<$D$2,"Passé",IF($D42>$F$2,"À venir","Dans la période"))) | I42: =IF(OR($B42="",NOT(ISNUMBER($D42))),"",IF(AND($E42<$D$2,$G42<>"X",$F42<>"Réalisé",$F42<>"Clôturé"),"RETARD","")) | J42: =IF($B42="","",IF(INDEX(Dossiers!$F$4:$F$63,1)="","",INDEX(Dossiers!$F$4:$F$63,1))) | K42: =IF($B42="","",IF(INDEX(Dossiers!$G$4:$G$63,1)="","",INDEX(Dossiers!$G$4:$G$63,1)))
A43: =IF($B43="","",INDEX(Dossiers!$E$4:$E$63,1)) | B43: =IF(INDEX(Suivi!$B:$B,44)="","",INDEX(Suivi!$B:$B,44)) | C43: =IF($B43="","",IF(INDEX(Suivi!$D:$D,44)="",INDEX(Suivi!$C:$C,44),INDEX(Suivi!$D:$D,44))) | D43: =IF($B43="","",INDEX(Suivi!$E:$E,44)) | E43: =IF($B43="","",INDEX(Suivi!$F:$F,44)) | F43: =IF($B43="","",INDEX(Suivi!$G:$G,44)) | H43: =IF(OR($B43="",NOT(ISNUMBER($D43))),"",IF($E43<$D$2,"Passé",IF($D43>$F$2,"À venir","Dans la période"))) | I43: =IF(OR($B43="",NOT(ISNUMBER($D43))),"",IF(AND($E43<$D$2,$G43<>"X",$F43<>"Réalisé",$F43<>"Clôturé"),"RETARD","")) | J43: =IF($B43="","",IF(INDEX(Dossiers!$F$4:$F$63,1)="","",INDEX(Dossiers!$F$4:$F$63,1))) | K43: =IF($B43="","",IF(INDEX(Dossiers!$G$4:$G$63,1)="","",INDEX(Dossiers!$G$4:$G$63,1)))
A44: =IF($B44="","",INDEX(Dossiers!$E$4:$E$63,1)) | B44: =IF(INDEX(Suivi!$B:$B,45)="","",INDEX(Suivi!$B:$B,45)) | C44: =IF($B44="","",IF(INDEX(Suivi!$D:$D,45)="",INDEX(Suivi!$C:$C,45),INDEX(Suivi!$D:$D,45))) | D44: =IF($B44="","",INDEX(Suivi!$E:$E,45)) | E44: =IF($B44="","",INDEX(Suivi!$F:$F,45)) | F44: =IF($B44="","",INDEX(Suivi!$G:$G,45)) | H44: =IF(OR($B44="",NOT(ISNUMBER($D44))),"",IF($E44<$D$2,"Passé",IF($D44>$F$2,"À venir","Dans la période"))) | I44: =IF(OR($B44="",NOT(ISNUMBER($D44))),"",IF(AND($E44<$D$2,$G44<>"X",$F44<>"Réalisé",$F44<>"Clôturé"),"RETARD","")) | J44: =IF($B44="","",IF(INDEX(Dossiers!$F$4:$F$63,1)="","",INDEX(Dossiers!$F$4:$F$63,1))) | K44: =IF($B44="","",IF(INDEX(Dossiers!$G$4:$G$63,1)="","",INDEX(Dossiers!$G$4:$G$63,1)))
A45: =IF($B45="","",INDEX(Dossiers!$E$4:$E$63,1)) | B45: =IF(INDEX(Suivi!$B:$B,46)="","",INDEX(Suivi!$B:$B,46)) | C45: =IF($B45="","",IF(INDEX(Suivi!$D:$D,46)="",INDEX(Suivi!$C:$C,46),INDEX(Suivi!$D:$D,46))) | D45: =IF($B45="","",INDEX(Suivi!$E:$E,46)) | E45: =IF($B45="","",INDEX(Suivi!$F:$F,46)) | F45: =IF($B45="","",INDEX(Suivi!$G:$G,46)) | H45: =IF(OR($B45="",NOT(ISNUMBER($D45))),"",IF($E45<$D$2,"Passé",IF($D45>$F$2,"À venir","Dans la période"))) | I45: =IF(OR($B45="",NOT(ISNUMBER($D45))),"",IF(AND($E45<$D$2,$G45<>"X",$F45<>"Réalisé",$F45<>"Clôturé"),"RETARD","")) | J45: =IF($B45="","",IF(INDEX(Dossiers!$F$4:$F$63,1)="","",INDEX(Dossiers!$F$4:$F$63,1))) | K45: =IF($B45="","",IF(INDEX(Dossiers!$G$4:$G$63,1)="","",INDEX(Dossiers!$G$4:$G$63,1)))
A46: =IF($B46="","",INDEX(Dossiers!$E$4:$E$63,1)) | B46: =IF(INDEX(Suivi!$B:$B,47)="","",INDEX(Suivi!$B:$B,47)) | C46: =IF($B46="","",IF(INDEX(Suivi!$D:$D,47)="",INDEX(Suivi!$C:$C,47),INDEX(Suivi!$D:$D,47))) | D46: =IF($B46="","",INDEX(Suivi!$E:$E,47)) | E46: =IF($B46="","",INDEX(Suivi!$F:$F,47)) | F46: =IF($B46="","",INDEX(Suivi!$G:$G,47)) | H46: =IF(OR($B46="",NOT(ISNUMBER($D46))),"",IF($E46<$D$2,"Passé",IF($D46>$F$2,"À venir","Dans la période"))) | I46: =IF(OR($B46="",NOT(ISNUMBER($D46))),"",IF(AND($E46<$D$2,$G46<>"X",$F46<>"Réalisé",$F46<>"Clôturé"),"RETARD","")) | J46: =IF($B46="","",IF(INDEX(Dossiers!$F$4:$F$63,1)="","",INDEX(Dossiers!$F$4:$F$63,1))) | K46: =IF($B46="","",IF(INDEX(Dossiers!$G$4:$G$63,1)="","",INDEX(Dossiers!$G$4:$G$63,1)))
A47: =IF($B47="","",INDEX(Dossiers!$E$4:$E$63,1)) | B47: =IF(INDEX(Suivi!$B:$B,48)="","",INDEX(Suivi!$B:$B,48)) | C47: =IF($B47="","",IF(INDEX(Suivi!$D:$D,48)="",INDEX(Suivi!$C:$C,48),INDEX(Suivi!$D:$D,48))) | D47: =IF($B47="","",INDEX(Suivi!$E:$E,48)) | E47: =IF($B47="","",INDEX(Suivi!$F:$F,48)) | F47: =IF($B47="","",INDEX(Suivi!$G:$G,48)) | H47: =IF(OR($B47="",NOT(ISNUMBER($D47))),"",IF($E47<$D$2,"Passé",IF($D47>$F$2,"À venir","Dans la période"))) | I47: =IF(OR($B47="",NOT(ISNUMBER($D47))),"",IF(AND($E47<$D$2,$G47<>"X",$F47<>"Réalisé",$F47<>"Clôturé"),"RETARD","")) | J47: =IF($B47="","",IF(INDEX(Dossiers!$F$4:$F$63,1)="","",INDEX(Dossiers!$F$4:$F$63,1))) | K47: =IF($B47="","",IF(INDEX(Dossiers!$G$4:$G$63,1)="","",INDEX(Dossiers!$G$4:$G$63,1)))
A48: =IF($B48="","",INDEX(Dossiers!$E$4:$E$63,1)) | B48: =IF(INDEX(Suivi!$B:$B,49)="","",INDEX(Suivi!$B:$B,49)) | C48: =IF($B48="","",IF(INDEX(Suivi!$D:$D,49)="",INDEX(Suivi!$C:$C,49),INDEX(Suivi!$D:$D,49))) | D48: =IF($B48="","",INDEX(Suivi!$E:$E,49)) | E48: =IF($B48="","",INDEX(Suivi!$F:$F,49)) | F48: =IF($B48="","",INDEX(Suivi!$G:$G,49)) | H48: =IF(OR($B48="",NOT(ISNUMBER($D48))),"",IF($E48<$D$2,"Passé",IF($D48>$F$2,"À venir","Dans la période"))) | I48: =IF(OR($B48="",NOT(ISNUMBER($D48))),"",IF(AND($E48<$D$2,$G48<>"X",$F48<>"Réalisé",$F48<>"Clôturé"),"RETARD","")) | J48: =IF($B48="","",IF(INDEX(Dossiers!$F$4:$F$63,1)="","",INDEX(Dossiers!$F$4:$F$63,1))) | K48: =IF($B48="","",IF(INDEX(Dossiers!$G$4:$G$63,1)="","",INDEX(Dossiers!$G$4:$G$63,1)))
A49: =IF($B49="","",INDEX(Dossiers!$E$4:$E$63,1)) | B49: =IF(INDEX(Suivi!$B:$B,50)="","",INDEX(Suivi!$B:$B,50)) | C49: =IF($B49="","",IF(INDEX(Suivi!$D:$D,50)="",INDEX(Suivi!$C:$C,50),INDEX(Suivi!$D:$D,50))) | D49: =IF($B49="","",INDEX(Suivi!$E:$E,50)) | E49: =IF($B49="","",INDEX(Suivi!$F:$F,50)) | F49: =IF($B49="","",INDEX(Suivi!$G:$G,50)) | H49: =IF(OR($B49="",NOT(ISNUMBER($D49))),"",IF($E49<$D$2,"Passé",IF($D49>$F$2,"À venir","Dans la période"))) | I49: =IF(OR($B49="",NOT(ISNUMBER($D49))),"",IF(AND($E49<$D$2,$G49<>"X",$F49<>"Réalisé",$F49<>"Clôturé"),"RETARD","")) | J49: =IF($B49="","",IF(INDEX(Dossiers!$F$4:$F$63,1)="","",INDEX(Dossiers!$F$4:$F$63,1))) | K49: =IF($B49="","",IF(INDEX(Dossiers!$G$4:$G$63,1)="","",INDEX(Dossiers!$G$4:$G$63,1)))
A50: =IF($B50="","",INDEX(Dossiers!$E$4:$E$63,1)) | B50: =IF(INDEX(Suivi!$B:$B,51)="","",INDEX(Suivi!$B:$B,51)) | C50: =IF($B50="","",IF(INDEX(Suivi!$D:$D,51)="",INDEX(Suivi!$C:$C,51),INDEX(Suivi!$D:$D,51))) | D50: =IF($B50="","",INDEX(Suivi!$E:$E,51)) | E50: =IF($B50="","",INDEX(Suivi!$F:$F,51)) | F50: =IF($B50="","",INDEX(Suivi!$G:$G,51)) | H50: =IF(OR($B50="",NOT(ISNUMBER($D50))),"",IF($E50<$D$2,"Passé",IF($D50>$F$2,"À venir","Dans la période"))) | I50: =IF(OR($B50="",NOT(ISNUMBER($D50))),"",IF(AND($E50<$D$2,$G50<>"X",$F50<>"Réalisé",$F50<>"Clôturé"),"RETARD","")) | J50: =IF($B50="","",IF(INDEX(Dossiers!$F$4:$F$63,1)="","",INDEX(Dossiers!$F$4:$F$63,1))) | K50: =IF($B50="","",IF(INDEX(Dossiers!$G$4:$G$63,1)="","",INDEX(Dossiers!$G$4:$G$63,1)))
A51: =IF($B51="","",INDEX(Dossiers!$E$4:$E$63,1)) | B51: =IF(INDEX(Suivi!$B:$B,52)="","",INDEX(Suivi!$B:$B,52)) | C51: =IF($B51="","",IF(INDEX(Suivi!$D:$D,52)="",INDEX(Suivi!$C:$C,52),INDEX(Suivi!$D:$D,52))) | D51: =IF($B51="","",INDEX(Suivi!$E:$E,52)) | E51: =IF($B51="","",INDEX(Suivi!$F:$F,52)) | F51: =IF($B51="","",INDEX(Suivi!$G:$G,52)) | H51: =IF(OR($B51="",NOT(ISNUMBER($D51))),"",IF($E51<$D$2,"Passé",IF($D51>$F$2,"À venir","Dans la période"))) | I51: =IF(OR($B51="",NOT(ISNUMBER($D51))),"",IF(AND($E51<$D$2,$G51<>"X",$F51<>"Réalisé",$F51<>"Clôturé"),"RETARD","")) | J51: =IF($B51="","",IF(INDEX(Dossiers!$F$4:$F$63,1)="","",INDEX(Dossiers!$F$4:$F$63,1))) | K51: =IF($B51="","",IF(INDEX(Dossiers!$G$4:$G$63,1)="","",INDEX(Dossiers!$G$4:$G$63,1)))
A52: =IF($B52="","",INDEX(Dossiers!$E$4:$E$63,1)) | B52: =IF(INDEX(Suivi!$B:$B,53)="","",INDEX(Suivi!$B:$B,53)) | C52: =IF($B52="","",IF(INDEX(Suivi!$D:$D,53)="",INDEX(Suivi!$C:$C,53),INDEX(Suivi!$D:$D,53))) | D52: =IF($B52="","",INDEX(Suivi!$E:$E,53)) | E52: =IF($B52="","",INDEX(Suivi!$F:$F,53)) | F52: =IF($B52="","",INDEX(Suivi!$G:$G,53)) | H52: =IF(OR($B52="",NOT(ISNUMBER($D52))),"",IF($E52<$D$2,"Passé",IF($D52>$F$2,"À venir","Dans la période"))) | I52: =IF(OR($B52="",NOT(ISNUMBER($D52))),"",IF(AND($E52<$D$2,$G52<>"X",$F52<>"Réalisé",$F52<>"Clôturé"),"RETARD","")) | J52: =IF($B52="","",IF(INDEX(Dossiers!$F$4:$F$63,1)="","",INDEX(Dossiers!$F$4:$F$63,1))) | K52: =IF($B52="","",IF(INDEX(Dossiers!$G$4:$G$63,1)="","",INDEX(Dossiers!$G$4:$G$63,1)))
A53: =IF($B53="","",INDEX(Dossiers!$E$4:$E$63,1)) | B53: =IF(INDEX(Suivi!$B:$B,54)="","",INDEX(Suivi!$B:$B,54)) | C53: =IF($B53="","",IF(INDEX(Suivi!$D:$D,54)="",INDEX(Suivi!$C:$C,54),INDEX(Suivi!$D:$D,54))) | D53: =IF($B53="","",INDEX(Suivi!$E:$E,54)) | E53: =IF($B53="","",INDEX(Suivi!$F:$F,54)) | F53: =IF($B53="","",INDEX(Suivi!$G:$G,54)) | H53: =IF(OR($B53="",NOT(ISNUMBER($D53))),"",IF($E53<$D$2,"Passé",IF($D53>$F$2,"À venir","Dans la période"))) | I53: =IF(OR($B53="",NOT(ISNUMBER($D53))),"",IF(AND($E53<$D$2,$G53<>"X",$F53<>"Réalisé",$F53<>"Clôturé"),"RETARD","")) | J53: =IF($B53="","",IF(INDEX(Dossiers!$F$4:$F$63,1)="","",INDEX(Dossiers!$F$4:$F$63,1))) | K53: =IF($B53="","",IF(INDEX(Dossiers!$G$4:$G$63,1)="","",INDEX(Dossiers!$G$4:$G$63,1)))
A54: =IF($B54="","",INDEX(Dossiers!$E$4:$E$63,1)) | B54: =IF(INDEX(Suivi!$B:$B,55)="","",INDEX(Suivi!$B:$B,55)) | C54: =IF($B54="","",IF(INDEX(Suivi!$D:$D,55)="",INDEX(Suivi!$C:$C,55),INDEX(Suivi!$D:$D,55))) | D54: =IF($B54="","",INDEX(Suivi!$E:$E,55)) | E54: =IF($B54="","",INDEX(Suivi!$F:$F,55)) | F54: =IF($B54="","",INDEX(Suivi!$G:$G,55)) | H54: =IF(OR($B54="",NOT(ISNUMBER($D54))),"",IF($E54<$D$2,"Passé",IF($D54>$F$2,"À venir","Dans la période"))) | I54: =IF(OR($B54="",NOT(ISNUMBER($D54))),"",IF(AND($E54<$D$2,$G54<>"X",$F54<>"Réalisé",$F54<>"Clôturé"),"RETARD","")) | J54: =IF($B54="","",IF(INDEX(Dossiers!$F$4:$F$63,1)="","",INDEX(Dossiers!$F$4:$F$63,1))) | K54: =IF($B54="","",IF(INDEX(Dossiers!$G$4:$G$63,1)="","",INDEX(Dossiers!$G$4:$G$63,1)))
A55: =IF($B55="","",INDEX(Dossiers!$E$4:$E$63,1)) | B55: =IF(INDEX(Suivi!$B:$B,56)="","",INDEX(Suivi!$B:$B,56)) | C55: =IF($B55="","",IF(INDEX(Suivi!$D:$D,56)="",INDEX(Suivi!$C:$C,56),INDEX(Suivi!$D:$D,56))) | D55: =IF($B55="","",INDEX(Suivi!$E:$E,56)) | E55: =IF($B55="","",INDEX(Suivi!$F:$F,56)) | F55: =IF($B55="","",INDEX(Suivi!$G:$G,56)) | H55: =IF(OR($B55="",NOT(ISNUMBER($D55))),"",IF($E55<$D$2,"Passé",IF($D55>$F$2,"À venir","Dans la période"))) | I55: =IF(OR($B55="",NOT(ISNUMBER($D55))),"",IF(AND($E55<$D$2,$G55<>"X",$F55<>"Réalisé",$F55<>"Clôturé"),"RETARD","")) | J55: =IF($B55="","",IF(INDEX(Dossiers!$F$4:$F$63,1)="","",INDEX(Dossiers!$F$4:$F$63,1))) | K55: =IF($B55="","",IF(INDEX(Dossiers!$G$4:$G$63,1)="","",INDEX(Dossiers!$G$4:$G$63,1)))
A56: =IF($B56="","",INDEX(Dossiers!$E$4:$E$63,1)) | B56: =IF(INDEX(Suivi!$B:$B,57)="","",INDEX(Suivi!$B:$B,57)) | C56: =IF($B56="","",IF(INDEX(Suivi!$D:$D,57)="",INDEX(Suivi!$C:$C,57),INDEX(Suivi!$D:$D,57))) | D56: =IF($B56="","",INDEX(Suivi!$E:$E,57)) | E56: =IF($B56="","",INDEX(Suivi!$F:$F,57)) | F56: =IF($B56="","",INDEX(Suivi!$G:$G,57)) | H56: =IF(OR($B56="",NOT(ISNUMBER($D56))),"",IF($E56<$D$2,"Passé",IF($D56>$F$2,"À venir","Dans la période"))) | I56: =IF(OR($B56="",NOT(ISNUMBER($D56))),"",IF(AND($E56<$D$2,$G56<>"X",$F56<>"Réalisé",$F56<>"Clôturé"),"RETARD","")) | J56: =IF($B56="","",IF(INDEX(Dossiers!$F$4:$F$63,1)="","",INDEX(Dossiers!$F$4:$F$63,1))) | K56: =IF($B56="","",IF(INDEX(Dossiers!$G$4:$G$63,1)="","",INDEX(Dossiers!$G$4:$G$63,1)))
A57: =IF($B57="","",INDEX(Dossiers!$E$4:$E$63,2)) | B57: =IF(INDEX(Suivi!$B:$B,59)="","",INDEX(Suivi!$B:$B,59)) | C57: =IF($B57="","",IF(INDEX(Suivi!$D:$D,59)="",INDEX(Suivi!$C:$C,59),INDEX(Suivi!$D:$D,59))) | D57: =IF($B57="","",INDEX(Suivi!$E:$E,59)) | E57: =IF($B57="","",INDEX(Suivi!$F:$F,59)) | F57: =IF($B57="","",INDEX(Suivi!$G:$G,59)) | H57: =IF(OR($B57="",NOT(ISNUMBER($D57))),"",IF($E57<$D$2,"Passé",IF($D57>$F$2,"À venir","Dans la période"))) | I57: =IF(OR($B57="",NOT(ISNUMBER($D57))),"",IF(AND($E57<$D$2,$G57<>"X",$F57<>"Réalisé",$F57<>"Clôturé"),"RETARD","")) | J57: =IF($B57="","",IF(INDEX(Dossiers!$F$4:$F$63,2)="","",INDEX(Dossiers!$F$4:$F$63,2))) | K57: =IF($B57="","",IF(INDEX(Dossiers!$G$4:$G$63,2)="","",INDEX(Dossiers!$G$4:$G$63,2)))
A58: =IF($B58="","",INDEX(Dossiers!$E$4:$E$63,2)) | B58: =IF(INDEX(Suivi!$B:$B,60)="","",INDEX(Suivi!$B:$B,60)) | C58: =IF($B58="","",IF(INDEX(Suivi!$D:$D,60)="",INDEX(Suivi!$C:$C,60),INDEX(Suivi!$D:$D,60))) | D58: =IF($B58="","",INDEX(Suivi!$E:$E,60)) | E58: =IF($B58="","",INDEX(Suivi!$F:$F,60)) | F58: =IF($B58="","",INDEX(Suivi!$G:$G,60)) | H58: =IF(OR($B58="",NOT(ISNUMBER($D58))),"",IF($E58<$D$2,"Passé",IF($D58>$F$2,"À venir","Dans la période"))) | I58: =IF(OR($B58="",NOT(ISNUMBER($D58))),"",IF(AND($E58<$D$2,$G58<>"X",$F58<>"Réalisé",$F58<>"Clôturé"),"RETARD","")) | J58: =IF($B58="","",IF(INDEX(Dossiers!$F$4:$F$63,2)="","",INDEX(Dossiers!$F$4:$F$63,2))) | K58: =IF($B58="","",IF(INDEX(Dossiers!$G$4:$G$63,2)="","",INDEX(Dossiers!$G$4:$G$63,2)))
A59: =IF($B59="","",INDEX(Dossiers!$E$4:$E$63,2)) | B59: =IF(INDEX(Suivi!$B:$B,61)="","",INDEX(Suivi!$B:$B,61)) | C59: =IF($B59="","",IF(INDEX(Suivi!$D:$D,61)="",INDEX(Suivi!$C:$C,61),INDEX(Suivi!$D:$D,61))) | D59: =IF($B59="","",INDEX(Suivi!$E:$E,61)) | E59: =IF($B59="","",INDEX(Suivi!$F:$F,61)) | F59: =IF($B59="","",INDEX(Suivi!$G:$G,61)) | H59: =IF(OR($B59="",NOT(ISNUMBER($D59))),"",IF($E59<$D$2,"Passé",IF($D59>$F$2,"À venir","Dans la période"))) | I59: =IF(OR($B59="",NOT(ISNUMBER($D59))),"",IF(AND($E59<$D$2,$G59<>"X",$F59<>"Réalisé",$F59<>"Clôturé"),"RETARD","")) | J59: =IF($B59="","",IF(INDEX(Dossiers!$F$4:$F$63,2)="","",INDEX(Dossiers!$F$4:$F$63,2))) | K59: =IF($B59="","",IF(INDEX(Dossiers!$G$4:$G$63,2)="","",INDEX(Dossiers!$G$4:$G$63,2)))
A60: =IF($B60="","",INDEX(Dossiers!$E$4:$E$63,2)) | B60: =IF(INDEX(Suivi!$B:$B,62)="","",INDEX(Suivi!$B:$B,62)) | C60: =IF($B60="","",IF(INDEX(Suivi!$D:$D,62)="",INDEX(Suivi!$C:$C,62),INDEX(Suivi!$D:$D,62))) | D60: =IF($B60="","",INDEX(Suivi!$E:$E,62)) | E60: =IF($B60="","",INDEX(Suivi!$F:$F,62)) | F60: =IF($B60="","",INDEX(Suivi!$G:$G,62)) | H60: =IF(OR($B60="",NOT(ISNUMBER($D60))),"",IF($E60<$D$2,"Passé",IF($D60>$F$2,"À venir","Dans la période"))) | I60: =IF(OR($B60="",NOT(ISNUMBER($D60))),"",IF(AND($E60<$D$2,$G60<>"X",$F60<>"Réalisé",$F60<>"Clôturé"),"RETARD","")) | J60: =IF($B60="","",IF(INDEX(Dossiers!$F$4:$F$63,2)="","",INDEX(Dossiers!$F$4:$F$63,2))) | K60: =IF($B60="","",IF(INDEX(Dossiers!$G$4:$G$63,2)="","",INDEX(Dossiers!$G$4:$G$63,2)))
A61: =IF($B61="","",INDEX(Dossiers!$E$4:$E$63,2)) | B61: =IF(INDEX(Suivi!$B:$B,63)="","",INDEX(Suivi!$B:$B,63)) | C61: =IF($B61="","",IF(INDEX(Suivi!$D:$D,63)="",INDEX(Suivi!$C:$C,63),INDEX(Suivi!$D:$D,63))) | D61: =IF($B61="","",INDEX(Suivi!$E:$E,63)) | E61: =IF($B61="","",INDEX(Suivi!$F:$F,63)) | F61: =IF($B61="","",INDEX(Suivi!$G:$G,63)) | H61: =IF(OR($B61="",NOT(ISNUMBER($D61))),"",IF($E61<$D$2,"Passé",IF($D61>$F$2,"À venir","Dans la période"))) | I61: =IF(OR($B61="",NOT(ISNUMBER($D61))),"",IF(AND($E61<$D$2,$G61<>"X",$F61<>"Réalisé",$F61<>"Clôturé"),"RETARD","")) | J61: =IF($B61="","",IF(INDEX(Dossiers!$F$4:$F$63,2)="","",INDEX(Dossiers!$F$4:$F$63,2))) | K61: =IF($B61="","",IF(INDEX(Dossiers!$G$4:$G$63,2)="","",INDEX(Dossiers!$G$4:$G$63,2)))
A62: =IF($B62="","",INDEX(Dossiers!$E$4:$E$63,2)) | B62: =IF(INDEX(Suivi!$B:$B,64)="","",INDEX(Suivi!$B:$B,64)) | C62: =IF($B62="","",IF(INDEX(Suivi!$D:$D,64)="",INDEX(Suivi!$C:$C,64),INDEX(Suivi!$D:$D,64))) | D62: =IF($B62="","",INDEX(Suivi!$E:$E,64)) | E62: =IF($B62="","",INDEX(Suivi!$F:$F,64)) | F62: =IF($B62="","",INDEX(Suivi!$G:$G,64)) | H62: =IF(OR($B62="",NOT(ISNUMBER($D62))),"",IF($E62<$D$2,"Passé",IF($D62>$F$2,"À venir","Dans la période"))) | I62: =IF(OR($B62="",NOT(ISNUMBER($D62))),"",IF(AND($E62<$D$2,$G62<>"X",$F62<>"Réalisé",$F62<>"Clôturé"),"RETARD","")) | J62: =IF($B62="","",IF(INDEX(Dossiers!$F$4:$F$63,2)="","",INDEX(Dossiers!$F$4:$F$63,2))) | K62: =IF($B62="","",IF(INDEX(Dossiers!$G$4:$G$63,2)="","",INDEX(Dossiers!$G$4:$G$63,2)))
A63: =IF($B63="","",INDEX(Dossiers!$E$4:$E$63,2)) | B63: =IF(INDEX(Suivi!$B:$B,65)="","",INDEX(Suivi!$B:$B,65)) | C63: =IF($B63="","",IF(INDEX(Suivi!$D:$D,65)="",INDEX(Suivi!$C:$C,65),INDEX(Suivi!$D:$D,65))) | D63: =IF($B63="","",INDEX(Suivi!$E:$E,65)) | E63: =IF($B63="","",INDEX(Suivi!$F:$F,65)) | F63: =IF($B63="","",INDEX(Suivi!$G:$G,65)) | H63: =IF(OR($B63="",NOT(ISNUMBER($D63))),"",IF($E63<$D$2,"Passé",IF($D63>$F$2,"À venir","Dans la période"))) | I63: =IF(OR($B63="",NOT(ISNUMBER($D63))),"",IF(AND($E63<$D$2,$G63<>"X",$F63<>"Réalisé",$F63<>"Clôturé"),"RETARD","")) | J63: =IF($B63="","",IF(INDEX(Dossiers!$F$4:$F$63,2)="","",INDEX(Dossiers!$F$4:$F$63,2))) | K63: =IF($B63="","",IF(INDEX(Dossiers!$G$4:$G$63,2)="","",INDEX(Dossiers!$G$4:$G$63,2)))
A64: =IF($B64="","",INDEX(Dossiers!$E$4:$E$63,2)) | B64: =IF(INDEX(Suivi!$B:$B,66)="","",INDEX(Suivi!$B:$B,66)) | C64: =IF($B64="","",IF(INDEX(Suivi!$D:$D,66)="",INDEX(Suivi!$C:$C,66),INDEX(Suivi!$D:$D,66))) | D64: =IF($B64="","",INDEX(Suivi!$E:$E,66)) | E64: =IF($B64="","",INDEX(Suivi!$F:$F,66)) | F64: =IF($B64="","",INDEX(Suivi!$G:$G,66)) | H64: =IF(OR($B64="",NOT(ISNUMBER($D64))),"",IF($E64<$D$2,"Passé",IF($D64>$F$2,"À venir","Dans la période"))) | I64: =IF(OR($B64="",NOT(ISNUMBER($D64))),"",IF(AND($E64<$D$2,$G64<>"X",$F64<>"Réalisé",$F64<>"Clôturé"),"RETARD","")) | J64: =IF($B64="","",IF(INDEX(Dossiers!$F$4:$F$63,2)="","",INDEX(Dossiers!$F$4:$F$63,2))) | K64: =IF($B64="","",IF(INDEX(Dossiers!$G$4:$G$63,2)="","",INDEX(Dossiers!$G$4:$G$63,2)))
A65: =IF($B65="","",INDEX(Dossiers!$E$4:$E$63,2)) | B65: =IF(INDEX(Suivi!$B:$B,67)="","",INDEX(Suivi!$B:$B,67)) | C65: =IF($B65="","",IF(INDEX(Suivi!$D:$D,67)="",INDEX(Suivi!$C:$C,67),INDEX(Suivi!$D:$D,67))) | D65: =IF($B65="","",INDEX(Suivi!$E:$E,67)) | E65: =IF($B65="","",INDEX(Suivi!$F:$F,67)) | F65: =IF($B65="","",INDEX(Suivi!$G:$G,67)) | H65: =IF(OR($B65="",NOT(ISNUMBER($D65))),"",IF($E65<$D$2,"Passé",IF($D65>$F$2,"À venir","Dans la période"))) | I65: =IF(OR($B65="",NOT(ISNUMBER($D65))),"",IF(AND($E65<$D$2,$G65<>"X",$F65<>"Réalisé",$F65<>"Clôturé"),"RETARD","")) | J65: =IF($B65="","",IF(INDEX(Dossiers!$F$4:$F$63,2)="","",INDEX(Dossiers!$F$4:$F$63,2))) | K65: =IF($B65="","",IF(INDEX(Dossiers!$G$4:$G$63,2)="","",INDEX(Dossiers!$G$4:$G$63,2)))
A66: =IF($B66="","",INDEX(Dossiers!$E$4:$E$63,2)) | B66: =IF(INDEX(Suivi!$B:$B,68)="","",INDEX(Suivi!$B:$B,68)) | C66: =IF($B66="","",IF(INDEX(Suivi!$D:$D,68)="",INDEX(Suivi!$C:$C,68),INDEX(Suivi!$D:$D,68))) | D66: =IF($B66="","",INDEX(Suivi!$E:$E,68)) | E66: =IF($B66="","",INDEX(Suivi!$F:$F,68)) | F66: =IF($B66="","",INDEX(Suivi!$G:$G,68)) | H66: =IF(OR($B66="",NOT(ISNUMBER($D66))),"",IF($E66<$D$2,"Passé",IF($D66>$F$2,"À venir","Dans la période"))) | I66: =IF(OR($B66="",NOT(ISNUMBER($D66))),"",IF(AND($E66<$D$2,$G66<>"X",$F66<>"Réalisé",$F66<>"Clôturé"),"RETARD","")) | J66: =IF($B66="","",IF(INDEX(Dossiers!$F$4:$F$63,2)="","",INDEX(Dossiers!$F$4:$F$63,2))) | K66: =IF($B66="","",IF(INDEX(Dossiers!$G$4:$G$63,2)="","",INDEX(Dossiers!$G$4:$G$63,2)))
A67: =IF($B67="","",INDEX(Dossiers!$E$4:$E$63,2)) | B67: =IF(INDEX(Suivi!$B:$B,69)="","",INDEX(Suivi!$B:$B,69)) | C67: =IF($B67="","",IF(INDEX(Suivi!$D:$D,69)="",INDEX(Suivi!$C:$C,69),INDEX(Suivi!$D:$D,69))) | D67: =IF($B67="","",INDEX(Suivi!$E:$E,69)) | E67: =IF($B67="","",INDEX(Suivi!$F:$F,69)) | F67: =IF($B67="","",INDEX(Suivi!$G:$G,69)) | H67: =IF(OR($B67="",NOT(ISNUMBER($D67))),"",IF($E67<$D$2,"Passé",IF($D67>$F$2,"À venir","Dans la période"))) | I67: =IF(OR($B67="",NOT(ISNUMBER($D67))),"",IF(AND($E67<$D$2,$G67<>"X",$F67<>"Réalisé",$F67<>"Clôturé"),"RETARD","")) | J67: =IF($B67="","",IF(INDEX(Dossiers!$F$4:$F$63,2)="","",INDEX(Dossiers!$F$4:$F$63,2))) | K67: =IF($B67="","",IF(INDEX(Dossiers!$G$4:$G$63,2)="","",INDEX(Dossiers!$G$4:$G$63,2)))
A68: =IF($B68="","",INDEX(Dossiers!$E$4:$E$63,2)) | B68: =IF(INDEX(Suivi!$B:$B,70)="","",INDEX(Suivi!$B:$B,70)) | C68: =IF($B68="","",IF(INDEX(Suivi!$D:$D,70)="",INDEX(Suivi!$C:$C,70),INDEX(Suivi!$D:$D,70))) | D68: =IF($B68="","",INDEX(Suivi!$E:$E,70)) | E68: =IF($B68="","",INDEX(Suivi!$F:$F,70)) | F68: =IF($B68="","",INDEX(Suivi!$G:$G,70)) | H68: =IF(OR($B68="",NOT(ISNUMBER($D68))),"",IF($E68<$D$2,"Passé",IF($D68>$F$2,"À venir","Dans la période"))) | I68: =IF(OR($B68="",NOT(ISNUMBER($D68))),"",IF(AND($E68<$D$2,$G68<>"X",$F68<>"Réalisé",$F68<>"Clôturé"),"RETARD","")) | J68: =IF($B68="","",IF(INDEX(Dossiers!$F$4:$F$63,2)="","",INDEX(Dossiers!$F$4:$F$63,2))) | K68: =IF($B68="","",IF(INDEX(Dossiers!$G$4:$G$63,2)="","",INDEX(Dossiers!$G$4:$G$63,2)))
A69: =IF($B69="","",INDEX(Dossiers!$E$4:$E$63,2)) | B69: =IF(INDEX(Suivi!$B:$B,71)="","",INDEX(Suivi!$B:$B,71)) | C69: =IF($B69="","",IF(INDEX(Suivi!$D:$D,71)="",INDEX(Suivi!$C:$C,71),INDEX(Suivi!$D:$D,71))) | D69: =IF($B69="","",INDEX(Suivi!$E:$E,71)) | E69: =IF($B69="","",INDEX(Suivi!$F:$F,71)) | F69: =IF($B69="","",INDEX(Suivi!$G:$G,71)) | H69: =IF(OR($B69="",NOT(ISNUMBER($D69))),"",IF($E69<$D$2,"Passé",IF($D69>$F$2,"À venir","Dans la période"))) | I69: =IF(OR($B69="",NOT(ISNUMBER($D69))),"",IF(AND($E69<$D$2,$G69<>"X",$F69<>"Réalisé",$F69<>"Clôturé"),"RETARD","")) | J69: =IF($B69="","",IF(INDEX(Dossiers!$F$4:$F$63,2)="","",INDEX(Dossiers!$F$4:$F$63,2))) | K69: =IF($B69="","",IF(INDEX(Dossiers!$G$4:$G$63,2)="","",INDEX(Dossiers!$G$4:$G$63,2)))
A70: =IF($B70="","",INDEX(Dossiers!$E$4:$E$63,2)) | B70: =IF(INDEX(Suivi!$B:$B,72)="","",INDEX(Suivi!$B:$B,72)) | C70: =IF($B70="","",IF(INDEX(Suivi!$D:$D,72)="",INDEX(Suivi!$C:$C,72),INDEX(Suivi!$D:$D,72))) | D70: =IF($B70="","",INDEX(Suivi!$E:$E,72)) | E70: =IF($B70="","",INDEX(Suivi!$F:$F,72)) | F70: =IF($B70="","",INDEX(Suivi!$G:$G,72)) | H70: =IF(OR($B70="",NOT(ISNUMBER($D70))),"",IF($E70<$D$2,"Passé",IF($D70>$F$2,"À venir","Dans la période"))) | I70: =IF(OR($B70="",NOT(ISNUMBER($D70))),"",IF(AND($E70<$D$2,$G70<>"X",$F70<>"Réalisé",$F70<>"Clôturé"),"RETARD","")) | J70: =IF($B70="","",IF(INDEX(Dossiers!$F$4:$F$63,2)="","",INDEX(Dossiers!$F$4:$F$63,2))) | K70: =IF($B70="","",IF(INDEX(Dossiers!$G$4:$G$63,2)="","",INDEX(Dossiers!$G$4:$G$63,2)))
A71: =IF($B71="","",INDEX(Dossiers!$E$4:$E$63,2)) | B71: =IF(INDEX(Suivi!$B:$B,73)="","",INDEX(Suivi!$B:$B,73)) | C71: =IF($B71="","",IF(INDEX(Suivi!$D:$D,73)="",INDEX(Suivi!$C:$C,73),INDEX(Suivi!$D:$D,73))) | D71: =IF($B71="","",INDEX(Suivi!$E:$E,73)) | E71: =IF($B71="","",INDEX(Suivi!$F:$F,73)) | F71: =IF($B71="","",INDEX(Suivi!$G:$G,73)) | H71: =IF(OR($B71="",NOT(ISNUMBER($D71))),"",IF($E71<$D$2,"Passé",IF($D71>$F$2,"À venir","Dans la période"))) | I71: =IF(OR($B71="",NOT(ISNUMBER($D71))),"",IF(AND($E71<$D$2,$G71<>"X",$F71<>"Réalisé",$F71<>"Clôturé"),"RETARD","")) | J71: =IF($B71="","",IF(INDEX(Dossiers!$F$4:$F$63,2)="","",INDEX(Dossiers!$F$4:$F$63,2))) | K71: =IF($B71="","",IF(INDEX(Dossiers!$G$4:$G$63,2)="","",INDEX(Dossiers!$G$4:$G$63,2)))
A72: =IF($B72="","",INDEX(Dossiers!$E$4:$E$63,2)) | B72: =IF(INDEX(Suivi!$B:$B,74)="","",INDEX(Suivi!$B:$B,74)) | C72: =IF($B72="","",IF(INDEX(Suivi!$D:$D,74)="",INDEX(Suivi!$C:$C,74),INDEX(Suivi!$D:$D,74))) | D72: =IF($B72="","",INDEX(Suivi!$E:$E,74)) | E72: =IF($B72="","",INDEX(Suivi!$F:$F,74)) | F72: =IF($B72="","",INDEX(Suivi!$G:$G,74)) | H72: =IF(OR($B72="",NOT(ISNUMBER($D72))),"",IF($E72<$D$2,"Passé",IF($D72>$F$2,"À venir","Dans la période"))) | I72: =IF(OR($B72="",NOT(ISNUMBER($D72))),"",IF(AND($E72<$D$2,$G72<>"X",$F72<>"Réalisé",$F72<>"Clôturé"),"RETARD","")) | J72: =IF($B72="","",IF(INDEX(Dossiers!$F$4:$F$63,2)="","",INDEX(Dossiers!$F$4:$F$63,2))) | K72: =IF($B72="","",IF(INDEX(Dossiers!$G$4:$G$63,2)="","",INDEX(Dossiers!$G$4:$G$63,2)))
A73: =IF($B73="","",INDEX(Dossiers!$E$4:$E$63,2)) | B73: =IF(INDEX(Suivi!$B:$B,75)="","",INDEX(Suivi!$B:$B,75)) | C73: =IF($B73="","",IF(INDEX(Suivi!$D:$D,75)="",INDEX(Suivi!$C:$C,75),INDEX(Suivi!$D:$D,75))) | D73: =IF($B73="","",INDEX(Suivi!$E:$E,75)) | E73: =IF($B73="","",INDEX(Suivi!$F:$F,75)) | F73: =IF($B73="","",INDEX(Suivi!$G:$G,75)) | H73: =IF(OR($B73="",NOT(ISNUMBER($D73))),"",IF($E73<$D$2,"Passé",IF($D73>$F$2,"À venir","Dans la période"))) | I73: =IF(OR($B73="",NOT(ISNUMBER($D73))),"",IF(AND($E73<$D$2,$G73<>"X",$F73<>"Réalisé",$F73<>"Clôturé"),"RETARD","")) | J73: =IF($B73="","",IF(INDEX(Dossiers!$F$4:$F$63,2)="","",INDEX(Dossiers!$F$4:$F$63,2))) | K73: =IF($B73="","",IF(INDEX(Dossiers!$G$4:$G$63,2)="","",INDEX(Dossiers!$G$4:$G$63,2)))
A74: =IF($B74="","",INDEX(Dossiers!$E$4:$E$63,2)) | B74: =IF(INDEX(Suivi!$B:$B,76)="","",INDEX(Suivi!$B:$B,76)) | C74: =IF($B74="","",IF(INDEX(Suivi!$D:$D,76)="",INDEX(Suivi!$C:$C,76),INDEX(Suivi!$D:$D,76))) | D74: =IF($B74="","",INDEX(Suivi!$E:$E,76)) | E74: =IF($B74="","",INDEX(Suivi!$F:$F,76)) | F74: =IF($B74="","",INDEX(Suivi!$G:$G,76)) | H74: =IF(OR($B74="",NOT(ISNUMBER($D74))),"",IF($E74<$D$2,"Passé",IF($D74>$F$2,"À venir","Dans la période"))) | I74: =IF(OR($B74="",NOT(ISNUMBER($D74))),"",IF(AND($E74<$D$2,$G74<>"X",$F74<>"Réalisé",$F74<>"Clôturé"),"RETARD","")) | J74: =IF($B74="","",IF(INDEX(Dossiers!$F$4:$F$63,2)="","",INDEX(Dossiers!$F$4:$F$63,2))) | K74: =IF($B74="","",IF(INDEX(Dossiers!$G$4:$G$63,2)="","",INDEX(Dossiers!$G$4:$G$63,2)))
A75: =IF($B75="","",INDEX(Dossiers!$E$4:$E$63,2)) | B75: =IF(INDEX(Suivi!$B:$B,77)="","",INDEX(Suivi!$B:$B,77)) | C75: =IF($B75="","",IF(INDEX(Suivi!$D:$D,77)="",INDEX(Suivi!$C:$C,77),INDEX(Suivi!$D:$D,77))) | D75: =IF($B75="","",INDEX(Suivi!$E:$E,77)) | E75: =IF($B75="","",INDEX(Suivi!$F:$F,77)) | F75: =IF($B75="","",INDEX(Suivi!$G:$G,77)) | H75: =IF(OR($B75="",NOT(ISNUMBER($D75))),"",IF($E75<$D$2,"Passé",IF($D75>$F$2,"À venir","Dans la période"))) | I75: =IF(OR($B75="",NOT(ISNUMBER($D75))),"",IF(AND($E75<$D$2,$G75<>"X",$F75<>"Réalisé",$F75<>"Clôturé"),"RETARD","")) | J75: =IF($B75="","",IF(INDEX(Dossiers!$F$4:$F$63,2)="","",INDEX(Dossiers!$F$4:$F$63,2))) | K75: =IF($B75="","",IF(INDEX(Dossiers!$G$4:$G$63,2)="","",INDEX(Dossiers!$G$4:$G$63,2)))
A76: =IF($B76="","",INDEX(Dossiers!$E$4:$E$63,2)) | B76: =IF(INDEX(Suivi!$B:$B,78)="","",INDEX(Suivi!$B:$B,78)) | C76: =IF($B76="","",IF(INDEX(Suivi!$D:$D,78)="",INDEX(Suivi!$C:$C,78),INDEX(Suivi!$D:$D,78))) | D76: =IF($B76="","",INDEX(Suivi!$E:$E,78)) | E76: =IF($B76="","",INDEX(Suivi!$F:$F,78)) | F76: =IF($B76="","",INDEX(Suivi!$G:$G,78)) | H76: =IF(OR($B76="",NOT(ISNUMBER($D76))),"",IF($E76<$D$2,"Passé",IF($D76>$F$2,"À venir","Dans la période"))) | I76: =IF(OR($B76="",NOT(ISNUMBER($D76))),"",IF(AND($E76<$D$2,$G76<>"X",$F76<>"Réalisé",$F76<>"Clôturé"),"RETARD","")) | J76: =IF($B76="","",IF(INDEX(Dossiers!$F$4:$F$63,2)="","",INDEX(Dossiers!$F$4:$F$63,2))) | K76: =IF($B76="","",IF(INDEX(Dossiers!$G$4:$G$63,2)="","",INDEX(Dossiers!$G$4:$G$63,2)))
A77: =IF($B77="","",INDEX(Dossiers!$E$4:$E$63,2)) | B77: =IF(INDEX(Suivi!$B:$B,79)="","",INDEX(Suivi!$B:$B,79)) | C77: =IF($B77="","",IF(INDEX(Suivi!$D:$D,79)="",INDEX(Suivi!$C:$C,79),INDEX(Suivi!$D:$D,79))) | D77: =IF($B77="","",INDEX(Suivi!$E:$E,79)) | E77: =IF($B77="","",INDEX(Suivi!$F:$F,79)) | F77: =IF($B77="","",INDEX(Suivi!$G:$G,79)) | H77: =IF(OR($B77="",NOT(ISNUMBER($D77))),"",IF($E77<$D$2,"Passé",IF($D77>$F$2,"À venir","Dans la période"))) | I77: =IF(OR($B77="",NOT(ISNUMBER($D77))),"",IF(AND($E77<$D$2,$G77<>"X",$F77<>"Réalisé",$F77<>"Clôturé"),"RETARD","")) | J77: =IF($B77="","",IF(INDEX(Dossiers!$F$4:$F$63,2)="","",INDEX(Dossiers!$F$4:$F$63,2))) | K77: =IF($B77="","",IF(INDEX(Dossiers!$G$4:$G$63,2)="","",INDEX(Dossiers!$G$4:$G$63,2)))
A78: =IF($B78="","",INDEX(Dossiers!$E$4:$E$63,2)) | B78: =IF(INDEX(Suivi!$B:$B,80)="","",INDEX(Suivi!$B:$B,80)) | C78: =IF($B78="","",IF(INDEX(Suivi!$D:$D,80)="",INDEX(Suivi!$C:$C,80),INDEX(Suivi!$D:$D,80))) | D78: =IF($B78="","",INDEX(Suivi!$E:$E,80)) | E78: =IF($B78="","",INDEX(Suivi!$F:$F,80)) | F78: =IF($B78="","",INDEX(Suivi!$G:$G,80)) | H78: =IF(OR($B78="",NOT(ISNUMBER($D78))),"",IF($E78<$D$2,"Passé",IF($D78>$F$2,"À venir","Dans la période"))) | I78: =IF(OR($B78="",NOT(ISNUMBER($D78))),"",IF(AND($E78<$D$2,$G78<>"X",$F78<>"Réalisé",$F78<>"Clôturé"),"RETARD","")) | J78: =IF($B78="","",IF(INDEX(Dossiers!$F$4:$F$63,2)="","",INDEX(Dossiers!$F$4:$F$63,2))) | K78: =IF($B78="","",IF(INDEX(Dossiers!$G$4:$G$63,2)="","",INDEX(Dossiers!$G$4:$G$63,2)))
A79: =IF($B79="","",INDEX(Dossiers!$E$4:$E$63,2)) | B79: =IF(INDEX(Suivi!$B:$B,81)="","",INDEX(Suivi!$B:$B,81)) | C79: =IF($B79="","",IF(INDEX(Suivi!$D:$D,81)="",INDEX(Suivi!$C:$C,81),INDEX(Suivi!$D:$D,81))) | D79: =IF($B79="","",INDEX(Suivi!$E:$E,81)) | E79: =IF($B79="","",INDEX(Suivi!$F:$F,81)) | F79: =IF($B79="","",INDEX(Suivi!$G:$G,81)) | H79: =IF(OR($B79="",NOT(ISNUMBER($D79))),"",IF($E79<$D$2,"Passé",IF($D79>$F$2,"À venir","Dans la période"))) | I79: =IF(OR($B79="",NOT(ISNUMBER($D79))),"",IF(AND($E79<$D$2,$G79<>"X",$F79<>"Réalisé",$F79<>"Clôturé"),"RETARD","")) | J79: =IF($B79="","",IF(INDEX(Dossiers!$F$4:$F$63,2)="","",INDEX(Dossiers!$F$4:$F$63,2))) | K79: =IF($B79="","",IF(INDEX(Dossiers!$G$4:$G$63,2)="","",INDEX(Dossiers!$G$4:$G$63,2)))
A80: =IF($B80="","",INDEX(Dossiers!$E$4:$E$63,2)) | B80: =IF(INDEX(Suivi!$B:$B,82)="","",INDEX(Suivi!$B:$B,82)) | C80: =IF($B80="","",IF(INDEX(Suivi!$D:$D,82)="",INDEX(Suivi!$C:$C,82),INDEX(Suivi!$D:$D,82))) | D80: =IF($B80="","",INDEX(Suivi!$E:$E,82)) | E80: =IF($B80="","",INDEX(Suivi!$F:$F,82)) | F80: =IF($B80="","",INDEX(Suivi!$G:$G,82)) | H80: =IF(OR($B80="",NOT(ISNUMBER($D80))),"",IF($E80<$D$2,"Passé",IF($D80>$F$2,"À venir","Dans la période"))) | I80: =IF(OR($B80="",NOT(ISNUMBER($D80))),"",IF(AND($E80<$D$2,$G80<>"X",$F80<>"Réalisé",$F80<>"Clôturé"),"RETARD","")) | J80: =IF($B80="","",IF(INDEX(Dossiers!$F$4:$F$63,2)="","",INDEX(Dossiers!$F$4:$F$63,2))) | K80: =IF($B80="","",IF(INDEX(Dossiers!$G$4:$G$63,2)="","",INDEX(Dossiers!$G$4:$G$63,2)))
A81: =IF($B81="","",INDEX(Dossiers!$E$4:$E$63,2)) | B81: =IF(INDEX(Suivi!$B:$B,83)="","",INDEX(Suivi!$B:$B,83)) | C81: =IF($B81="","",IF(INDEX(Suivi!$D:$D,83)="",INDEX(Suivi!$C:$C,83),INDEX(Suivi!$D:$D,83))) | D81: =IF($B81="","",INDEX(Suivi!$E:$E,83)) | E81: =IF($B81="","",INDEX(Suivi!$F:$F,83)) | F81: =IF($B81="","",INDEX(Suivi!$G:$G,83)) | H81: =IF(OR($B81="",NOT(ISNUMBER($D81))),"",IF($E81<$D$2,"Passé",IF($D81>$F$2,"À venir","Dans la période"))) | I81: =IF(OR($B81="",NOT(ISNUMBER($D81))),"",IF(AND($E81<$D$2,$G81<>"X",$F81<>"Réalisé",$F81<>"Clôturé"),"RETARD","")) | J81: =IF($B81="","",IF(INDEX(Dossiers!$F$4:$F$63,2)="","",INDEX(Dossiers!$F$4:$F$63,2))) | K81: =IF($B81="","",IF(INDEX(Dossiers!$G$4:$G$63,2)="","",INDEX(Dossiers!$G$4:$G$63,2)))
A82: =IF($B82="","",INDEX(Dossiers!$E$4:$E$63,2)) | B82: =IF(INDEX(Suivi!$B:$B,84)="","",INDEX(Suivi!$B:$B,84)) | C82: =IF($B82="","",IF(INDEX(Suivi!$D:$D,84)="",INDEX(Suivi!$C:$C,84),INDEX(Suivi!$D:$D,84))) | D82: =IF($B82="","",INDEX(Suivi!$E:$E,84)) | E82: =IF($B82="","",INDEX(Suivi!$F:$F,84)) | F82: =IF($B82="","",INDEX(Suivi!$G:$G,84)) | H82: =IF(OR($B82="",NOT(ISNUMBER($D82))),"",IF($E82<$D$2,"Passé",IF($D82>$F$2,"À venir","Dans la période"))) | I82: =IF(OR($B82="",NOT(ISNUMBER($D82))),"",IF(AND($E82<$D$2,$G82<>"X",$F82<>"Réalisé",$F82<>"Clôturé"),"RETARD","")) | J82: =IF($B82="","",IF(INDEX(Dossiers!$F$4:$F$63,2)="","",INDEX(Dossiers!$F$4:$F$63,2))) | K82: =IF($B82="","",IF(INDEX(Dossiers!$G$4:$G$63,2)="","",INDEX(Dossiers!$G$4:$G$63,2)))
A83: =IF($B83="","",INDEX(Dossiers!$E$4:$E$63,2)) | B83: =IF(INDEX(Suivi!$B:$B,85)="","",INDEX(Suivi!$B:$B,85)) | C83: =IF($B83="","",IF(INDEX(Suivi!$D:$D,85)="",INDEX(Suivi!$C:$C,85),INDEX(Suivi!$D:$D,85))) | D83: =IF($B83="","",INDEX(Suivi!$E:$E,85)) | E83: =IF($B83="","",INDEX(Suivi!$F:$F,85)) | F83: =IF($B83="","",INDEX(Suivi!$G:$G,85)) | H83: =IF(OR($B83="",NOT(ISNUMBER($D83))),"",IF($E83<$D$2,"Passé",IF($D83>$F$2,"À venir","Dans la période"))) | I83: =IF(OR($B83="",NOT(ISNUMBER($D83))),"",IF(AND($E83<$D$2,$G83<>"X",$F83<>"Réalisé",$F83<>"Clôturé"),"RETARD","")) | J83: =IF($B83="","",IF(INDEX(Dossiers!$F$4:$F$63,2)="","",INDEX(Dossiers!$F$4:$F$63,2))) | K83: =IF($B83="","",IF(INDEX(Dossiers!$G$4:$G$63,2)="","",INDEX(Dossiers!$G$4:$G$63,2)))
A84: =IF($B84="","",INDEX(Dossiers!$E$4:$E$63,2)) | B84: =IF(INDEX(Suivi!$B:$B,86)="","",INDEX(Suivi!$B:$B,86)) | C84: =IF($B84="","",IF(INDEX(Suivi!$D:$D,86)="",INDEX(Suivi!$C:$C,86),INDEX(Suivi!$D:$D,86))) | D84: =IF($B84="","",INDEX(Suivi!$E:$E,86)) | E84: =IF($B84="","",INDEX(Suivi!$F:$F,86)) | F84: =IF($B84="","",INDEX(Suivi!$G:$G,86)) | H84: =IF(OR($B84="",NOT(ISNUMBER($D84))),"",IF($E84<$D$2,"Passé",IF($D84>$F$2,"À venir","Dans la période"))) | I84: =IF(OR($B84="",NOT(ISNUMBER($D84))),"",IF(AND($E84<$D$2,$G84<>"X",$F84<>"Réalisé",$F84<>"Clôturé"),"RETARD","")) | J84: =IF($B84="","",IF(INDEX(Dossiers!$F$4:$F$63,2)="","",INDEX(Dossiers!$F$4:$F$63,2))) | K84: =IF($B84="","",IF(INDEX(Dossiers!$G$4:$G$63,2)="","",INDEX(Dossiers!$G$4:$G$63,2)))
A85: =IF($B85="","",INDEX(Dossiers!$E$4:$E$63,2)) | B85: =IF(INDEX(Suivi!$B:$B,87)="","",INDEX(Suivi!$B:$B,87)) | C85: =IF($B85="","",IF(INDEX(Suivi!$D:$D,87)="",INDEX(Suivi!$C:$C,87),INDEX(Suivi!$D:$D,87))) | D85: =IF($B85="","",INDEX(Suivi!$E:$E,87)) | E85: =IF($B85="","",INDEX(Suivi!$F:$F,87)) | F85: =IF($B85="","",INDEX(Suivi!$G:$G,87)) | H85: =IF(OR($B85="",NOT(ISNUMBER($D85))),"",IF($E85<$D$2,"Passé",IF($D85>$F$2,"À venir","Dans la période"))) | I85: =IF(OR($B85="",NOT(ISNUMBER($D85))),"",IF(AND($E85<$D$2,$G85<>"X",$F85<>"Réalisé",$F85<>"Clôturé"),"RETARD","")) | J85: =IF($B85="","",IF(INDEX(Dossiers!$F$4:$F$63,2)="","",INDEX(Dossiers!$F$4:$F$63,2))) | K85: =IF($B85="","",IF(INDEX(Dossiers!$G$4:$G$63,2)="","",INDEX(Dossiers!$G$4:$G$63,2)))
A86: =IF($B86="","",INDEX(Dossiers!$E$4:$E$63,2)) | B86: =IF(INDEX(Suivi!$B:$B,88)="","",INDEX(Suivi!$B:$B,88)) | C86: =IF($B86="","",IF(INDEX(Suivi!$D:$D,88)="",INDEX(Suivi!$C:$C,88),INDEX(Suivi!$D:$D,88))) | D86: =IF($B86="","",INDEX(Suivi!$E:$E,88)) | E86: =IF($B86="","",INDEX(Suivi!$F:$F,88)) | F86: =IF($B86="","",INDEX(Suivi!$G:$G,88)) | H86: =IF(OR($B86="",NOT(ISNUMBER($D86))),"",IF($E86<$D$2,"Passé",IF($D86>$F$2,"À venir","Dans la période"))) | I86: =IF(OR($B86="",NOT(ISNUMBER($D86))),"",IF(AND($E86<$D$2,$G86<>"X",$F86<>"Réalisé",$F86<>"Clôturé"),"RETARD","")) | J86: =IF($B86="","",IF(INDEX(Dossiers!$F$4:$F$63,2)="","",INDEX(Dossiers!$F$4:$F$63,2))) | K86: =IF($B86="","",IF(INDEX(Dossiers!$G$4:$G$63,2)="","",INDEX(Dossiers!$G$4:$G$63,2)))
A87: =IF($B87="","",INDEX(Dossiers!$E$4:$E$63,2)) | B87: =IF(INDEX(Suivi!$B:$B,89)="","",INDEX(Suivi!$B:$B,89)) | C87: =IF($B87="","",IF(INDEX(Suivi!$D:$D,89)="",INDEX(Suivi!$C:$C,89),INDEX(Suivi!$D:$D,89))) | D87: =IF($B87="","",INDEX(Suivi!$E:$E,89)) | E87: =IF($B87="","",INDEX(Suivi!$F:$F,89)) | F87: =IF($B87="","",INDEX(Suivi!$G:$G,89)) | H87: =IF(OR($B87="",NOT(ISNUMBER($D87))),"",IF($E87<$D$2,"Passé",IF($D87>$F$2,"À venir","Dans la période"))) | I87: =IF(OR($B87="",NOT(ISNUMBER($D87))),"",IF(AND($E87<$D$2,$G87<>"X",$F87<>"Réalisé",$F87<>"Clôturé"),"RETARD","")) | J87: =IF($B87="","",IF(INDEX(Dossiers!$F$4:$F$63,2)="","",INDEX(Dossiers!$F$4:$F$63,2))) | K87: =IF($B87="","",IF(INDEX(Dossiers!$G$4:$G$63,2)="","",INDEX(Dossiers!$G$4:$G$63,2)))
A88: =IF($B88="","",INDEX(Dossiers!$E$4:$E$63,2)) | B88: =IF(INDEX(Suivi!$B:$B,90)="","",INDEX(Suivi!$B:$B,90)) | C88: =IF($B88="","",IF(INDEX(Suivi!$D:$D,90)="",INDEX(Suivi!$C:$C,90),INDEX(Suivi!$D:$D,90))) | D88: =IF($B88="","",INDEX(Suivi!$E:$E,90)) | E88: =IF($B88="","",INDEX(Suivi!$F:$F,90)) | F88: =IF($B88="","",INDEX(Suivi!$G:$G,90)) | H88: =IF(OR($B88="",NOT(ISNUMBER($D88))),"",IF($E88<$D$2,"Passé",IF($D88>$F$2,"À venir","Dans la période"))) | I88: =IF(OR($B88="",NOT(ISNUMBER($D88))),"",IF(AND($E88<$D$2,$G88<>"X",$F88<>"Réalisé",$F88<>"Clôturé"),"RETARD","")) | J88: =IF($B88="","",IF(INDEX(Dossiers!$F$4:$F$63,2)="","",INDEX(Dossiers!$F$4:$F$63,2))) | K88: =IF($B88="","",IF(INDEX(Dossiers!$G$4:$G$63,2)="","",INDEX(Dossiers!$G$4:$G$63,2)))
A89: =IF($B89="","",INDEX(Dossiers!$E$4:$E$63,2)) | B89: =IF(INDEX(Suivi!$B:$B,91)="","",INDEX(Suivi!$B:$B,91)) | C89: =IF($B89="","",IF(INDEX(Suivi!$D:$D,91)="",INDEX(Suivi!$C:$C,91),INDEX(Suivi!$D:$D,91))) | D89: =IF($B89="","",INDEX(Suivi!$E:$E,91)) | E89: =IF($B89="","",INDEX(Suivi!$F:$F,91)) | F89: =IF($B89="","",INDEX(Suivi!$G:$G,91)) | H89: =IF(OR($B89="",NOT(ISNUMBER($D89))),"",IF($E89<$D$2,"Passé",IF($D89>$F$2,"À venir","Dans la période"))) | I89: =IF(OR($B89="",NOT(ISNUMBER($D89))),"",IF(AND($E89<$D$2,$G89<>"X",$F89<>"Réalisé",$F89<>"Clôturé"),"RETARD","")) | J89: =IF($B89="","",IF(INDEX(Dossiers!$F$4:$F$63,2)="","",INDEX(Dossiers!$F$4:$F$63,2))) | K89: =IF($B89="","",IF(INDEX(Dossiers!$G$4:$G$63,2)="","",INDEX(Dossiers!$G$4:$G$63,2)))
A90: =IF($B90="","",INDEX(Dossiers!$E$4:$E$63,2)) | B90: =IF(INDEX(Suivi!$B:$B,92)="","",INDEX(Suivi!$B:$B,92)) | C90: =IF($B90="","",IF(INDEX(Suivi!$D:$D,92)="",INDEX(Suivi!$C:$C,92),INDEX(Suivi!$D:$D,92))) | D90: =IF($B90="","",INDEX(Suivi!$E:$E,92)) | E90: =IF($B90="","",INDEX(Suivi!$F:$F,92)) | F90: =IF($B90="","",INDEX(Suivi!$G:$G,92)) | H90: =IF(OR($B90="",NOT(ISNUMBER($D90))),"",IF($E90<$D$2,"Passé",IF($D90>$F$2,"À venir","Dans la période"))) | I90: =IF(OR($B90="",NOT(ISNUMBER($D90))),"",IF(AND($E90<$D$2,$G90<>"X",$F90<>"Réalisé",$F90<>"Clôturé"),"RETARD","")) | J90: =IF($B90="","",IF(INDEX(Dossiers!$F$4:$F$63,2)="","",INDEX(Dossiers!$F$4:$F$63,2))) | K90: =IF($B90="","",IF(INDEX(Dossiers!$G$4:$G$63,2)="","",INDEX(Dossiers!$G$4:$G$63,2)))
A91: =IF($B91="","",INDEX(Dossiers!$E$4:$E$63,2)) | B91: =IF(INDEX(Suivi!$B:$B,93)="","",INDEX(Suivi!$B:$B,93)) | C91: =IF($B91="","",IF(INDEX(Suivi!$D:$D,93)="",INDEX(Suivi!$C:$C,93),INDEX(Suivi!$D:$D,93))) | D91: =IF($B91="","",INDEX(Suivi!$E:$E,93)) | E91: =IF($B91="","",INDEX(Suivi!$F:$F,93)) | F91: =IF($B91="","",INDEX(Suivi!$G:$G,93)) | H91: =IF(OR($B91="",NOT(ISNUMBER($D91))),"",IF($E91<$D$2,"Passé",IF($D91>$F$2,"À venir","Dans la période"))) | I91: =IF(OR($B91="",NOT(ISNUMBER($D91))),"",IF(AND($E91<$D$2,$G91<>"X",$F91<>"Réalisé",$F91<>"Clôturé"),"RETARD","")) | J91: =IF($B91="","",IF(INDEX(Dossiers!$F$4:$F$63,2)="","",INDEX(Dossiers!$F$4:$F$63,2))) | K91: =IF($B91="","",IF(INDEX(Dossiers!$G$4:$G$63,2)="","",INDEX(Dossiers!$G$4:$G$63,2)))
A92: =IF($B92="","",INDEX(Dossiers!$E$4:$E$63,2)) | B92: =IF(INDEX(Suivi!$B:$B,94)="","",INDEX(Suivi!$B:$B,94)) | C92: =IF($B92="","",IF(INDEX(Suivi!$D:$D,94)="",INDEX(Suivi!$C:$C,94),INDEX(Suivi!$D:$D,94))) | D92: =IF($B92="","",INDEX(Suivi!$E:$E,94)) | E92: =IF($B92="","",INDEX(Suivi!$F:$F,94)) | F92: =IF($B92="","",INDEX(Suivi!$G:$G,94)) | H92: =IF(OR($B92="",NOT(ISNUMBER($D92))),"",IF($E92<$D$2,"Passé",IF($D92>$F$2,"À venir","Dans la période"))) | I92: =IF(OR($B92="",NOT(ISNUMBER($D92))),"",IF(AND($E92<$D$2,$G92<>"X",$F92<>"Réalisé",$F92<>"Clôturé"),"RETARD","")) | J92: =IF($B92="","",IF(INDEX(Dossiers!$F$4:$F$63,2)="","",INDEX(Dossiers!$F$4:$F$63,2))) | K92: =IF($B92="","",IF(INDEX(Dossiers!$G$4:$G$63,2)="","",INDEX(Dossiers!$G$4:$G$63,2)))
A93: =IF($B93="","",INDEX(Dossiers!$E$4:$E$63,2)) | B93: =IF(INDEX(Suivi!$B:$B,95)="","",INDEX(Suivi!$B:$B,95)) | C93: =IF($B93="","",IF(INDEX(Suivi!$D:$D,95)="",INDEX(Suivi!$C:$C,95),INDEX(Suivi!$D:$D,95))) | D93: =IF($B93="","",INDEX(Suivi!$E:$E,95)) | E93: =IF($B93="","",INDEX(Suivi!$F:$F,95)) | F93: =IF($B93="","",INDEX(Suivi!$G:$G,95)) | H93: =IF(OR($B93="",NOT(ISNUMBER($D93))),"",IF($E93<$D$2,"Passé",IF($D93>$F$2,"À venir","Dans la période"))) | I93: =IF(OR($B93="",NOT(ISNUMBER($D93))),"",IF(AND($E93<$D$2,$G93<>"X",$F93<>"Réalisé",$F93<>"Clôturé"),"RETARD","")) | J93: =IF($B93="","",IF(INDEX(Dossiers!$F$4:$F$63,2)="","",INDEX(Dossiers!$F$4:$F$63,2))) | K93: =IF($B93="","",IF(INDEX(Dossiers!$G$4:$G$63,2)="","",INDEX(Dossiers!$G$4:$G$63,2)))
A94: =IF($B94="","",INDEX(Dossiers!$E$4:$E$63,2)) | B94: =IF(INDEX(Suivi!$B:$B,96)="","",INDEX(Suivi!$B:$B,96)) | C94: =IF($B94="","",IF(INDEX(Suivi!$D:$D,96)="",INDEX(Suivi!$C:$C,96),INDEX(Suivi!$D:$D,96))) | D94: =IF($B94="","",INDEX(Suivi!$E:$E,96)) | E94: =IF($B94="","",INDEX(Suivi!$F:$F,96)) | F94: =IF($B94="","",INDEX(Suivi!$G:$G,96)) | H94: =IF(OR($B94="",NOT(ISNUMBER($D94))),"",IF($E94<$D$2,"Passé",IF($D94>$F$2,"À venir","Dans la période"))) | I94: =IF(OR($B94="",NOT(ISNUMBER($D94))),"",IF(AND($E94<$D$2,$G94<>"X",$F94<>"Réalisé",$F94<>"Clôturé"),"RETARD","")) | J94: =IF($B94="","",IF(INDEX(Dossiers!$F$4:$F$63,2)="","",INDEX(Dossiers!$F$4:$F$63,2))) | K94: =IF($B94="","",IF(INDEX(Dossiers!$G$4:$G$63,2)="","",INDEX(Dossiers!$G$4:$G$63,2)))
A95: =IF($B95="","",INDEX(Dossiers!$E$4:$E$63,2)) | B95: =IF(INDEX(Suivi!$B:$B,97)="","",INDEX(Suivi!$B:$B,97)) | C95: =IF($B95="","",IF(INDEX(Suivi!$D:$D,97)="",INDEX(Suivi!$C:$C,97),INDEX(Suivi!$D:$D,97))) | D95: =IF($B95="","",INDEX(Suivi!$E:$E,97)) | E95: =IF($B95="","",INDEX(Suivi!$F:$F,97)) | F95: =IF($B95="","",INDEX(Suivi!$G:$G,97)) | H95: =IF(OR($B95="",NOT(ISNUMBER($D95))),"",IF($E95<$D$2,"Passé",IF($D95>$F$2,"À venir","Dans la période"))) | I95: =IF(OR($B95="",NOT(ISNUMBER($D95))),"",IF(AND($E95<$D$2,$G95<>"X",$F95<>"Réalisé",$F95<>"Clôturé"),"RETARD","")) | J95: =IF($B95="","",IF(INDEX(Dossiers!$F$4:$F$63,2)="","",INDEX(Dossiers!$F$4:$F$63,2))) | K95: =IF($B95="","",IF(INDEX(Dossiers!$G$4:$G$63,2)="","",INDEX(Dossiers!$G$4:$G$63,2)))
A96: =IF($B96="","",INDEX(Dossiers!$E$4:$E$63,2)) | B96: =IF(INDEX(Suivi!$B:$B,98)="","",INDEX(Suivi!$B:$B,98)) | C96: =IF($B96="","",IF(INDEX(Suivi!$D:$D,98)="",INDEX(Suivi!$C:$C,98),INDEX(Suivi!$D:$D,98))) | D96: =IF($B96="","",INDEX(Suivi!$E:$E,98)) | E96: =IF($B96="","",INDEX(Suivi!$F:$F,98)) | F96: =IF($B96="","",INDEX(Suivi!$G:$G,98)) | H96: =IF(OR($B96="",NOT(ISNUMBER($D96))),"",IF($E96<$D$2,"Passé",IF($D96>$F$2,"À venir","Dans la période"))) | I96: =IF(OR($B96="",NOT(ISNUMBER($D96))),"",IF(AND($E96<$D$2,$G96<>"X",$F96<>"Réalisé",$F96<>"Clôturé"),"RETARD","")) | J96: =IF($B96="","",IF(INDEX(Dossiers!$F$4:$F$63,2)="","",INDEX(Dossiers!$F$4:$F$63,2))) | K96: =IF($B96="","",IF(INDEX(Dossiers!$G$4:$G$63,2)="","",INDEX(Dossiers!$G$4:$G$63,2)))
A97: =IF($B97="","",INDEX(Dossiers!$E$4:$E$63,2)) | B97: =IF(INDEX(Suivi!$B:$B,99)="","",INDEX(Suivi!$B:$B,99)) | C97: =IF($B97="","",IF(INDEX(Suivi!$D:$D,99)="",INDEX(Suivi!$C:$C,99),INDEX(Suivi!$D:$D,99))) | D97: =IF($B97="","",INDEX(Suivi!$E:$E,99)) | E97: =IF($B97="","",INDEX(Suivi!$F:$F,99)) | F97: =IF($B97="","",INDEX(Suivi!$G:$G,99)) | H97: =IF(OR($B97="",NOT(ISNUMBER($D97))),"",IF($E97<$D$2,"Passé",IF($D97>$F$2,"À venir","Dans la période"))) | I97: =IF(OR($B97="",NOT(ISNUMBER($D97))),"",IF(AND($E97<$D$2,$G97<>"X",$F97<>"Réalisé",$F97<>"Clôturé"),"RETARD","")) | J97: =IF($B97="","",IF(INDEX(Dossiers!$F$4:$F$63,2)="","",INDEX(Dossiers!$F$4:$F$63,2))) | K97: =IF($B97="","",IF(INDEX(Dossiers!$G$4:$G$63,2)="","",INDEX(Dossiers!$G$4:$G$63,2)))
A98: =IF($B98="","",INDEX(Dossiers!$E$4:$E$63,2)) | B98: =IF(INDEX(Suivi!$B:$B,100)="","",INDEX(Suivi!$B:$B,100)) | C98: =IF($B98="","",IF(INDEX(Suivi!$D:$D,100)="",INDEX(Suivi!$C:$C,100),INDEX(Suivi!$D:$D,100))) | D98: =IF($B98="","",INDEX(Suivi!$E:$E,100)) | E98: =IF($B98="","",INDEX(Suivi!$F:$F,100)) | F98: =IF($B98="","",INDEX(Suivi!$G:$G,100)) | H98: =IF(OR($B98="",NOT(ISNUMBER($D98))),"",IF($E98<$D$2,"Passé",IF($D98>$F$2,"À venir","Dans la période"))) | I98: =IF(OR($B98="",NOT(ISNUMBER($D98))),"",IF(AND($E98<$D$2,$G98<>"X",$F98<>"Réalisé",$F98<>"Clôturé"),"RETARD","")) | J98: =IF($B98="","",IF(INDEX(Dossiers!$F$4:$F$63,2)="","",INDEX(Dossiers!$F$4:$F$63,2))) | K98: =IF($B98="","",IF(INDEX(Dossiers!$G$4:$G$63,2)="","",INDEX(Dossiers!$G$4:$G$63,2)))
A99: =IF($B99="","",INDEX(Dossiers!$E$4:$E$63,2)) | B99: =IF(INDEX(Suivi!$B:$B,101)="","",INDEX(Suivi!$B:$B,101)) | C99: =IF($B99="","",IF(INDEX(Suivi!$D:$D,101)="",INDEX(Suivi!$C:$C,101),INDEX(Suivi!$D:$D,101))) | D99: =IF($B99="","",INDEX(Suivi!$E:$E,101)) | E99: =IF($B99="","",INDEX(Suivi!$F:$F,101)) | F99: =IF($B99="","",INDEX(Suivi!$G:$G,101)) | H99: =IF(OR($B99="",NOT(ISNUMBER($D99))),"",IF($E99<$D$2,"Passé",IF($D99>$F$2,"À venir","Dans la période"))) | I99: =IF(OR($B99="",NOT(ISNUMBER($D99))),"",IF(AND($E99<$D$2,$G99<>"X",$F99<>"Réalisé",$F99<>"Clôturé"),"RETARD","")) | J99: =IF($B99="","",IF(INDEX(Dossiers!$F$4:$F$63,2)="","",INDEX(Dossiers!$F$4:$F$63,2))) | K99: =IF($B99="","",IF(INDEX(Dossiers!$G$4:$G$63,2)="","",INDEX(Dossiers!$G$4:$G$63,2)))
A100: =IF($B100="","",INDEX(Dossiers!$E$4:$E$63,2)) | B100: =IF(INDEX(Suivi!$B:$B,102)="","",INDEX(Suivi!$B:$B,102)) | C100: =IF($B100="","",IF(INDEX(Suivi!$D:$D,102)="",INDEX(Suivi!$C:$C,102),INDEX(Suivi!$D:$D,102))) | D100: =IF($B100="","",INDEX(Suivi!$E:$E,102)) | E100: =IF($B100="","",INDEX(Suivi!$F:$F,102)) | F100: =IF($B100="","",INDEX(Suivi!$G:$G,102)) | H100: =IF(OR($B100="",NOT(ISNUMBER($D100))),"",IF($E100<$D$2,"Passé",IF($D100>$F$2,"À venir","Dans la période"))) | I100: =IF(OR($B100="",NOT(ISNUMBER($D100))),"",IF(AND($E100<$D$2,$G100<>"X",$F100<>"Réalisé",$F100<>"Clôturé"),"RETARD","")) | J100: =IF($B100="","",IF(INDEX(Dossiers!$F$4:$F$63,2)="","",INDEX(Dossiers!$F$4:$F$63,2))) | K100: =IF($B100="","",IF(INDEX(Dossiers!$G$4:$G$63,2)="","",INDEX(Dossiers!$G$4:$G$63,2)))
...

Sheet Tableau de bord
A1: TABLEAU DE BORD DES DOSSIERS
A2: ="Dossiers actifs : "&COUNTIF(A5:A64,"?*") | D2: ="Dossiers avec étapes en retard : "&COUNTIF(K5:K64,">0")
A3: Cliquer sur un dossier pour ouvrir son détail. Réalisation = étapes « Réalisé » ou « Clôturé » sur le total des étapes.
A4: Dossier | B4: Début | C4: Fin prévue | D4: =Paramètres!G5&" · "&Paramètres!H5 | E4: =Paramètres!G10&" · "&Paramètres!H10 | F4: =Paramètres!G15&" · "&Paramètres!H15 | G4: =Paramètres!G32&" · "&Paramètres!H32 | H4: =Paramètres!G37&" · "&Paramètres!H37 | I4: =Paramètres!G56&" · "&Paramètres!H56 | J4: Global | K4: Étapes en retard
A5: =IF(ISNUMBER(Dossiers!$D$4),HYPERLINK("#Suivi!A4",Dossiers!$E$4),"") | B5: =IF($A5="","",Dossiers!$D$4) | C5: =IF($A5="","",MAX(Suivi!$F$5:$F$57)) | D5: =IF($A5="","",(COUNTIF(Suivi!$G$6:$G$9,"Réalisé")+COUNTIF(Suivi!$G$6:$G$9,"Clôturé"))/ROWS(Suivi!$G$6:$G$9)) | E5: =IF($A5="","",(COUNTIF(Suivi!$G$11:$G$14,"Réalisé")+COUNTIF(Suivi!$G$11:$G$14,"Clôturé"))/ROWS(Suivi!$G$11:$G$14)) | F5: =IF($A5="","",(COUNTIF(Suivi!$G$16:$G$31,"Réalisé")+COUNTIF(Suivi!$G$16:$G$31,"Clôturé"))/ROWS(Suivi!$G$16:$G$31)) | G5: =IF($A5="","",(COUNTIF(Suivi!$G$33:$G$36,"Réalisé")+COUNTIF(Suivi!$G$33:$G$36,"Clôturé"))/ROWS(Suivi!$G$33:$G$36)) | H5: =IF($A5="","",(COUNTIF(Suivi!$G$38:$G$55,"Réalisé")+COUNTIF(Suivi!$G$38:$G$55,"Clôturé"))/ROWS(Suivi!$G$38:$G$55)) | I5: =IF($A5="","",(COUNTIF(Suivi!$G$57:$G$57,"Réalisé")+COUNTIF(Suivi!$G$57:$G$57,"Clôturé"))/ROWS(Suivi!$G$57:$G$57)) | J5: =IF($A5="","",SUMPRODUCT(ISNUMBER(SEARCH(".",Suivi!$B$5:$B$57))*((Suivi!$G$5:$G$57="Réalisé")+(Suivi!$G$5:$G$57="Clôturé")))/SUMPRODUCT(--ISNUMBER(SEARCH(".",Suivi!$B$5:$B$57)))) | K5: =IF($A5="","",SUMPRODUCT(ISNUMBER(SEARCH(".",Suivi!$B$5:$B$57))*ISNUMBER(Suivi!$F$5:$F$57)*(Suivi!$F$5:$F$57<TODAY())*(Suivi!$G$5:$G$57<>"Réalisé")*(Suivi!$G$5:$G$57<>"Clôturé")))
A6: =IF(ISNUMBER(Dossiers!$D$5),HYPERLINK("#Suivi!A58",Dossiers!$E$5),"") | B6: =IF($A6="","",Dossiers!$D$5) | C6: =IF($A6="","",MAX(Suivi!$F$59:$F$111)) | D6: =IF($A6="","",(COUNTIF(Suivi!$G$60:$G$63,"Réalisé")+COUNTIF(Suivi!$G$60:$G$63,"Clôturé"))/ROWS(Suivi!$G$60:$G$63)) | E6: =IF($A6="","",(COUNTIF(Suivi!$G$65:$G$68,"Réalisé")+COUNTIF(Suivi!$G$65:$G$68,"Clôturé"))/ROWS(Suivi!$G$65:$G$68)) | F6: =IF($A6="","",(COUNTIF(Suivi!$G$70:$G$85,"Réalisé")+COUNTIF(Suivi!$G$70:$G$85,"Clôturé"))/ROWS(Suivi!$G$70:$G$85)) | G6: =IF($A6="","",(COUNTIF(Suivi!$G$87:$G$90,"Réalisé")+COUNTIF(Suivi!$G$87:$G$90,"Clôturé"))/ROWS(Suivi!$G$87:$G$90)) | H6: =IF($A6="","",(COUNTIF(Suivi!$G$92:$G$109,"Réalisé")+COUNTIF(Suivi!$G$92:$G$109,"Clôturé"))/ROWS(Suivi!$G$92:$G$109)) | I6: =IF($A6="","",(COUNTIF(Suivi!$G$111:$G$111,"Réalisé")+COUNTIF(Suivi!$G$111:$G$111,"Clôturé"))/ROWS(Suivi!$G$111:$G$111)) | J6: =IF($A6="","",SUMPRODUCT(ISNUMBER(SEARCH(".",Suivi!$B$59:$B$111))*((Suivi!$G$59:$G$111="Réalisé")+(Suivi!$G$59:$G$111="Clôturé")))/SUMPRODUCT(--ISNUMBER(SEARCH(".",Suivi!$B$59:$B$111)))) | K6: =IF($A6="","",SUMPRODUCT(ISNUMBER(SEARCH(".",Suivi!$B$59:$B$111))*ISNUMBER(Suivi!$F$59:$F$111)*(Suivi!$F$59:$F$111<TODAY())*(Suivi!$G$59:$G$111<>"Réalisé")*(Suivi!$G$59:$G$111<>"Clôturé")))
A7: =IF(ISNUMBER(Dossiers!$D$6),HYPERLINK("#Suivi!A112",Dossiers!$E$6),"") | B7: =IF($A7="","",Dossiers!$D$6) | C7: =IF($A7="","",MAX(Suivi!$F$113:$F$165)) | D7: =IF($A7="","",(COUNTIF(Suivi!$G$114:$G$117,"Réalisé")+COUNTIF(Suivi!$G$114:$G$117,"Clôturé"))/ROWS(Suivi!$G$114:$G$117)) | E7: =IF($A7="","",(COUNTIF(Suivi!$G$119:$G$122,"Réalisé")+COUNTIF(Suivi!$G$119:$G$122,"Clôturé"))/ROWS(Suivi!$G$119:$G$122)) | F7: =IF($A7="","",(COUNTIF(Suivi!$G$124:$G$139,"Réalisé")+COUNTIF(Suivi!$G$124:$G$139,"Clôturé"))/ROWS(Suivi!$G$124:$G$139)) | G7: =IF($A7="","",(COUNTIF(Suivi!$G$141:$G$144,"Réalisé")+COUNTIF(Suivi!$G$141:$G$144,"Clôturé"))/ROWS(Suivi!$G$141:$G$144)) | H7: =IF($A7="","",(COUNTIF(Suivi!$G$146:$G$163,"Réalisé")+COUNTIF(Suivi!$G$146:$G$163,"Clôturé"))/ROWS(Suivi!$G$146:$G$163)) | I7: =IF($A7="","",(COUNTIF(Suivi!$G$165:$G$165,"Réalisé")+COUNTIF(Suivi!$G$165:$G$165,"Clôturé"))/ROWS(Suivi!$G$165:$G$165)) | J7: =IF($A7="","",SUMPRODUCT(ISNUMBER(SEARCH(".",Suivi!$B$113:$B$165))*((Suivi!$G$113:$G$165="Réalisé")+(Suivi!$G$113:$G$165="Clôturé")))/SUMPRODUCT(--ISNUMBER(SEARCH(".",Suivi!$B$113:$B$165)))) | K7: =IF($A7="","",SUMPRODUCT(ISNUMBER(SEARCH(".",Suivi!$B$113:$B$165))*ISNUMBER(Suivi!$F$113:$F$165)*(Suivi!$F$113:$F$165<TODAY())*(Suivi!$G$113:$G$165<>"Réalisé")*(Suivi!$G$113:$G$165<>"Clôturé")))
A8: =IF(ISNUMBER(Dossiers!$D$7),HYPERLINK("#Suivi!A166",Dossiers!$E$7),"") | B8: =IF($A8="","",Dossiers!$D$7) | C8: =IF($A8="","",MAX(Suivi!$F$167:$F$219)) | D8: =IF($A8="","",(COUNTIF(Suivi!$G$168:$G$171,"Réalisé")+COUNTIF(Suivi!$G$168:$G$171,"Clôturé"))/ROWS(Suivi!$G$168:$G$171)) | E8: =IF($A8="","",(COUNTIF(Suivi!$G$173:$G$176,"Réalisé")+COUNTIF(Suivi!$G$173:$G$176,"Clôturé"))/ROWS(Suivi!$G$173:$G$176)) | F8: =IF($A8="","",(COUNTIF(Suivi!$G$178:$G$193,"Réalisé")+COUNTIF(Suivi!$G$178:$G$193,"Clôturé"))/ROWS(Suivi!$G$178:$G$193)) | G8: =IF($A8="","",(COUNTIF(Suivi!$G$195:$G$198,"Réalisé")+COUNTIF(Suivi!$G$195:$G$198,"Clôturé"))/ROWS(Suivi!$G$195:$G$198)) | H8: =IF($A8="","",(COUNTIF(Suivi!$G$200:$G$217,"Réalisé")+COUNTIF(Suivi!$G$200:$G$217,"Clôturé"))/ROWS(Suivi!$G$200:$G$217)) | I8: =IF($A8="","",(COUNTIF(Suivi!$G$219:$G$219,"Réalisé")+COUNTIF(Suivi!$G$219:$G$219,"Clôturé"))/ROWS(Suivi!$G$219:$G$219)) | J8: =IF($A8="","",SUMPRODUCT(ISNUMBER(SEARCH(".",Suivi!$B$167:$B$219))*((Suivi!$G$167:$G$219="Réalisé")+(Suivi!$G$167:$G$219="Clôturé")))/SUMPRODUCT(--ISNUMBER(SEARCH(".",Suivi!$B$167:$B$219)))) | K8: =IF($A8="","",SUMPRODUCT(ISNUMBER(SEARCH(".",Suivi!$B$167:$B$219))*ISNUMBER(Suivi!$F$167:$F$219)*(Suivi!$F$167:$F$219<TODAY())*(Suivi!$G$167:$G$219<>"Réalisé")*(Suivi!$G$167:$G$219<>"Clôturé")))
A9: =IF(ISNUMBER(Dossiers!$D$8),HYPERLINK("#Suivi!A220",Dossiers!$E$8),"") | B9: =IF($A9="","",Dossiers!$D$8) | C9: =IF($A9="","",MAX(Suivi!$F$221:$F$273)) | D9: =IF($A9="","",(COUNTIF(Suivi!$G$222:$G$225,"Réalisé")+COUNTIF(Suivi!$G$222:$G$225,"Clôturé"))/ROWS(Suivi!$G$222:$G$225)) | E9: =IF($A9="","",(COUNTIF(Suivi!$G$227:$G$230,"Réalisé")+COUNTIF(Suivi!$G$227:$G$230,"Clôturé"))/ROWS(Suivi!$G$227:$G$230)) | F9: =IF($A9="","",(COUNTIF(Suivi!$G$232:$G$247,"Réalisé")+COUNTIF(Suivi!$G$232:$G$247,"Clôturé"))/ROWS(Suivi!$G$232:$G$247)) | G9: =IF($A9="","",(COUNTIF(Suivi!$G$249:$G$252,"Réalisé")+COUNTIF(Suivi!$G$249:$G$252,"Clôturé"))/ROWS(Suivi!$G$249:$G$252)) | H9: =IF($A9="","",(COUNTIF(Suivi!$G$254:$G$271,"Réalisé")+COUNTIF(Suivi!$G$254:$G$271,"Clôturé"))/ROWS(Suivi!$G$254:$G$271)) | I9: =IF($A9="","",(COUNTIF(Suivi!$G$273:$G$273,"Réalisé")+COUNTIF(Suivi!$G$273:$G$273,"Clôturé"))/ROWS(Suivi!$G$273:$G$273)) | J9: =IF($A9="","",SUMPRODUCT(ISNUMBER(SEARCH(".",Suivi!$B$221:$B$273))*((Suivi!$G$221:$G$273="Réalisé")+(Suivi!$G$221:$G$273="Clôturé")))/SUMPRODUCT(--ISNUMBER(SEARCH(".",Suivi!$B$221:$B$273)))) | K9: =IF($A9="","",SUMPRODUCT(ISNUMBER(SEARCH(".",Suivi!$B$221:$B$273))*ISNUMBER(Suivi!$F$221:$F$273)*(Suivi!$F$221:$F$273<TODAY())*(Suivi!$G$221:$G$273<>"Réalisé")*(Suivi!$G$221:$G$273<>"Clôturé")))
A10: =IF(ISNUMBER(Dossiers!$D$9),HYPERLINK("#Suivi!A274",Dossiers!$E$9),"") | B10: =IF($A10="","",Dossiers!$D$9) | C10: =IF($A10="","",MAX(Suivi!$F$275:$F$327)) | D10: =IF($A10="","",(COUNTIF(Suivi!$G$276:$G$279,"Réalisé")+COUNTIF(Suivi!$G$276:$G$279,"Clôturé"))/ROWS(Suivi!$G$276:$G$279)) | E10: =IF($A10="","",(COUNTIF(Suivi!$G$281:$G$284,"Réalisé")+COUNTIF(Suivi!$G$281:$G$284,"Clôturé"))/ROWS(Suivi!$G$281:$G$284)) | F10: =IF($A10="","",(COUNTIF(Suivi!$G$286:$G$301,"Réalisé")+COUNTIF(Suivi!$G$286:$G$301,"Clôturé"))/ROWS(Suivi!$G$286:$G$301)) | G10: =IF($A10="","",(COUNTIF(Suivi!$G$303:$G$306,"Réalisé")+COUNTIF(Suivi!$G$303:$G$306,"Clôturé"))/ROWS(Suivi!$G$303:$G$306)) | H10: =IF($A10="","",(COUNTIF(Suivi!$G$308:$G$325,"Réalisé")+COUNTIF(Suivi!$G$308:$G$325,"Clôturé"))/ROWS(Suivi!$G$308:$G$325)) | I10: =IF($A10="","",(COUNTIF(Suivi!$G$327:$G$327,"Réalisé")+COUNTIF(Suivi!$G$327:$G$327,"Clôturé"))/ROWS(Suivi!$G$327:$G$327)) | J10: =IF($A10="","",SUMPRODUCT(ISNUMBER(SEARCH(".",Suivi!$B$275:$B$327))*((Suivi!$G$275:$G$327="Réalisé")+(Suivi!$G$275:$G$327="Clôturé")))/SUMPRODUCT(--ISNUMBER(SEARCH(".",Suivi!$B$275:$B$327)))) | K10: =IF($A10="","",SUMPRODUCT(ISNUMBER(SEARCH(".",Suivi!$B$275:$B$327))*ISNUMBER(Suivi!$F$275:$F$327)*(Suivi!$F$275:$F$327<TODAY())*(Suivi!$G$275:$G$327<>"Réalisé")*(Suivi!$G$275:$G$327<>"Clôturé")))
A11: =IF(ISNUMBER(Dossiers!$D$10),HYPERLINK("#Suivi!A328",Dossiers!$E$10),"") | B11: =IF($A11="","",Dossiers!$D$10) | C11: =IF($A11="","",MAX(Suivi!$F$329:$F$381)) | D11: =IF($A11="","",(COUNTIF(Suivi!$G$330:$G$333,"Réalisé")+COUNTIF(Suivi!$G$330:$G$333,"Clôturé"))/ROWS(Suivi!$G$330:$G$333)) | E11: =IF($A11="","",(COUNTIF(Suivi!$G$335:$G$338,"Réalisé")+COUNTIF(Suivi!$G$335:$G$338,"Clôturé"))/ROWS(Suivi!$G$335:$G$338)) | F11: =IF($A11="","",(COUNTIF(Suivi!$G$340:$G$355,"Réalisé")+COUNTIF(Suivi!$G$340:$G$355,"Clôturé"))/ROWS(Suivi!$G$340:$G$355)) | G11: =IF($A11="","",(COUNTIF(Suivi!$G$357:$G$360,"Réalisé")+COUNTIF(Suivi!$G$357:$G$360,"Clôturé"))/ROWS(Suivi!$G$357:$G$360)) | H11: =IF($A11="","",(COUNTIF(Suivi!$G$362:$G$379,"Réalisé")+COUNTIF(Suivi!$G$362:$G$379,"Clôturé"))/ROWS(Suivi!$G$362:$G$379)) | I11: =IF($A11="","",(COUNTIF(Suivi!$G$381:$G$381,"Réalisé")+COUNTIF(Suivi!$G$381:$G$381,"Clôturé"))/ROWS(Suivi!$G$381:$G$381)) | J11: =IF($A11="","",SUMPRODUCT(ISNUMBER(SEARCH(".",Suivi!$B$329:$B$381))*((Suivi!$G$329:$G$381="Réalisé")+(Suivi!$G$329:$G$381="Clôturé")))/SUMPRODUCT(--ISNUMBER(SEARCH(".",Suivi!$B$329:$B$381)))) | K11: =IF($A11="","",SUMPRODUCT(ISNUMBER(SEARCH(".",Suivi!$B$329:$B$381))*ISNUMBER(Suivi!$F$329:$F$381)*(Suivi!$F$329:$F$381<TODAY())*(Suivi!$G$329:$G$381<>"Réalisé")*(Suivi!$G$329:$G$381<>"Clôturé")))
A12: =IF(ISNUMBER(Dossiers!$D$11),HYPERLINK("#Suivi!A382",Dossiers!$E$11),"") | B12: =IF($A12="","",Dossiers!$D$11) | C12: =IF($A12="","",MAX(Suivi!$F$383:$F$435)) | D12: =IF($A12="","",(COUNTIF(Suivi!$G$384:$G$387,"Réalisé")+COUNTIF(Suivi!$G$384:$G$387,"Clôturé"))/ROWS(Suivi!$G$384:$G$387)) | E12: =IF($A12="","",(COUNTIF(Suivi!$G$389:$G$392,"Réalisé")+COUNTIF(Suivi!$G$389:$G$392,"Clôturé"))/ROWS(Suivi!$G$389:$G$392)) | F12: =IF($A12="","",(COUNTIF(Suivi!$G$394:$G$409,"Réalisé")+COUNTIF(Suivi!$G$394:$G$409,"Clôturé"))/ROWS(Suivi!$G$394:$G$409)) | G12: =IF($A12="","",(COUNTIF(Suivi!$G$411:$G$414,"Réalisé")+COUNTIF(Suivi!$G$411:$G$414,"Clôturé"))/ROWS(Suivi!$G$411:$G$414)) | H12: =IF($A12="","",(COUNTIF(Suivi!$G$416:$G$433,"Réalisé")+COUNTIF(Suivi!$G$416:$G$433,"Clôturé"))/ROWS(Suivi!$G$416:$G$433)) | I12: =IF($A12="","",(COUNTIF(Suivi!$G$435:$G$435,"Réalisé")+COUNTIF(Suivi!$G$435:$G$435,"Clôturé"))/ROWS(Suivi!$G$435:$G$435)) | J12: =IF($A12="","",SUMPRODUCT(ISNUMBER(SEARCH(".",Suivi!$B$383:$B$435))*((Suivi!$G$383:$G$435="Réalisé")+(Suivi!$G$383:$G$435="Clôturé")))/SUMPRODUCT(--ISNUMBER(SEARCH(".",Suivi!$B$383:$B$435)))) | K12: =IF($A12="","",SUMPRODUCT(ISNUMBER(SEARCH(".",Suivi!$B$383:$B$435))*ISNUMBER(Suivi!$F$383:$F$435)*(Suivi!$F$383:$F$435<TODAY())*(Suivi!$G$383:$G$435<>"Réalisé")*(Suivi!$G$383:$G$435<>"Clôturé")))
A13: =IF(ISNUMBER(Dossiers!$D$12),HYPERLINK("#Suivi!A436",Dossiers!$E$12),"") | B13: =IF($A13="","",Dossiers!$D$12) | C13: =IF($A13="","",MAX(Suivi!$F$437:$F$489)) | D13: =IF($A13="","",(COUNTIF(Suivi!$G$438:$G$441,"Réalisé")+COUNTIF(Suivi!$G$438:$G$441,"Clôturé"))/ROWS(Suivi!$G$438:$G$441)) | E13: =IF($A13="","",(COUNTIF(Suivi!$G$443:$G$446,"Réalisé")+COUNTIF(Suivi!$G$443:$G$446,"Clôturé"))/ROWS(Suivi!$G$443:$G$446)) | F13: =IF($A13="","",(COUNTIF(Suivi!$G$448:$G$463,"Réalisé")+COUNTIF(Suivi!$G$448:$G$463,"Clôturé"))/ROWS(Suivi!$G$448:$G$463)) | G13: =IF($A13="","",(COUNTIF(Suivi!$G$465:$G$468,"Réalisé")+COUNTIF(Suivi!$G$465:$G$468,"Clôturé"))/ROWS(Suivi!$G$465:$G$468)) | H13: =IF($A13="","",(COUNTIF(Suivi!$G$470:$G$487,"Réalisé")+COUNTIF(Suivi!$G$470:$G$487,"Clôturé"))/ROWS(Suivi!$G$470:$G$487)) | I13: =IF($A13="","",(COUNTIF(Suivi!$G$489:$G$489,"Réalisé")+COUNTIF(Suivi!$G$489:$G$489,"Clôturé"))/ROWS(Suivi!$G$489:$G$489)) | J13: =IF($A13="","",SUMPRODUCT(ISNUMBER(SEARCH(".",Suivi!$B$437:$B$489))*((Suivi!$G$437:$G$489="Réalisé")+(Suivi!$G$437:$G$489="Clôturé")))/SUMPRODUCT(--ISNUMBER(SEARCH(".",Suivi!$B$437:$B$489)))) | K13: =IF($A13="","",SUMPRODUCT(ISNUMBER(SEARCH(".",Suivi!$B$437:$B$489))*ISNUMBER(Suivi!$F$437:$F$489)*(Suivi!$F$437:$F$489<TODAY())*(Suivi!$G$437:$G$489<>"Réalisé")*(Suivi!$G$437:$G$489<>"Clôturé")))
A14: =IF(ISNUMBER(Dossiers!$D$13),HYPERLINK("#Suivi!A490",Dossiers!$E$13),"") | B14: =IF($A14="","",Dossiers!$D$13) | C14: =IF($A14="","",MAX(Suivi!$F$491:$F$543)) | D14: =IF($A14="","",(COUNTIF(Suivi!$G$492:$G$495,"Réalisé")+COUNTIF(Suivi!$G$492:$G$495,"Clôturé"))/ROWS(Suivi!$G$492:$G$495)) | E14: =IF($A14="","",(COUNTIF(Suivi!$G$497:$G$500,"Réalisé")+COUNTIF(Suivi!$G$497:$G$500,"Clôturé"))/ROWS(Suivi!$G$497:$G$500)) | F14: =IF($A14="","",(COUNTIF(Suivi!$G$502:$G$517,"Réalisé")+COUNTIF(Suivi!$G$502:$G$517,"Clôturé"))/ROWS(Suivi!$G$502:$G$517)) | G14: =IF($A14="","",(COUNTIF(Suivi!$G$519:$G$522,"Réalisé")+COUNTIF(Suivi!$G$519:$G$522,"Clôturé"))/ROWS(Suivi!$G$519:$G$522)) | H14: =IF($A14="","",(COUNTIF(Suivi!$G$524:$G$541,"Réalisé")+COUNTIF(Suivi!$G$524:$G$541,"Clôturé"))/ROWS(Suivi!$G$524:$G$541)) | I14: =IF($A14="","",(COUNTIF(Suivi!$G$543:$G$543,"Réalisé")+COUNTIF(Suivi!$G$543:$G$543,"Clôturé"))/ROWS(Suivi!$G$543:$G$543)) | J14: =IF($A14="","",SUMPRODUCT(ISNUMBER(SEARCH(".",Suivi!$B$491:$B$543))*((Suivi!$G$491:$G$543="Réalisé")+(Suivi!$G$491:$G$543="Clôturé")))/SUMPRODUCT(--ISNUMBER(SEARCH(".",Suivi!$B$491:$B$543)))) | K14: =IF($A14="","",SUMPRODUCT(ISNUMBER(SEARCH(".",Suivi!$B$491:$B$543))*ISNUMBER(Suivi!$F$491:$F$543)*(Suivi!$F$491:$F$543<TODAY())*(Suivi!$G$491:$G$543<>"Réalisé")*(Suivi!$G$491:$G$543<>"Clôturé")))
A15: =IF(ISNUMBER(Dossiers!$D$14),HYPERLINK("#Suivi!A544",Dossiers!$E$14),"") | B15: =IF($A15="","",Dossiers!$D$14) | C15: =IF($A15="","",MAX(Suivi!$F$545:$F$597)) | D15: =IF($A15="","",(COUNTIF(Suivi!$G$546:$G$549,"Réalisé")+COUNTIF(Suivi!$G$546:$G$549,"Clôturé"))/ROWS(Suivi!$G$546:$G$549)) | E15: =IF($A15="","",(COUNTIF(Suivi!$G$551:$G$554,"Réalisé")+COUNTIF(Suivi!$G$551:$G$554,"Clôturé"))/ROWS(Suivi!$G$551:$G$554)) | F15: =IF($A15="","",(COUNTIF(Suivi!$G$556:$G$571,"Réalisé")+COUNTIF(Suivi!$G$556:$G$571,"Clôturé"))/ROWS(Suivi!$G$556:$G$571)) | G15: =IF($A15="","",(COUNTIF(Suivi!$G$573:$G$576,"Réalisé")+COUNTIF(Suivi!$G$573:$G$576,"Clôturé"))/ROWS(Suivi!$G$573:$G$576)) | H15: =IF($A15="","",(COUNTIF(Suivi!$G$578:$G$595,"Réalisé")+COUNTIF(Suivi!$G$578:$G$595,"Clôturé"))/ROWS(Suivi!$G$578:$G$595)) | I15: =IF($A15="","",(COUNTIF(Suivi!$G$597:$G$597,"Réalisé")+COUNTIF(Suivi!$G$597:$G$597,"Clôturé"))/ROWS(Suivi!$G$597:$G$597)) | J15: =IF($A15="","",SUMPRODUCT(ISNUMBER(SEARCH(".",Suivi!$B$545:$B$597))*((Suivi!$G$545:$G$597="Réalisé")+(Suivi!$G$545:$G$597="Clôturé")))/SUMPRODUCT(--ISNUMBER(SEARCH(".",Suivi!$B$545:$B$597)))) | K15: =IF($A15="","",SUMPRODUCT(ISNUMBER(SEARCH(".",Suivi!$B$545:$B$597))*ISNUMBER(Suivi!$F$545:$F$597)*(Suivi!$F$545:$F$597<TODAY())*(Suivi!$G$545:$G$597<>"Réalisé")*(Suivi!$G$545:$G$597<>"Clôturé")))
A16: =IF(ISNUMBER(Dossiers!$D$15),HYPERLINK("#Suivi!A598",Dossiers!$E$15),"") | B16: =IF($A16="","",Dossiers!$D$15) | C16: =IF($A16="","",MAX(Suivi!$F$599:$F$651)) | D16: =IF($A16="","",(COUNTIF(Suivi!$G$600:$G$603,"Réalisé")+COUNTIF(Suivi!$G$600:$G$603,"Clôturé"))/ROWS(Suivi!$G$600:$G$603)) | E16: =IF($A16="","",(COUNTIF(Suivi!$G$605:$G$608,"Réalisé")+COUNTIF(Suivi!$G$605:$G$608,"Clôturé"))/ROWS(Suivi!$G$605:$G$608)) | F16: =IF($A16="","",(COUNTIF(Suivi!$G$610:$G$625,"Réalisé")+COUNTIF(Suivi!$G$610:$G$625,"Clôturé"))/ROWS(Suivi!$G$610:$G$625)) | G16: =IF($A16="","",(COUNTIF(Suivi!$G$627:$G$630,"Réalisé")+COUNTIF(Suivi!$G$627:$G$630,"Clôturé"))/ROWS(Suivi!$G$627:$G$630)) | H16: =IF($A16="","",(COUNTIF(Suivi!$G$632:$G$649,"Réalisé")+COUNTIF(Suivi!$G$632:$G$649,"Clôturé"))/ROWS(Suivi!$G$632:$G$649)) | I16: =IF($A16="","",(COUNTIF(Suivi!$G$651:$G$651,"Réalisé")+COUNTIF(Suivi!$G$651:$G$651,"Clôturé"))/ROWS(Suivi!$G$651:$G$651)) | J16: =IF($A16="","",SUMPRODUCT(ISNUMBER(SEARCH(".",Suivi!$B$599:$B$651))*((Suivi!$G$599:$G$651="Réalisé")+(Suivi!$G$599:$G$651="Clôturé")))/SUMPRODUCT(--ISNUMBER(SEARCH(".",Suivi!$B$599:$B$651)))) | K16: =IF($A16="","",SUMPRODUCT(ISNUMBER(SEARCH(".",Suivi!$B$599:$B$651))*ISNUMBER(Suivi!$F$599:$F$651)*(Suivi!$F$599:$F$651<TODAY())*(Suivi!$G$599:$G$651<>"Réalisé")*(Suivi!$G$599:$G$651<>"Clôturé")))
A17: =IF(ISNUMBER(Dossiers!$D$16),HYPERLINK("#Suivi!A652",Dossiers!$E$16),"") | B17: =IF($A17="","",Dossiers!$D$16) | C17: =IF($A17="","",MAX(Suivi!$F$653:$F$705)) | D17: =IF($A17="","",(COUNTIF(Suivi!$G$654:$G$657,"Réalisé")+COUNTIF(Suivi!$G$654:$G$657,"Clôturé"))/ROWS(Suivi!$G$654:$G$657)) | E17: =IF($A17="","",(COUNTIF(Suivi!$G$659:$G$662,"Réalisé")+COUNTIF(Suivi!$G$659:$G$662,"Clôturé"))/ROWS(Suivi!$G$659:$G$662)) | F17: =IF($A17="","",(COUNTIF(Suivi!$G$664:$G$679,"Réalisé")+COUNTIF(Suivi!$G$664:$G$679,"Clôturé"))/ROWS(Suivi!$G$664:$G$679)) | G17: =IF($A17="","",(COUNTIF(Suivi!$G$681:$G$684,"Réalisé")+COUNTIF(Suivi!$G$681:$G$684,"Clôturé"))/ROWS(Suivi!$G$681:$G$684)) | H17: =IF($A17="","",(COUNTIF(Suivi!$G$686:$G$703,"Réalisé")+COUNTIF(Suivi!$G$686:$G$703,"Clôturé"))/ROWS(Suivi!$G$686:$G$703)) | I17: =IF($A17="","",(COUNTIF(Suivi!$G$705:$G$705,"Réalisé")+COUNTIF(Suivi!$G$705:$G$705,"Clôturé"))/ROWS(Suivi!$G$705:$G$705)) | J17: =IF($A17="","",SUMPRODUCT(ISNUMBER(SEARCH(".",Suivi!$B$653:$B$705))*((Suivi!$G$653:$G$705="Réalisé")+(Suivi!$G$653:$G$705="Clôturé")))/SUMPRODUCT(--ISNUMBER(SEARCH(".",Suivi!$B$653:$B$705)))) | K17: =IF($A17="","",SUMPRODUCT(ISNUMBER(SEARCH(".",Suivi!$B$653:$B$705))*ISNUMBER(Suivi!$F$653:$F$705)*(Suivi!$F$653:$F$705<TODAY())*(Suivi!$G$653:$G$705<>"Réalisé")*(Suivi!$G$653:$G$705<>"Clôturé")))
A18: =IF(ISNUMBER(Dossiers!$D$17),HYPERLINK("#Suivi!A706",Dossiers!$E$17),"") | B18: =IF($A18="","",Dossiers!$D$17) | C18: =IF($A18="","",MAX(Suivi!$F$707:$F$759)) | D18: =IF($A18="","",(COUNTIF(Suivi!$G$708:$G$711,"Réalisé")+COUNTIF(Suivi!$G$708:$G$711,"Clôturé"))/ROWS(Suivi!$G$708:$G$711)) | E18: =IF($A18="","",(COUNTIF(Suivi!$G$713:$G$716,"Réalisé")+COUNTIF(Suivi!$G$713:$G$716,"Clôturé"))/ROWS(Suivi!$G$713:$G$716)) | F18: =IF($A18="","",(COUNTIF(Suivi!$G$718:$G$733,"Réalisé")+COUNTIF(Suivi!$G$718:$G$733,"Clôturé"))/ROWS(Suivi!$G$718:$G$733)) | G18: =IF($A18="","",(COUNTIF(Suivi!$G$735:$G$738,"Réalisé")+COUNTIF(Suivi!$G$735:$G$738,"Clôturé"))/ROWS(Suivi!$G$735:$G$738)) | H18: =IF($A18="","",(COUNTIF(Suivi!$G$740:$G$757,"Réalisé")+COUNTIF(Suivi!$G$740:$G$757,"Clôturé"))/ROWS(Suivi!$G$740:$G$757)) | I18: =IF($A18="","",(COUNTIF(Suivi!$G$759:$G$759,"Réalisé")+COUNTIF(Suivi!$G$759:$G$759,"Clôturé"))/ROWS(Suivi!$G$759:$G$759)) | J18: =IF($A18="","",SUMPRODUCT(ISNUMBER(SEARCH(".",Suivi!$B$707:$B$759))*((Suivi!$G$707:$G$759="Réalisé")+(Suivi!$G$707:$G$759="Clôturé")))/SUMPRODUCT(--ISNUMBER(SEARCH(".",Suivi!$B$707:$B$759)))) | K18: =IF($A18="","",SUMPRODUCT(ISNUMBER(SEARCH(".",Suivi!$B$707:$B$759))*ISNUMBER(Suivi!$F$707:$F$759)*(Suivi!$F$707:$F$759<TODAY())*(Suivi!$G$707:$G$759<>"Réalisé")*(Suivi!$G$707:$G$759<>"Clôturé")))
A19: =IF(ISNUMBER(Dossiers!$D$18),HYPERLINK("#Suivi!A760",Dossiers!$E$18),"") | B19: =IF($A19="","",Dossiers!$D$18) | C19: =IF($A19="","",MAX(Suivi!$F$761:$F$813)) | D19: =IF($A19="","",(COUNTIF(Suivi!$G$762:$G$765,"Réalisé")+COUNTIF(Suivi!$G$762:$G$765,"Clôturé"))/ROWS(Suivi!$G$762:$G$765)) | E19: =IF($A19="","",(COUNTIF(Suivi!$G$767:$G$770,"Réalisé")+COUNTIF(Suivi!$G$767:$G$770,"Clôturé"))/ROWS(Suivi!$G$767:$G$770)) | F19: =IF($A19="","",(COUNTIF(Suivi!$G$772:$G$787,"Réalisé")+COUNTIF(Suivi!$G$772:$G$787,"Clôturé"))/ROWS(Suivi!$G$772:$G$787)) | G19: =IF($A19="","",(COUNTIF(Suivi!$G$789:$G$792,"Réalisé")+COUNTIF(Suivi!$G$789:$G$792,"Clôturé"))/ROWS(Suivi!$G$789:$G$792)) | H19: =IF($A19="","",(COUNTIF(Suivi!$G$794:$G$811,"Réalisé")+COUNTIF(Suivi!$G$794:$G$811,"Clôturé"))/ROWS(Suivi!$G$794:$G$811)) | I19: =IF($A19="","",(COUNTIF(Suivi!$G$813:$G$813,"Réalisé")+COUNTIF(Suivi!$G$813:$G$813,"Clôturé"))/ROWS(Suivi!$G$813:$G$813)) | J19: =IF($A19="","",SUMPRODUCT(ISNUMBER(SEARCH(".",Suivi!$B$761:$B$813))*((Suivi!$G$761:$G$813="Réalisé")+(Suivi!$G$761:$G$813="Clôturé")))/SUMPRODUCT(--ISNUMBER(SEARCH(".",Suivi!$B$761:$B$813)))) | K19: =IF($A19="","",SUMPRODUCT(ISNUMBER(SEARCH(".",Suivi!$B$761:$B$813))*ISNUMBER(Suivi!$F$761:$F$813)*(Suivi!$F$761:$F$813<TODAY())*(Suivi!$G$761:$G$813<>"Réalisé")*(Suivi!$G$761:$G$813<>"Clôturé")))
A20: =IF(ISNUMBER(Dossiers!$D$19),HYPERLINK("#Suivi!A814",Dossiers!$E$19),"") | B20: =IF($A20="","",Dossiers!$D$19) | C20: =IF($A20="","",MAX(Suivi!$F$815:$F$867)) | D20: =IF($A20="","",(COUNTIF(Suivi!$G$816:$G$819,"Réalisé")+COUNTIF(Suivi!$G$816:$G$819,"Clôturé"))/ROWS(Suivi!$G$816:$G$819)) | E20: =IF($A20="","",(COUNTIF(Suivi!$G$821:$G$824,"Réalisé")+COUNTIF(Suivi!$G$821:$G$824,"Clôturé"))/ROWS(Suivi!$G$821:$G$824)) | F20: =IF($A20="","",(COUNTIF(Suivi!$G$826:$G$841,"Réalisé")+COUNTIF(Suivi!$G$826:$G$841,"Clôturé"))/ROWS(Suivi!$G$826:$G$841)) | G20: =IF($A20="","",(COUNTIF(Suivi!$G$843:$G$846,"Réalisé")+COUNTIF(Suivi!$G$843:$G$846,"Clôturé"))/ROWS(Suivi!$G$843:$G$846)) | H20: =IF($A20="","",(COUNTIF(Suivi!$G$848:$G$865,"Réalisé")+COUNTIF(Suivi!$G$848:$G$865,"Clôturé"))/ROWS(Suivi!$G$848:$G$865)) | I20: =IF($A20="","",(COUNTIF(Suivi!$G$867:$G$867,"Réalisé")+COUNTIF(Suivi!$G$867:$G$867,"Clôturé"))/ROWS(Suivi!$G$867:$G$867)) | J20: =IF($A20="","",SUMPRODUCT(ISNUMBER(SEARCH(".",Suivi!$B$815:$B$867))*((Suivi!$G$815:$G$867="Réalisé")+(Suivi!$G$815:$G$867="Clôturé")))/SUMPRODUCT(--ISNUMBER(SEARCH(".",Suivi!$B$815:$B$867)))) | K20: =IF($A20="","",SUMPRODUCT(ISNUMBER(SEARCH(".",Suivi!$B$815:$B$867))*ISNUMBER(Suivi!$F$815:$F$867)*(Suivi!$F$815:$F$867<TODAY())*(Suivi!$G$815:$G$867<>"Réalisé")*(Suivi!$G$815:$G$867<>"Clôturé")))
A21: =IF(ISNUMBER(Dossiers!$D$20),HYPERLINK("#Suivi!A868",Dossiers!$E$20),"") | B21: =IF($A21="","",Dossiers!$D$20) | C21: =IF($A21="","",MAX(Suivi!$F$869:$F$921)) | D21: =IF($A21="","",(COUNTIF(Suivi!$G$870:$G$873,"Réalisé")+COUNTIF(Suivi!$G$870:$G$873,"Clôturé"))/ROWS(Suivi!$G$870:$G$873)) | E21: =IF($A21="","",(COUNTIF(Suivi!$G$875:$G$878,"Réalisé")+COUNTIF(Suivi!$G$875:$G$878,"Clôturé"))/ROWS(Suivi!$G$875:$G$878)) | F21: =IF($A21="","",(COUNTIF(Suivi!$G$880:$G$895,"Réalisé")+COUNTIF(Suivi!$G$880:$G$895,"Clôturé"))/ROWS(Suivi!$G$880:$G$895)) | G21: =IF($A21="","",(COUNTIF(Suivi!$G$897:$G$900,"Réalisé")+COUNTIF(Suivi!$G$897:$G$900,"Clôturé"))/ROWS(Suivi!$G$897:$G$900)) | H21: =IF($A21="","",(COUNTIF(Suivi!$G$902:$G$919,"Réalisé")+COUNTIF(Suivi!$G$902:$G$919,"Clôturé"))/ROWS(Suivi!$G$902:$G$919)) | I21: =IF($A21="","",(COUNTIF(Suivi!$G$921:$G$921,"Réalisé")+COUNTIF(Suivi!$G$921:$G$921,"Clôturé"))/ROWS(Suivi!$G$921:$G$921)) | J21: =IF($A21="","",SUMPRODUCT(ISNUMBER(SEARCH(".",Suivi!$B$869:$B$921))*((Suivi!$G$869:$G$921="Réalisé")+(Suivi!$G$869:$G$921="Clôturé")))/SUMPRODUCT(--ISNUMBER(SEARCH(".",Suivi!$B$869:$B$921)))) | K21: =IF($A21="","",SUMPRODUCT(ISNUMBER(SEARCH(".",Suivi!$B$869:$B$921))*ISNUMBER(Suivi!$F$869:$F$921)*(Suivi!$F$869:$F$921<TODAY())*(Suivi!$G$869:$G$921<>"Réalisé")*(Suivi!$G$869:$G$921<>"Clôturé")))
A22: =IF(ISNUMBER(Dossiers!$D$21),HYPERLINK("#Suivi!A922",Dossiers!$E$21),"") | B22: =IF($A22="","",Dossiers!$D$21) | C22: =IF($A22="","",MAX(Suivi!$F$923:$F$975)) | D22: =IF($A22="","",(COUNTIF(Suivi!$G$924:$G$927,"Réalisé")+COUNTIF(Suivi!$G$924:$G$927,"Clôturé"))/ROWS(Suivi!$G$924:$G$927)) | E22: =IF($A22="","",(COUNTIF(Suivi!$G$929:$G$932,"Réalisé")+COUNTIF(Suivi!$G$929:$G$932,"Clôturé"))/ROWS(Suivi!$G$929:$G$932)) | F22: =IF($A22="","",(COUNTIF(Suivi!$G$934:$G$949,"Réalisé")+COUNTIF(Suivi!$G$934:$G$949,"Clôturé"))/ROWS(Suivi!$G$934:$G$949)) | G22: =IF($A22="","",(COUNTIF(Suivi!$G$951:$G$954,"Réalisé")+COUNTIF(Suivi!$G$951:$G$954,"Clôturé"))/ROWS(Suivi!$G$951:$G$954)) | H22: =IF($A22="","",(COUNTIF(Suivi!$G$956:$G$973,"Réalisé")+COUNTIF(Suivi!$G$956:$G$973,"Clôturé"))/ROWS(Suivi!$G$956:$G$973)) | I22: =IF($A22="","",(COUNTIF(Suivi!$G$975:$G$975,"Réalisé")+COUNTIF(Suivi!$G$975:$G$975,"Clôturé"))/ROWS(Suivi!$G$975:$G$975)) | J22: =IF($A22="","",SUMPRODUCT(ISNUMBER(SEARCH(".",Suivi!$B$923:$B$975))*((Suivi!$G$923:$G$975="Réalisé")+(Suivi!$G$923:$G$975="Clôturé")))/SUMPRODUCT(--ISNUMBER(SEARCH(".",Suivi!$B$923:$B$975)))) | K22: =IF($A22="","",SUMPRODUCT(ISNUMBER(SEARCH(".",Suivi!$B$923:$B$975))*ISNUMBER(Suivi!$F$923:$F$975)*(Suivi!$F$923:$F$975<TODAY())*(Suivi!$G$923:$G$975<>"Réalisé")*(Suivi!$G$923:$G$975<>"Clôturé")))
A23: =IF(ISNUMBER(Dossiers!$D$22),HYPERLINK("#Suivi!A976",Dossiers!$E$22),"") | B23: =IF($A23="","",Dossiers!$D$22) | C23: =IF($A23="","",MAX(Suivi!$F$977:$F$1029)) | D23: =IF($A23="","",(COUNTIF(Suivi!$G$978:$G$981,"Réalisé")+COUNTIF(Suivi!$G$978:$G$981,"Clôturé"))/ROWS(Suivi!$G$978:$G$981)) | E23: =IF($A23="","",(COUNTIF(Suivi!$G$983:$G$986,"Réalisé")+COUNTIF(Suivi!$G$983:$G$986,"Clôturé"))/ROWS(Suivi!$G$983:$G$986)) | F23: =IF($A23="","",(COUNTIF(Suivi!$G$988:$G$1003,"Réalisé")+COUNTIF(Suivi!$G$988:$G$1003,"Clôturé"))/ROWS(Suivi!$G$988:$G$1003)) | G23: =IF($A23="","",(COUNTIF(Suivi!$G$1005:$G$1008,"Réalisé")+COUNTIF(Suivi!$G$1005:$G$1008,"Clôturé"))/ROWS(Suivi!$G$1005:$G$1008)) | H23: =IF($A23="","",(COUNTIF(Suivi!$G$1010:$G$1027,"Réalisé")+COUNTIF(Suivi!$G$1010:$G$1027,"Clôturé"))/ROWS(Suivi!$G$1010:$G$1027)) | I23: =IF($A23="","",(COUNTIF(Suivi!$G$1029:$G$1029,"Réalisé")+COUNTIF(Suivi!$G$1029:$G$1029,"Clôturé"))/ROWS(Suivi!$G$1029:$G$1029)) | J23: =IF($A23="","",SUMPRODUCT(ISNUMBER(SEARCH(".",Suivi!$B$977:$B$1029))*((Suivi!$G$977:$G$1029="Réalisé")+(Suivi!$G$977:$G$1029="Clôturé")))/SUMPRODUCT(--ISNUMBER(SEARCH(".",Suivi!$B$977:$B$1029)))) | K23: =IF($A23="","",SUMPRODUCT(ISNUMBER(SEARCH(".",Suivi!$B$977:$B$1029))*ISNUMBER(Suivi!$F$977:$F$1029)*(Suivi!$F$977:$F$1029<TODAY())*(Suivi!$G$977:$G$1029<>"Réalisé")*(Suivi!$G$977:$G$1029<>"Clôturé")))
A24: =IF(ISNUMBER(Dossiers!$D$23),HYPERLINK("#Suivi!A1030",Dossiers!$E$23),"") | B24: =IF($A24="","",Dossiers!$D$23) | C24: =IF($A24="","",MAX(Suivi!$F$1031:$F$1083)) | D24: =IF($A24="","",(COUNTIF(Suivi!$G$1032:$G$1035,"Réalisé")+COUNTIF(Suivi!$G$1032:$G$1035,"Clôturé"))/ROWS(Suivi!$G$1032:$G$1035)) | E24: =IF($A24="","",(COUNTIF(Suivi!$G$1037:$G$1040,"Réalisé")+COUNTIF(Suivi!$G$1037:$G$1040,"Clôturé"))/ROWS(Suivi!$G$1037:$G$1040)) | F24: =IF($A24="","",(COUNTIF(Suivi!$G$1042:$G$1057,"Réalisé")+COUNTIF(Suivi!$G$1042:$G$1057,"Clôturé"))/ROWS(Suivi!$G$1042:$G$1057)) | G24: =IF($A24="","",(COUNTIF(Suivi!$G$1059:$G$1062,"Réalisé")+COUNTIF(Suivi!$G$1059:$G$1062,"Clôturé"))/ROWS(Suivi!$G$1059:$G$1062)) | H24: =IF($A24="","",(COUNTIF(Suivi!$G$1064:$G$1081,"Réalisé")+COUNTIF(Suivi!$G$1064:$G$1081,"Clôturé"))/ROWS(Suivi!$G$1064:$G$1081)) | I24: =IF($A24="","",(COUNTIF(Suivi!$G$1083:$G$1083,"Réalisé")+COUNTIF(Suivi!$G$1083:$G$1083,"Clôturé"))/ROWS(Suivi!$G$1083:$G$1083)) | J24: =IF($A24="","",SUMPRODUCT(ISNUMBER(SEARCH(".",Suivi!$B$1031:$B$1083))*((Suivi!$G$1031:$G$1083="Réalisé")+(Suivi!$G$1031:$G$1083="Clôturé")))/SUMPRODUCT(--ISNUMBER(SEARCH(".",Suivi!$B$1031:$B$1083)))) | K24: =IF($A24="","",SUMPRODUCT(ISNUMBER(SEARCH(".",Suivi!$B$1031:$B$1083))*ISNUMBER(Suivi!$F$1031:$F$1083)*(Suivi!$F$1031:$F$1083<TODAY())*(Suivi!$G$1031:$G$1083<>"Réalisé")*(Suivi!$G$1031:$G$1083<>"Clôturé")))
A25: =IF(ISNUMBER(Dossiers!$D$24),HYPERLINK("#Suivi!A1084",Dossiers!$E$24),"") | B25: =IF($A25="","",Dossiers!$D$24) | C25: =IF($A25="","",MAX(Suivi!$F$1085:$F$1137)) | D25: =IF($A25="","",(COUNTIF(Suivi!$G$1086:$G$1089,"Réalisé")+COUNTIF(Suivi!$G$1086:$G$1089,"Clôturé"))/ROWS(Suivi!$G$1086:$G$1089)) | E25: =IF($A25="","",(COUNTIF(Suivi!$G$1091:$G$1094,"Réalisé")+COUNTIF(Suivi!$G$1091:$G$1094,"Clôturé"))/ROWS(Suivi!$G$1091:$G$1094)) | F25: =IF($A25="","",(COUNTIF(Suivi!$G$1096:$G$1111,"Réalisé")+COUNTIF(Suivi!$G$1096:$G$1111,"Clôturé"))/ROWS(Suivi!$G$1096:$G$1111)) | G25: =IF($A25="","",(COUNTIF(Suivi!$G$1113:$G$1116,"Réalisé")+COUNTIF(Suivi!$G$1113:$G$1116,"Clôturé"))/ROWS(Suivi!$G$1113:$G$1116)) | H25: =IF($A25="","",(COUNTIF(Suivi!$G$1118:$G$1135,"Réalisé")+COUNTIF(Suivi!$G$1118:$G$1135,"Clôturé"))/ROWS(Suivi!$G$1118:$G$1135)) | I25: =IF($A25="","",(COUNTIF(Suivi!$G$1137:$G$1137,"Réalisé")+COUNTIF(Suivi!$G$1137:$G$1137,"Clôturé"))/ROWS(Suivi!$G$1137:$G$1137)) | J25: =IF($A25="","",SUMPRODUCT(ISNUMBER(SEARCH(".",Suivi!$B$1085:$B$1137))*((Suivi!$G$1085:$G$1137="Réalisé")+(Suivi!$G$1085:$G$1137="Clôturé")))/SUMPRODUCT(--ISNUMBER(SEARCH(".",Suivi!$B$1085:$B$1137)))) | K25: =IF($A25="","",SUMPRODUCT(ISNUMBER(SEARCH(".",Suivi!$B$1085:$B$1137))*ISNUMBER(Suivi!$F$1085:$F$1137)*(Suivi!$F$1085:$F$1137<TODAY())*(Suivi!$G$1085:$G$1137<>"Réalisé")*(Suivi!$G$1085:$G$1137<>"Clôturé")))
A26: =IF(ISNUMBER(Dossiers!$D$25),HYPERLINK("#Suivi!A1138",Dossiers!$E$25),"") | B26: =IF($A26="","",Dossiers!$D$25) | C26: =IF($A26="","",MAX(Suivi!$F$1139:$F$1191)) | D26: =IF($A26="","",(COUNTIF(Suivi!$G$1140:$G$1143,"Réalisé")+COUNTIF(Suivi!$G$1140:$G$1143,"Clôturé"))/ROWS(Suivi!$G$1140:$G$1143)) | E26: =IF($A26="","",(COUNTIF(Suivi!$G$1145:$G$1148,"Réalisé")+COUNTIF(Suivi!$G$1145:$G$1148,"Clôturé"))/ROWS(Suivi!$G$1145:$G$1148)) | F26: =IF($A26="","",(COUNTIF(Suivi!$G$1150:$G$1165,"Réalisé")+COUNTIF(Suivi!$G$1150:$G$1165,"Clôturé"))/ROWS(Suivi!$G$1150:$G$1165)) | G26: =IF($A26="","",(COUNTIF(Suivi!$G$1167:$G$1170,"Réalisé")+COUNTIF(Suivi!$G$1167:$G$1170,"Clôturé"))/ROWS(Suivi!$G$1167:$G$1170)) | H26: =IF($A26="","",(COUNTIF(Suivi!$G$1172:$G$1189,"Réalisé")+COUNTIF(Suivi!$G$1172:$G$1189,"Clôturé"))/ROWS(Suivi!$G$1172:$G$1189)) | I26: =IF($A26="","",(COUNTIF(Suivi!$G$1191:$G$1191,"Réalisé")+COUNTIF(Suivi!$G$1191:$G$1191,"Clôturé"))/ROWS(Suivi!$G$1191:$G$1191)) | J26: =IF($A26="","",SUMPRODUCT(ISNUMBER(SEARCH(".",Suivi!$B$1139:$B$1191))*((Suivi!$G$1139:$G$1191="Réalisé")+(Suivi!$G$1139:$G$1191="Clôturé")))/SUMPRODUCT(--ISNUMBER(SEARCH(".",Suivi!$B$1139:$B$1191)))) | K26: =IF($A26="","",SUMPRODUCT(ISNUMBER(SEARCH(".",Suivi!$B$1139:$B$1191))*ISNUMBER(Suivi!$F$1139:$F$1191)*(Suivi!$F$1139:$F$1191<TODAY())*(Suivi!$G$1139:$G$1191<>"Réalisé")*(Suivi!$G$1139:$G$1191<>"Clôturé")))
A27: =IF(ISNUMBER(Dossiers!$D$26),HYPERLINK("#Suivi!A1192",Dossiers!$E$26),"") | B27: =IF($A27="","",Dossiers!$D$26) | C27: =IF($A27="","",MAX(Suivi!$F$1193:$F$1245)) | D27: =IF($A27="","",(COUNTIF(Suivi!$G$1194:$G$1197,"Réalisé")+COUNTIF(Suivi!$G$1194:$G$1197,"Clôturé"))/ROWS(Suivi!$G$1194:$G$1197)) | E27: =IF($A27="","",(COUNTIF(Suivi!$G$1199:$G$1202,"Réalisé")+COUNTIF(Suivi!$G$1199:$G$1202,"Clôturé"))/ROWS(Suivi!$G$1199:$G$1202)) | F27: =IF($A27="","",(COUNTIF(Suivi!$G$1204:$G$1219,"Réalisé")+COUNTIF(Suivi!$G$1204:$G$1219,"Clôturé"))/ROWS(Suivi!$G$1204:$G$1219)) | G27: =IF($A27="","",(COUNTIF(Suivi!$G$1221:$G$1224,"Réalisé")+COUNTIF(Suivi!$G$1221:$G$1224,"Clôturé"))/ROWS(Suivi!$G$1221:$G$1224)) | H27: =IF($A27="","",(COUNTIF(Suivi!$G$1226:$G$1243,"Réalisé")+COUNTIF(Suivi!$G$1226:$G$1243,"Clôturé"))/ROWS(Suivi!$G$1226:$G$1243)) | I27: =IF($A27="","",(COUNTIF(Suivi!$G$1245:$G$1245,"Réalisé")+COUNTIF(Suivi!$G$1245:$G$1245,"Clôturé"))/ROWS(Suivi!$G$1245:$G$1245)) | J27: =IF($A27="","",SUMPRODUCT(ISNUMBER(SEARCH(".",Suivi!$B$1193:$B$1245))*((Suivi!$G$1193:$G$1245="Réalisé")+(Suivi!$G$1193:$G$1245="Clôturé")))/SUMPRODUCT(--ISNUMBER(SEARCH(".",Suivi!$B$1193:$B$1245)))) | K27: =IF($A27="","",SUMPRODUCT(ISNUMBER(SEARCH(".",Suivi!$B$1193:$B$1245))*ISNUMBER(Suivi!$F$1193:$F$1245)*(Suivi!$F$1193:$F$1245<TODAY())*(Suivi!$G$1193:$G$1245<>"Réalisé")*(Suivi!$G$1193:$G$1245<>"Clôturé")))
A28: =IF(ISNUMBER(Dossiers!$D$27),HYPERLINK("#Suivi!A1246",Dossiers!$E$27),"") | B28: =IF($A28="","",Dossiers!$D$27) | C28: =IF($A28="","",MAX(Suivi!$F$1247:$F$1299)) | D28: =IF($A28="","",(COUNTIF(Suivi!$G$1248:$G$1251,"Réalisé")+COUNTIF(Suivi!$G$1248:$G$1251,"Clôturé"))/ROWS(Suivi!$G$1248:$G$1251)) | E28: =IF($A28="","",(COUNTIF(Suivi!$G$1253:$G$1256,"Réalisé")+COUNTIF(Suivi!$G$1253:$G$1256,"Clôturé"))/ROWS(Suivi!$G$1253:$G$1256)) | F28: =IF($A28="","",(COUNTIF(Suivi!$G$1258:$G$1273,"Réalisé")+COUNTIF(Suivi!$G$1258:$G$1273,"Clôturé"))/ROWS(Suivi!$G$1258:$G$1273)) | G28: =IF($A28="","",(COUNTIF(Suivi!$G$1275:$G$1278,"Réalisé")+COUNTIF(Suivi!$G$1275:$G$1278,"Clôturé"))/ROWS(Suivi!$G$1275:$G$1278)) | H28: =IF($A28="","",(COUNTIF(Suivi!$G$1280:$G$1297,"Réalisé")+COUNTIF(Suivi!$G$1280:$G$1297,"Clôturé"))/ROWS(Suivi!$G$1280:$G$1297)) | I28: =IF($A28="","",(COUNTIF(Suivi!$G$1299:$G$1299,"Réalisé")+COUNTIF(Suivi!$G$1299:$G$1299,"Clôturé"))/ROWS(Suivi!$G$1299:$G$1299)) | J28: =IF($A28="","",SUMPRODUCT(ISNUMBER(SEARCH(".",Suivi!$B$1247:$B$1299))*((Suivi!$G$1247:$G$1299="Réalisé")+(Suivi!$G$1247:$G$1299="Clôturé")))/SUMPRODUCT(--ISNUMBER(SEARCH(".",Suivi!$B$1247:$B$1299)))) | K28: =IF($A28="","",SUMPRODUCT(ISNUMBER(SEARCH(".",Suivi!$B$1247:$B$1299))*ISNUMBER(Suivi!$F$1247:$F$1299)*(Suivi!$F$1247:$F$1299<TODAY())*(Suivi!$G$1247:$G$1299<>"Réalisé")*(Suivi!$G$1247:$G$1299<>"Clôturé")))
A29: =IF(ISNUMBER(Dossiers!$D$28),HYPERLINK("#Suivi!A1300",Dossiers!$E$28),"") | B29: =IF($A29="","",Dossiers!$D$28) | C29: =IF($A29="","",MAX(Suivi!$F$1301:$F$1353)) | D29: =IF($A29="","",(COUNTIF(Suivi!$G$1302:$G$1305,"Réalisé")+COUNTIF(Suivi!$G$1302:$G$1305,"Clôturé"))/ROWS(Suivi!$G$1302:$G$1305)) | E29: =IF($A29="","",(COUNTIF(Suivi!$G$1307:$G$1310,"Réalisé")+COUNTIF(Suivi!$G$1307:$G$1310,"Clôturé"))/ROWS(Suivi!$G$1307:$G$1310)) | F29: =IF($A29="","",(COUNTIF(Suivi!$G$1312:$G$1327,"Réalisé")+COUNTIF(Suivi!$G$1312:$G$1327,"Clôturé"))/ROWS(Suivi!$G$1312:$G$1327)) | G29: =IF($A29="","",(COUNTIF(Suivi!$G$1329:$G$1332,"Réalisé")+COUNTIF(Suivi!$G$1329:$G$1332,"Clôturé"))/ROWS(Suivi!$G$1329:$G$1332)) | H29: =IF($A29="","",(COUNTIF(Suivi!$G$1334:$G$1351,"Réalisé")+COUNTIF(Suivi!$G$1334:$G$1351,"Clôturé"))/ROWS(Suivi!$G$1334:$G$1351)) | I29: =IF($A29="","",(COUNTIF(Suivi!$G$1353:$G$1353,"Réalisé")+COUNTIF(Suivi!$G$1353:$G$1353,"Clôturé"))/ROWS(Suivi!$G$1353:$G$1353)) | J29: =IF($A29="","",SUMPRODUCT(ISNUMBER(SEARCH(".",Suivi!$B$1301:$B$1353))*((Suivi!$G$1301:$G$1353="Réalisé")+(Suivi!$G$1301:$G$1353="Clôturé")))/SUMPRODUCT(--ISNUMBER(SEARCH(".",Suivi!$B$1301:$B$1353)))) | K29: =IF($A29="","",SUMPRODUCT(ISNUMBER(SEARCH(".",Suivi!$B$1301:$B$1353))*ISNUMBER(Suivi!$F$1301:$F$1353)*(Suivi!$F$1301:$F$1353<TODAY())*(Suivi!$G$1301:$G$1353<>"Réalisé")*(Suivi!$G$1301:$G$1353<>"Clôturé")))
A30: =IF(ISNUMBER(Dossiers!$D$29),HYPERLINK("#Suivi!A1354",Dossiers!$E$29),"") | B30: =IF($A30="","",Dossiers!$D$29) | C30: =IF($A30="","",MAX(Suivi!$F$1355:$F$1407)) | D30: =IF($A30="","",(COUNTIF(Suivi!$G$1356:$G$1359,"Réalisé")+COUNTIF(Suivi!$G$1356:$G$1359,"Clôturé"))/ROWS(Suivi!$G$1356:$G$1359)) | E30: =IF($A30="","",(COUNTIF(Suivi!$G$1361:$G$1364,"Réalisé")+COUNTIF(Suivi!$G$1361:$G$1364,"Clôturé"))/ROWS(Suivi!$G$1361:$G$1364)) | F30: =IF($A30="","",(COUNTIF(Suivi!$G$1366:$G$1381,"Réalisé")+COUNTIF(Suivi!$G$1366:$G$1381,"Clôturé"))/ROWS(Suivi!$G$1366:$G$1381)) | G30: =IF($A30="","",(COUNTIF(Suivi!$G$1383:$G$1386,"Réalisé")+COUNTIF(Suivi!$G$1383:$G$1386,"Clôturé"))/ROWS(Suivi!$G$1383:$G$1386)) | H30: =IF($A30="","",(COUNTIF(Suivi!$G$1388:$G$1405,"Réalisé")+COUNTIF(Suivi!$G$1388:$G$1405,"Clôturé"))/ROWS(Suivi!$G$1388:$G$1405)) | I30: =IF($A30="","",(COUNTIF(Suivi!$G$1407:$G$1407,"Réalisé")+COUNTIF(Suivi!$G$1407:$G$1407,"Clôturé"))/ROWS(Suivi!$G$1407:$G$1407)) | J30: =IF($A30="","",SUMPRODUCT(ISNUMBER(SEARCH(".",Suivi!$B$1355:$B$1407))*((Suivi!$G$1355:$G$1407="Réalisé")+(Suivi!$G$1355:$G$1407="Clôturé")))/SUMPRODUCT(--ISNUMBER(SEARCH(".",Suivi!$B$1355:$B$1407)))) | K30: =IF($A30="","",SUMPRODUCT(ISNUMBER(SEARCH(".",Suivi!$B$1355:$B$1407))*ISNUMBER(Suivi!$F$1355:$F$1407)*(Suivi!$F$1355:$F$1407<TODAY())*(Suivi!$G$1355:$G$1407<>"Réalisé")*(Suivi!$G$1355:$G$1407<>"Clôturé")))
A31: =IF(ISNUMBER(Dossiers!$D$30),HYPERLINK("#Suivi!A1408",Dossiers!$E$30),"") | B31: =IF($A31="","",Dossiers!$D$30) | C31: =IF($A31="","",MAX(Suivi!$F$1409:$F$1461)) | D31: =IF($A31="","",(COUNTIF(Suivi!$G$1410:$G$1413,"Réalisé")+COUNTIF(Suivi!$G$1410:$G$1413,"Clôturé"))/ROWS(Suivi!$G$1410:$G$1413)) | E31: =IF($A31="","",(COUNTIF(Suivi!$G$1415:$G$1418,"Réalisé")+COUNTIF(Suivi!$G$1415:$G$1418,"Clôturé"))/ROWS(Suivi!$G$1415:$G$1418)) | F31: =IF($A31="","",(COUNTIF(Suivi!$G$1420:$G$1435,"Réalisé")+COUNTIF(Suivi!$G$1420:$G$1435,"Clôturé"))/ROWS(Suivi!$G$1420:$G$1435)) | G31: =IF($A31="","",(COUNTIF(Suivi!$G$1437:$G$1440,"Réalisé")+COUNTIF(Suivi!$G$1437:$G$1440,"Clôturé"))/ROWS(Suivi!$G$1437:$G$1440)) | H31: =IF($A31="","",(COUNTIF(Suivi!$G$1442:$G$1459,"Réalisé")+COUNTIF(Suivi!$G$1442:$G$1459,"Clôturé"))/ROWS(Suivi!$G$1442:$G$1459)) | I31: =IF($A31="","",(COUNTIF(Suivi!$G$1461:$G$1461,"Réalisé")+COUNTIF(Suivi!$G$1461:$G$1461,"Clôturé"))/ROWS(Suivi!$G$1461:$G$1461)) | J31: =IF($A31="","",SUMPRODUCT(ISNUMBER(SEARCH(".",Suivi!$B$1409:$B$1461))*((Suivi!$G$1409:$G$1461="Réalisé")+(Suivi!$G$1409:$G$1461="Clôturé")))/SUMPRODUCT(--ISNUMBER(SEARCH(".",Suivi!$B$1409:$B$1461)))) | K31: =IF($A31="","",SUMPRODUCT(ISNUMBER(SEARCH(".",Suivi!$B$1409:$B$1461))*ISNUMBER(Suivi!$F$1409:$F$1461)*(Suivi!$F$1409:$F$1461<TODAY())*(Suivi!$G$1409:$G$1461<>"Réalisé")*(Suivi!$G$1409:$G$1461<>"Clôturé")))
A32: =IF(ISNUMBER(Dossiers!$D$31),HYPERLINK("#Suivi!A1462",Dossiers!$E$31),"") | B32: =IF($A32="","",Dossiers!$D$31) | C32: =IF($A32="","",MAX(Suivi!$F$1463:$F$1515)) | D32: =IF($A32="","",(COUNTIF(Suivi!$G$1464:$G$1467,"Réalisé")+COUNTIF(Suivi!$G$1464:$G$1467,"Clôturé"))/ROWS(Suivi!$G$1464:$G$1467)) | E32: =IF($A32="","",(COUNTIF(Suivi!$G$1469:$G$1472,"Réalisé")+COUNTIF(Suivi!$G$1469:$G$1472,"Clôturé"))/ROWS(Suivi!$G$1469:$G$1472)) | F32: =IF($A32="","",(COUNTIF(Suivi!$G$1474:$G$1489,"Réalisé")+COUNTIF(Suivi!$G$1474:$G$1489,"Clôturé"))/ROWS(Suivi!$G$1474:$G$1489)) | G32: =IF($A32="","",(COUNTIF(Suivi!$G$1491:$G$1494,"Réalisé")+COUNTIF(Suivi!$G$1491:$G$1494,"Clôturé"))/ROWS(Suivi!$G$1491:$G$1494)) | H32: =IF($A32="","",(COUNTIF(Suivi!$G$1496:$G$1513,"Réalisé")+COUNTIF(Suivi!$G$1496:$G$1513,"Clôturé"))/ROWS(Suivi!$G$1496:$G$1513)) | I32: =IF($A32="","",(COUNTIF(Suivi!$G$1515:$G$1515,"Réalisé")+COUNTIF(Suivi!$G$1515:$G$1515,"Clôturé"))/ROWS(Suivi!$G$1515:$G$1515)) | J32: =IF($A32="","",SUMPRODUCT(ISNUMBER(SEARCH(".",Suivi!$B$1463:$B$1515))*((Suivi!$G$1463:$G$1515="Réalisé")+(Suivi!$G$1463:$G$1515="Clôturé")))/SUMPRODUCT(--ISNUMBER(SEARCH(".",Suivi!$B$1463:$B$1515)))) | K32: =IF($A32="","",SUMPRODUCT(ISNUMBER(SEARCH(".",Suivi!$B$1463:$B$1515))*ISNUMBER(Suivi!$F$1463:$F$1515)*(Suivi!$F$1463:$F$1515<TODAY())*(Suivi!$G$1463:$G$1515<>"Réalisé")*(Suivi!$G$1463:$G$1515<>"Clôturé")))
A33: =IF(ISNUMBER(Dossiers!$D$32),HYPERLINK("#Suivi!A1516",Dossiers!$E$32),"") | B33: =IF($A33="","",Dossiers!$D$32) | C33: =IF($A33="","",MAX(Suivi!$F$1517:$F$1569)) | D33: =IF($A33="","",(COUNTIF(Suivi!$G$1518:$G$1521,"Réalisé")+COUNTIF(Suivi!$G$1518:$G$1521,"Clôturé"))/ROWS(Suivi!$G$1518:$G$1521)) | E33: =IF($A33="","",(COUNTIF(Suivi!$G$1523:$G$1526,"Réalisé")+COUNTIF(Suivi!$G$1523:$G$1526,"Clôturé"))/ROWS(Suivi!$G$1523:$G$1526)) | F33: =IF($A33="","",(COUNTIF(Suivi!$G$1528:$G$1543,"Réalisé")+COUNTIF(Suivi!$G$1528:$G$1543,"Clôturé"))/ROWS(Suivi!$G$1528:$G$1543)) | G33: =IF($A33="","",(COUNTIF(Suivi!$G$1545:$G$1548,"Réalisé")+COUNTIF(Suivi!$G$1545:$G$1548,"Clôturé"))/ROWS(Suivi!$G$1545:$G$1548)) | H33: =IF($A33="","",(COUNTIF(Suivi!$G$1550:$G$1567,"Réalisé")+COUNTIF(Suivi!$G$1550:$G$1567,"Clôturé"))/ROWS(Suivi!$G$1550:$G$1567)) | I33: =IF($A33="","",(COUNTIF(Suivi!$G$1569:$G$1569,"Réalisé")+COUNTIF(Suivi!$G$1569:$G$1569,"Clôturé"))/ROWS(Suivi!$G$1569:$G$1569)) | J33: =IF($A33="","",SUMPRODUCT(ISNUMBER(SEARCH(".",Suivi!$B$1517:$B$1569))*((Suivi!$G$1517:$G$1569="Réalisé")+(Suivi!$G$1517:$G$1569="Clôturé")))/SUMPRODUCT(--ISNUMBER(SEARCH(".",Suivi!$B$1517:$B$1569)))) | K33: =IF($A33="","",SUMPRODUCT(ISNUMBER(SEARCH(".",Suivi!$B$1517:$B$1569))*ISNUMBER(Suivi!$F$1517:$F$1569)*(Suivi!$F$1517:$F$1569<TODAY())*(Suivi!$G$1517:$G$1569<>"Réalisé")*(Suivi!$G$1517:$G$1569<>"Clôturé")))
A34: =IF(ISNUMBER(Dossiers!$D$33),HYPERLINK("#Suivi!A1570",Dossiers!$E$33),"") | B34: =IF($A34="","",Dossiers!$D$33) | C34: =IF($A34="","",MAX(Suivi!$F$1571:$F$1623)) | D34: =IF($A34="","",(COUNTIF(Suivi!$G$1572:$G$1575,"Réalisé")+COUNTIF(Suivi!$G$1572:$G$1575,"Clôturé"))/ROWS(Suivi!$G$1572:$G$1575)) | E34: =IF($A34="","",(COUNTIF(Suivi!$G$1577:$G$1580,"Réalisé")+COUNTIF(Suivi!$G$1577:$G$1580,"Clôturé"))/ROWS(Suivi!$G$1577:$G$1580)) | F34: =IF($A34="","",(COUNTIF(Suivi!$G$1582:$G$1597,"Réalisé")+COUNTIF(Suivi!$G$1582:$G$1597,"Clôturé"))/ROWS(Suivi!$G$1582:$G$1597)) | G34: =IF($A34="","",(COUNTIF(Suivi!$G$1599:$G$1602,"Réalisé")+COUNTIF(Suivi!$G$1599:$G$1602,"Clôturé"))/ROWS(Suivi!$G$1599:$G$1602)) | H34: =IF($A34="","",(COUNTIF(Suivi!$G$1604:$G$1621,"Réalisé")+COUNTIF(Suivi!$G$1604:$G$1621,"Clôturé"))/ROWS(Suivi!$G$1604:$G$1621)) | I34: =IF($A34="","",(COUNTIF(Suivi!$G$1623:$G$1623,"Réalisé")+COUNTIF(Suivi!$G$1623:$G$1623,"Clôturé"))/ROWS(Suivi!$G$1623:$G$1623)) | J34: =IF($A34="","",SUMPRODUCT(ISNUMBER(SEARCH(".",Suivi!$B$1571:$B$1623))*((Suivi!$G$1571:$G$1623="Réalisé")+(Suivi!$G$1571:$G$1623="Clôturé")))/SUMPRODUCT(--ISNUMBER(SEARCH(".",Suivi!$B$1571:$B$1623)))) | K34: =IF($A34="","",SUMPRODUCT(ISNUMBER(SEARCH(".",Suivi!$B$1571:$B$1623))*ISNUMBER(Suivi!$F$1571:$F$1623)*(Suivi!$F$1571:$F$1623<TODAY())*(Suivi!$G$1571:$G$1623<>"Réalisé")*(Suivi!$G$1571:$G$1623<>"Clôturé")))
A35: =IF(ISNUMBER(Dossiers!$D$34),HYPERLINK("#Suivi!A1624",Dossiers!$E$34),"") | B35: =IF($A35="","",Dossiers!$D$34) | C35: =IF($A35="","",MAX(Suivi!$F$1625:$F$1677)) | D35: =IF($A35="","",(COUNTIF(Suivi!$G$1626:$G$1629,"Réalisé")+COUNTIF(Suivi!$G$1626:$G$1629,"Clôturé"))/ROWS(Suivi!$G$1626:$G$1629)) | E35: =IF($A35="","",(COUNTIF(Suivi!$G$1631:$G$1634,"Réalisé")+COUNTIF(Suivi!$G$1631:$G$1634,"Clôturé"))/ROWS(Suivi!$G$1631:$G$1634)) | F35: =IF($A35="","",(COUNTIF(Suivi!$G$1636:$G$1651,"Réalisé")+COUNTIF(Suivi!$G$1636:$G$1651,"Clôturé"))/ROWS(Suivi!$G$1636:$G$1651)) | G35: =IF($A35="","",(COUNTIF(Suivi!$G$1653:$G$1656,"Réalisé")+COUNTIF(Suivi!$G$1653:$G$1656,"Clôturé"))/ROWS(Suivi!$G$1653:$G$1656)) | H35: =IF($A35="","",(COUNTIF(Suivi!$G$1658:$G$1675,"Réalisé")+COUNTIF(Suivi!$G$1658:$G$1675,"Clôturé"))/ROWS(Suivi!$G$1658:$G$1675)) | I35: =IF($A35="","",(COUNTIF(Suivi!$G$1677:$G$1677,"Réalisé")+COUNTIF(Suivi!$G$1677:$G$1677,"Clôturé"))/ROWS(Suivi!$G$1677:$G$1677)) | J35: =IF($A35="","",SUMPRODUCT(ISNUMBER(SEARCH(".",Suivi!$B$1625:$B$1677))*((Suivi!$G$1625:$G$1677="Réalisé")+(Suivi!$G$1625:$G$1677="Clôturé")))/SUMPRODUCT(--ISNUMBER(SEARCH(".",Suivi!$B$1625:$B$1677)))) | K35: =IF($A35="","",SUMPRODUCT(ISNUMBER(SEARCH(".",Suivi!$B$1625:$B$1677))*ISNUMBER(Suivi!$F$1625:$F$1677)*(Suivi!$F$1625:$F$1677<TODAY())*(Suivi!$G$1625:$G$1677<>"Réalisé")*(Suivi!$G$1625:$G$1677<>"Clôturé")))
A36: =IF(ISNUMBER(Dossiers!$D$35),HYPERLINK("#Suivi!A1678",Dossiers!$E$35),"") | B36: =IF($A36="","",Dossiers!$D$35) | C36: =IF($A36="","",MAX(Suivi!$F$1679:$F$1731)) | D36: =IF($A36="","",(COUNTIF(Suivi!$G$1680:$G$1683,"Réalisé")+COUNTIF(Suivi!$G$1680:$G$1683,"Clôturé"))/ROWS(Suivi!$G$1680:$G$1683)) | E36: =IF($A36="","",(COUNTIF(Suivi!$G$1685:$G$1688,"Réalisé")+COUNTIF(Suivi!$G$1685:$G$1688,"Clôturé"))/ROWS(Suivi!$G$1685:$G$1688)) | F36: =IF($A36="","",(COUNTIF(Suivi!$G$1690:$G$1705,"Réalisé")+COUNTIF(Suivi!$G$1690:$G$1705,"Clôturé"))/ROWS(Suivi!$G$1690:$G$1705)) | G36: =IF($A36="","",(COUNTIF(Suivi!$G$1707:$G$1710,"Réalisé")+COUNTIF(Suivi!$G$1707:$G$1710,"Clôturé"))/ROWS(Suivi!$G$1707:$G$1710)) | H36: =IF($A36="","",(COUNTIF(Suivi!$G$1712:$G$1729,"Réalisé")+COUNTIF(Suivi!$G$1712:$G$1729,"Clôturé"))/ROWS(Suivi!$G$1712:$G$1729)) | I36: =IF($A36="","",(COUNTIF(Suivi!$G$1731:$G$1731,"Réalisé")+COUNTIF(Suivi!$G$1731:$G$1731,"Clôturé"))/ROWS(Suivi!$G$1731:$G$1731)) | J36: =IF($A36="","",SUMPRODUCT(ISNUMBER(SEARCH(".",Suivi!$B$1679:$B$1731))*((Suivi!$G$1679:$G$1731="Réalisé")+(Suivi!$G$1679:$G$1731="Clôturé")))/SUMPRODUCT(--ISNUMBER(SEARCH(".",Suivi!$B$1679:$B$1731)))) | K36: =IF($A36="","",SUMPRODUCT(ISNUMBER(SEARCH(".",Suivi!$B$1679:$B$1731))*ISNUMBER(Suivi!$F$1679:$F$1731)*(Suivi!$F$1679:$F$1731<TODAY())*(Suivi!$G$1679:$G$1731<>"Réalisé")*(Suivi!$G$1679:$G$1731<>"Clôturé")))
A37: =IF(ISNUMBER(Dossiers!$D$36),HYPERLINK("#Suivi!A1732",Dossiers!$E$36),"") | B37: =IF($A37="","",Dossiers!$D$36) | C37: =IF($A37="","",MAX(Suivi!$F$1733:$F$1785)) | D37: =IF($A37="","",(COUNTIF(Suivi!$G$1734:$G$1737,"Réalisé")+COUNTIF(Suivi!$G$1734:$G$1737,"Clôturé"))/ROWS(Suivi!$G$1734:$G$1737)) | E37: =IF($A37="","",(COUNTIF(Suivi!$G$1739:$G$1742,"Réalisé")+COUNTIF(Suivi!$G$1739:$G$1742,"Clôturé"))/ROWS(Suivi!$G$1739:$G$1742)) | F37: =IF($A37="","",(COUNTIF(Suivi!$G$1744:$G$1759,"Réalisé")+COUNTIF(Suivi!$G$1744:$G$1759,"Clôturé"))/ROWS(Suivi!$G$1744:$G$1759)) | G37: =IF($A37="","",(COUNTIF(Suivi!$G$1761:$G$1764,"Réalisé")+COUNTIF(Suivi!$G$1761:$G$1764,"Clôturé"))/ROWS(Suivi!$G$1761:$G$1764)) | H37: =IF($A37="","",(COUNTIF(Suivi!$G$1766:$G$1783,"Réalisé")+COUNTIF(Suivi!$G$1766:$G$1783,"Clôturé"))/ROWS(Suivi!$G$1766:$G$1783)) | I37: =IF($A37="","",(COUNTIF(Suivi!$G$1785:$G$1785,"Réalisé")+COUNTIF(Suivi!$G$1785:$G$1785,"Clôturé"))/ROWS(Suivi!$G$1785:$G$1785)) | J37: =IF($A37="","",SUMPRODUCT(ISNUMBER(SEARCH(".",Suivi!$B$1733:$B$1785))*((Suivi!$G$1733:$G$1785="Réalisé")+(Suivi!$G$1733:$G$1785="Clôturé")))/SUMPRODUCT(--ISNUMBER(SEARCH(".",Suivi!$B$1733:$B$1785)))) | K37: =IF($A37="","",SUMPRODUCT(ISNUMBER(SEARCH(".",Suivi!$B$1733:$B$1785))*ISNUMBER(Suivi!$F$1733:$F$1785)*(Suivi!$F$1733:$F$1785<TODAY())*(Suivi!$G$1733:$G$1785<>"Réalisé")*(Suivi!$G$1733:$G$1785<>"Clôturé")))
A38: =IF(ISNUMBER(Dossiers!$D$37),HYPERLINK("#Suivi!A1786",Dossiers!$E$37),"") | B38: =IF($A38="","",Dossiers!$D$37) | C38: =IF($A38="","",MAX(Suivi!$F$1787:$F$1839)) | D38: =IF($A38="","",(COUNTIF(Suivi!$G$1788:$G$1791,"Réalisé")+COUNTIF(Suivi!$G$1788:$G$1791,"Clôturé"))/ROWS(Suivi!$G$1788:$G$1791)) | E38: =IF($A38="","",(COUNTIF(Suivi!$G$1793:$G$1796,"Réalisé")+COUNTIF(Suivi!$G$1793:$G$1796,"Clôturé"))/ROWS(Suivi!$G$1793:$G$1796)) | F38: =IF($A38="","",(COUNTIF(Suivi!$G$1798:$G$1813,"Réalisé")+COUNTIF(Suivi!$G$1798:$G$1813,"Clôturé"))/ROWS(Suivi!$G$1798:$G$1813)) | G38: =IF($A38="","",(COUNTIF(Suivi!$G$1815:$G$1818,"Réalisé")+COUNTIF(Suivi!$G$1815:$G$1818,"Clôturé"))/ROWS(Suivi!$G$1815:$G$1818)) | H38: =IF($A38="","",(COUNTIF(Suivi!$G$1820:$G$1837,"Réalisé")+COUNTIF(Suivi!$G$1820:$G$1837,"Clôturé"))/ROWS(Suivi!$G$1820:$G$1837)) | I38: =IF($A38="","",(COUNTIF(Suivi!$G$1839:$G$1839,"Réalisé")+COUNTIF(Suivi!$G$1839:$G$1839,"Clôturé"))/ROWS(Suivi!$G$1839:$G$1839)) | J38: =IF($A38="","",SUMPRODUCT(ISNUMBER(SEARCH(".",Suivi!$B$1787:$B$1839))*((Suivi!$G$1787:$G$1839="Réalisé")+(Suivi!$G$1787:$G$1839="Clôturé")))/SUMPRODUCT(--ISNUMBER(SEARCH(".",Suivi!$B$1787:$B$1839)))) | K38: =IF($A38="","",SUMPRODUCT(ISNUMBER(SEARCH(".",Suivi!$B$1787:$B$1839))*ISNUMBER(Suivi!$F$1787:$F$1839)*(Suivi!$F$1787:$F$1839<TODAY())*(Suivi!$G$1787:$G$1839<>"Réalisé")*(Suivi!$G$1787:$G$1839<>"Clôturé")))
A39: =IF(ISNUMBER(Dossiers!$D$38),HYPERLINK("#Suivi!A1840",Dossiers!$E$38),"") | B39: =IF($A39="","",Dossiers!$D$38) | C39: =IF($A39="","",MAX(Suivi!$F$1841:$F$1893)) | D39: =IF($A39="","",(COUNTIF(Suivi!$G$1842:$G$1845,"Réalisé")+COUNTIF(Suivi!$G$1842:$G$1845,"Clôturé"))/ROWS(Suivi!$G$1842:$G$1845)) | E39: =IF($A39="","",(COUNTIF(Suivi!$G$1847:$G$1850,"Réalisé")+COUNTIF(Suivi!$G$1847:$G$1850,"Clôturé"))/ROWS(Suivi!$G$1847:$G$1850)) | F39: =IF($A39="","",(COUNTIF(Suivi!$G$1852:$G$1867,"Réalisé")+COUNTIF(Suivi!$G$1852:$G$1867,"Clôturé"))/ROWS(Suivi!$G$1852:$G$1867)) | G39: =IF($A39="","",(COUNTIF(Suivi!$G$1869:$G$1872,"Réalisé")+COUNTIF(Suivi!$G$1869:$G$1872,"Clôturé"))/ROWS(Suivi!$G$1869:$G$1872)) | H39: =IF($A39="","",(COUNTIF(Suivi!$G$1874:$G$1891,"Réalisé")+COUNTIF(Suivi!$G$1874:$G$1891,"Clôturé"))/ROWS(Suivi!$G$1874:$G$1891)) | I39: =IF($A39="","",(COUNTIF(Suivi!$G$1893:$G$1893,"Réalisé")+COUNTIF(Suivi!$G$1893:$G$1893,"Clôturé"))/ROWS(Suivi!$G$1893:$G$1893)) | J39: =IF($A39="","",SUMPRODUCT(ISNUMBER(SEARCH(".",Suivi!$B$1841:$B$1893))*((Suivi!$G$1841:$G$1893="Réalisé")+(Suivi!$G$1841:$G$1893="Clôturé")))/SUMPRODUCT(--ISNUMBER(SEARCH(".",Suivi!$B$1841:$B$1893)))) | K39: =IF($A39="","",SUMPRODUCT(ISNUMBER(SEARCH(".",Suivi!$B$1841:$B$1893))*ISNUMBER(Suivi!$F$1841:$F$1893)*(Suivi!$F$1841:$F$1893<TODAY())*(Suivi!$G$1841:$G$1893<>"Réalisé")*(Suivi!$G$1841:$G$1893<>"Clôturé")))
A40: =IF(ISNUMBER(Dossiers!$D$39),HYPERLINK("#Suivi!A1894",Dossiers!$E$39),"") | B40: =IF($A40="","",Dossiers!$D$39) | C40: =IF($A40="","",MAX(Suivi!$F$1895:$F$1947)) | D40: =IF($A40="","",(COUNTIF(Suivi!$G$1896:$G$1899,"Réalisé")+COUNTIF(Suivi!$G$1896:$G$1899,"Clôturé"))/ROWS(Suivi!$G$1896:$G$1899)) | E40: =IF($A40="","",(COUNTIF(Suivi!$G$1901:$G$1904,"Réalisé")+COUNTIF(Suivi!$G$1901:$G$1904,"Clôturé"))/ROWS(Suivi!$G$1901:$G$1904)) | F40: =IF($A40="","",(COUNTIF(Suivi!$G$1906:$G$1921,"Réalisé")+COUNTIF(Suivi!$G$1906:$G$1921,"Clôturé"))/ROWS(Suivi!$G$1906:$G$1921)) | G40: =IF($A40="","",(COUNTIF(Suivi!$G$1923:$G$1926,"Réalisé")+COUNTIF(Suivi!$G$1923:$G$1926,"Clôturé"))/ROWS(Suivi!$G$1923:$G$1926)) | H40: =IF($A40="","",(COUNTIF(Suivi!$G$1928:$G$1945,"Réalisé")+COUNTIF(Suivi!$G$1928:$G$1945,"Clôturé"))/ROWS(Suivi!$G$1928:$G$1945)) | I40: =IF($A40="","",(COUNTIF(Suivi!$G$1947:$G$1947,"Réalisé")+COUNTIF(Suivi!$G$1947:$G$1947,"Clôturé"))/ROWS(Suivi!$G$1947:$G$1947)) | J40: =IF($A40="","",SUMPRODUCT(ISNUMBER(SEARCH(".",Suivi!$B$1895:$B$1947))*((Suivi!$G$1895:$G$1947="Réalisé")+(Suivi!$G$1895:$G$1947="Clôturé")))/SUMPRODUCT(--ISNUMBER(SEARCH(".",Suivi!$B$1895:$B$1947)))) | K40: =IF($A40="","",SUMPRODUCT(ISNUMBER(SEARCH(".",Suivi!$B$1895:$B$1947))*ISNUMBER(Suivi!$F$1895:$F$1947)*(Suivi!$F$1895:$F$1947<TODAY())*(Suivi!$G$1895:$G$1947<>"Réalisé")*(Suivi!$G$1895:$G$1947<>"Clôturé")))
A41: =IF(ISNUMBER(Dossiers!$D$40),HYPERLINK("#Suivi!A1948",Dossiers!$E$40),"") | B41: =IF($A41="","",Dossiers!$D$40) | C41: =IF($A41="","",MAX(Suivi!$F$1949:$F$2001)) | D41: =IF($A41="","",(COUNTIF(Suivi!$G$1950:$G$1953,"Réalisé")+COUNTIF(Suivi!$G$1950:$G$1953,"Clôturé"))/ROWS(Suivi!$G$1950:$G$1953)) | E41: =IF($A41="","",(COUNTIF(Suivi!$G$1955:$G$1958,"Réalisé")+COUNTIF(Suivi!$G$1955:$G$1958,"Clôturé"))/ROWS(Suivi!$G$1955:$G$1958)) | F41: =IF($A41="","",(COUNTIF(Suivi!$G$1960:$G$1975,"Réalisé")+COUNTIF(Suivi!$G$1960:$G$1975,"Clôturé"))/ROWS(Suivi!$G$1960:$G$1975)) | G41: =IF($A41="","",(COUNTIF(Suivi!$G$1977:$G$1980,"Réalisé")+COUNTIF(Suivi!$G$1977:$G$1980,"Clôturé"))/ROWS(Suivi!$G$1977:$G$1980)) | H41: =IF($A41="","",(COUNTIF(Suivi!$G$1982:$G$1999,"Réalisé")+COUNTIF(Suivi!$G$1982:$G$1999,"Clôturé"))/ROWS(Suivi!$G$1982:$G$1999)) | I41: =IF($A41="","",(COUNTIF(Suivi!$G$2001:$G$2001,"Réalisé")+COUNTIF(Suivi!$G$2001:$G$2001,"Clôturé"))/ROWS(Suivi!$G$2001:$G$2001)) | J41: =IF($A41="","",SUMPRODUCT(ISNUMBER(SEARCH(".",Suivi!$B$1949:$B$2001))*((Suivi!$G$1949:$G$2001="Réalisé")+(Suivi!$G$1949:$G$2001="Clôturé")))/SUMPRODUCT(--ISNUMBER(SEARCH(".",Suivi!$B$1949:$B$2001)))) | K41: =IF($A41="","",SUMPRODUCT(ISNUMBER(SEARCH(".",Suivi!$B$1949:$B$2001))*ISNUMBER(Suivi!$F$1949:$F$2001)*(Suivi!$F$1949:$F$2001<TODAY())*(Suivi!$G$1949:$G$2001<>"Réalisé")*(Suivi!$G$1949:$G$2001<>"Clôturé")))
A42: =IF(ISNUMBER(Dossiers!$D$41),HYPERLINK("#Suivi!A2002",Dossiers!$E$41),"") | B42: =IF($A42="","",Dossiers!$D$41) | C42: =IF($A42="","",MAX(Suivi!$F$2003:$F$2055)) | D42: =IF($A42="","",(COUNTIF(Suivi!$G$2004:$G$2007,"Réalisé")+COUNTIF(Suivi!$G$2004:$G$2007,"Clôturé"))/ROWS(Suivi!$G$2004:$G$2007)) | E42: =IF($A42="","",(COUNTIF(Suivi!$G$2009:$G$2012,"Réalisé")+COUNTIF(Suivi!$G$2009:$G$2012,"Clôturé"))/ROWS(Suivi!$G$2009:$G$2012)) | F42: =IF($A42="","",(COUNTIF(Suivi!$G$2014:$G$2029,"Réalisé")+COUNTIF(Suivi!$G$2014:$G$2029,"Clôturé"))/ROWS(Suivi!$G$2014:$G$2029)) | G42: =IF($A42="","",(COUNTIF(Suivi!$G$2031:$G$2034,"Réalisé")+COUNTIF(Suivi!$G$2031:$G$2034,"Clôturé"))/ROWS(Suivi!$G$2031:$G$2034)) | H42: =IF($A42="","",(COUNTIF(Suivi!$G$2036:$G$2053,"Réalisé")+COUNTIF(Suivi!$G$2036:$G$2053,"Clôturé"))/ROWS(Suivi!$G$2036:$G$2053)) | I42: =IF($A42="","",(COUNTIF(Suivi!$G$2055:$G$2055,"Réalisé")+COUNTIF(Suivi!$G$2055:$G$2055,"Clôturé"))/ROWS(Suivi!$G$2055:$G$2055)) | J42: =IF($A42="","",SUMPRODUCT(ISNUMBER(SEARCH(".",Suivi!$B$2003:$B$2055))*((Suivi!$G$2003:$G$2055="Réalisé")+(Suivi!$G$2003:$G$2055="Clôturé")))/SUMPRODUCT(--ISNUMBER(SEARCH(".",Suivi!$B$2003:$B$2055)))) | K42: =IF($A42="","",SUMPRODUCT(ISNUMBER(SEARCH(".",Suivi!$B$2003:$B$2055))*ISNUMBER(Suivi!$F$2003:$F$2055)*(Suivi!$F$2003:$F$2055<TODAY())*(Suivi!$G$2003:$G$2055<>"Réalisé")*(Suivi!$G$2003:$G$2055<>"Clôturé")))
A43: =IF(ISNUMBER(Dossiers!$D$42),HYPERLINK("#Suivi!A2056",Dossiers!$E$42),"") | B43: =IF($A43="","",Dossiers!$D$42) | C43: =IF($A43="","",MAX(Suivi!$F$2057:$F$2109)) | D43: =IF($A43="","",(COUNTIF(Suivi!$G$2058:$G$2061,"Réalisé")+COUNTIF(Suivi!$G$2058:$G$2061,"Clôturé"))/ROWS(Suivi!$G$2058:$G$2061)) | E43: =IF($A43="","",(COUNTIF(Suivi!$G$2063:$G$2066,"Réalisé")+COUNTIF(Suivi!$G$2063:$G$2066,"Clôturé"))/ROWS(Suivi!$G$2063:$G$2066)) | F43: =IF($A43="","",(COUNTIF(Suivi!$G$2068:$G$2083,"Réalisé")+COUNTIF(Suivi!$G$2068:$G$2083,"Clôturé"))/ROWS(Suivi!$G$2068:$G$2083)) | G43: =IF($A43="","",(COUNTIF(Suivi!$G$2085:$G$2088,"Réalisé")+COUNTIF(Suivi!$G$2085:$G$2088,"Clôturé"))/ROWS(Suivi!$G$2085:$G$2088)) | H43: =IF($A43="","",(COUNTIF(Suivi!$G$2090:$G$2107,"Réalisé")+COUNTIF(Suivi!$G$2090:$G$2107,"Clôturé"))/ROWS(Suivi!$G$2090:$G$2107)) | I43: =IF($A43="","",(COUNTIF(Suivi!$G$2109:$G$2109,"Réalisé")+COUNTIF(Suivi!$G$2109:$G$2109,"Clôturé"))/ROWS(Suivi!$G$2109:$G$2109)) | J43: =IF($A43="","",SUMPRODUCT(ISNUMBER(SEARCH(".",Suivi!$B$2057:$B$2109))*((Suivi!$G$2057:$G$2109="Réalisé")+(Suivi!$G$2057:$G$2109="Clôturé")))/SUMPRODUCT(--ISNUMBER(SEARCH(".",Suivi!$B$2057:$B$2109)))) | K43: =IF($A43="","",SUMPRODUCT(ISNUMBER(SEARCH(".",Suivi!$B$2057:$B$2109))*ISNUMBER(Suivi!$F$2057:$F$2109)*(Suivi!$F$2057:$F$2109<TODAY())*(Suivi!$G$2057:$G$2109<>"Réalisé")*(Suivi!$G$2057:$G$2109<>"Clôturé")))
A44: =IF(ISNUMBER(Dossiers!$D$43),HYPERLINK("#Suivi!A2110",Dossiers!$E$43),"") | B44: =IF($A44="","",Dossiers!$D$43) | C44: =IF($A44="","",MAX(Suivi!$F$2111:$F$2163)) | D44: =IF($A44="","",(COUNTIF(Suivi!$G$2112:$G$2115,"Réalisé")+COUNTIF(Suivi!$G$2112:$G$2115,"Clôturé"))/ROWS(Suivi!$G$2112:$G$2115)) | E44: =IF($A44="","",(COUNTIF(Suivi!$G$2117:$G$2120,"Réalisé")+COUNTIF(Suivi!$G$2117:$G$2120,"Clôturé"))/ROWS(Suivi!$G$2117:$G$2120)) | F44: =IF($A44="","",(COUNTIF(Suivi!$G$2122:$G$2137,"Réalisé")+COUNTIF(Suivi!$G$2122:$G$2137,"Clôturé"))/ROWS(Suivi!$G$2122:$G$2137)) | G44: =IF($A44="","",(COUNTIF(Suivi!$G$2139:$G$2142,"Réalisé")+COUNTIF(Suivi!$G$2139:$G$2142,"Clôturé"))/ROWS(Suivi!$G$2139:$G$2142)) | H44: =IF($A44="","",(COUNTIF(Suivi!$G$2144:$G$2161,"Réalisé")+COUNTIF(Suivi!$G$2144:$G$2161,"Clôturé"))/ROWS(Suivi!$G$2144:$G$2161)) | I44: =IF($A44="","",(COUNTIF(Suivi!$G$2163:$G$2163,"Réalisé")+COUNTIF(Suivi!$G$2163:$G$2163,"Clôturé"))/ROWS(Suivi!$G$2163:$G$2163)) | J44: =IF($A44="","",SUMPRODUCT(ISNUMBER(SEARCH(".",Suivi!$B$2111:$B$2163))*((Suivi!$G$2111:$G$2163="Réalisé")+(Suivi!$G$2111:$G$2163="Clôturé")))/SUMPRODUCT(--ISNUMBER(SEARCH(".",Suivi!$B$2111:$B$2163)))) | K44: =IF($A44="","",SUMPRODUCT(ISNUMBER(SEARCH(".",Suivi!$B$2111:$B$2163))*ISNUMBER(Suivi!$F$2111:$F$2163)*(Suivi!$F$2111:$F$2163<TODAY())*(Suivi!$G$2111:$G$2163<>"Réalisé")*(Suivi!$G$2111:$G$2163<>"Clôturé")))
A45: =IF(ISNUMBER(Dossiers!$D$44),HYPERLINK("#Suivi!A2164",Dossiers!$E$44),"") | B45: =IF($A45="","",Dossiers!$D$44) | C45: =IF($A45="","",MAX(Suivi!$F$2165:$F$2217)) | D45: =IF($A45="","",(COUNTIF(Suivi!$G$2166:$G$2169,"Réalisé")+COUNTIF(Suivi!$G$2166:$G$2169,"Clôturé"))/ROWS(Suivi!$G$2166:$G$2169)) | E45: =IF($A45="","",(COUNTIF(Suivi!$G$2171:$G$2174,"Réalisé")+COUNTIF(Suivi!$G$2171:$G$2174,"Clôturé"))/ROWS(Suivi!$G$2171:$G$2174)) | F45: =IF($A45="","",(COUNTIF(Suivi!$G$2176:$G$2191,"Réalisé")+COUNTIF(Suivi!$G$2176:$G$2191,"Clôturé"))/ROWS(Suivi!$G$2176:$G$2191)) | G45: =IF($A45="","",(COUNTIF(Suivi!$G$2193:$G$2196,"Réalisé")+COUNTIF(Suivi!$G$2193:$G$2196,"Clôturé"))/ROWS(Suivi!$G$2193:$G$2196)) | H45: =IF($A45="","",(COUNTIF(Suivi!$G$2198:$G$2215,"Réalisé")+COUNTIF(Suivi!$G$2198:$G$2215,"Clôturé"))/ROWS(Suivi!$G$2198:$G$2215)) | I45: =IF($A45="","",(COUNTIF(Suivi!$G$2217:$G$2217,"Réalisé")+COUNTIF(Suivi!$G$2217:$G$2217,"Clôturé"))/ROWS(Suivi!$G$2217:$G$2217)) | J45: =IF($A45="","",SUMPRODUCT(ISNUMBER(SEARCH(".",Suivi!$B$2165:$B$2217))*((Suivi!$G$2165:$G$2217="Réalisé")+(Suivi!$G$2165:$G$2217="Clôturé")))/SUMPRODUCT(--ISNUMBER(SEARCH(".",Suivi!$B$2165:$B$2217)))) | K45: =IF($A45="","",SUMPRODUCT(ISNUMBER(SEARCH(".",Suivi!$B$2165:$B$2217))*ISNUMBER(Suivi!$F$2165:$F$2217)*(Suivi!$F$2165:$F$2217<TODAY())*(Suivi!$G$2165:$G$2217<>"Réalisé")*(Suivi!$G$2165:$G$2217<>"Clôturé")))
A46: =IF(ISNUMBER(Dossiers!$D$45),HYPERLINK("#Suivi!A2218",Dossiers!$E$45),"") | B46: =IF($A46="","",Dossiers!$D$45) | C46: =IF($A46="","",MAX(Suivi!$F$2219:$F$2271)) | D46: =IF($A46="","",(COUNTIF(Suivi!$G$2220:$G$2223,"Réalisé")+COUNTIF(Suivi!$G$2220:$G$2223,"Clôturé"))/ROWS(Suivi!$G$2220:$G$2223)) | E46: =IF($A46="","",(COUNTIF(Suivi!$G$2225:$G$2228,"Réalisé")+COUNTIF(Suivi!$G$2225:$G$2228,"Clôturé"))/ROWS(Suivi!$G$2225:$G$2228)) | F46: =IF($A46="","",(COUNTIF(Suivi!$G$2230:$G$2245,"Réalisé")+COUNTIF(Suivi!$G$2230:$G$2245,"Clôturé"))/ROWS(Suivi!$G$2230:$G$2245)) | G46: =IF($A46="","",(COUNTIF(Suivi!$G$2247:$G$2250,"Réalisé")+COUNTIF(Suivi!$G$2247:$G$2250,"Clôturé"))/ROWS(Suivi!$G$2247:$G$2250)) | H46: =IF($A46="","",(COUNTIF(Suivi!$G$2252:$G$2269,"Réalisé")+COUNTIF(Suivi!$G$2252:$G$2269,"Clôturé"))/ROWS(Suivi!$G$2252:$G$2269)) | I46: =IF($A46="","",(COUNTIF(Suivi!$G$2271:$G$2271,"Réalisé")+COUNTIF(Suivi!$G$2271:$G$2271,"Clôturé"))/ROWS(Suivi!$G$2271:$G$2271)) | J46: =IF($A46="","",SUMPRODUCT(ISNUMBER(SEARCH(".",Suivi!$B$2219:$B$2271))*((Suivi!$G$2219:$G$2271="Réalisé")+(Suivi!$G$2219:$G$2271="Clôturé")))/SUMPRODUCT(--ISNUMBER(SEARCH(".",Suivi!$B$2219:$B$2271)))) | K46: =IF($A46="","",SUMPRODUCT(ISNUMBER(SEARCH(".",Suivi!$B$2219:$B$2271))*ISNUMBER(Suivi!$F$2219:$F$2271)*(Suivi!$F$2219:$F$2271<TODAY())*(Suivi!$G$2219:$G$2271<>"Réalisé")*(Suivi!$G$2219:$G$2271<>"Clôturé")))
A47: =IF(ISNUMBER(Dossiers!$D$46),HYPERLINK("#Suivi!A2272",Dossiers!$E$46),"") | B47: =IF($A47="","",Dossiers!$D$46) | C47: =IF($A47="","",MAX(Suivi!$F$2273:$F$2325)) | D47: =IF($A47="","",(COUNTIF(Suivi!$G$2274:$G$2277,"Réalisé")+COUNTIF(Suivi!$G$2274:$G$2277,"Clôturé"))/ROWS(Suivi!$G$2274:$G$2277)) | E47: =IF($A47="","",(COUNTIF(Suivi!$G$2279:$G$2282,"Réalisé")+COUNTIF(Suivi!$G$2279:$G$2282,"Clôturé"))/ROWS(Suivi!$G$2279:$G$2282)) | F47: =IF($A47="","",(COUNTIF(Suivi!$G$2284:$G$2299,"Réalisé")+COUNTIF(Suivi!$G$2284:$G$2299,"Clôturé"))/ROWS(Suivi!$G$2284:$G$2299)) | G47: =IF($A47="","",(COUNTIF(Suivi!$G$2301:$G$2304,"Réalisé")+COUNTIF(Suivi!$G$2301:$G$2304,"Clôturé"))/ROWS(Suivi!$G$2301:$G$2304)) | H47: =IF($A47="","",(COUNTIF(Suivi!$G$2306:$G$2323,"Réalisé")+COUNTIF(Suivi!$G$2306:$G$2323,"Clôturé"))/ROWS(Suivi!$G$2306:$G$2323)) | I47: =IF($A47="","",(COUNTIF(Suivi!$G$2325:$G$2325,"Réalisé")+COUNTIF(Suivi!$G$2325:$G$2325,"Clôturé"))/ROWS(Suivi!$G$2325:$G$2325)) | J47: =IF($A47="","",SUMPRODUCT(ISNUMBER(SEARCH(".",Suivi!$B$2273:$B$2325))*((Suivi!$G$2273:$G$2325="Réalisé")+(Suivi!$G$2273:$G$2325="Clôturé")))/SUMPRODUCT(--ISNUMBER(SEARCH(".",Suivi!$B$2273:$B$2325)))) | K47: =IF($A47="","",SUMPRODUCT(ISNUMBER(SEARCH(".",Suivi!$B$2273:$B$2325))*ISNUMBER(Suivi!$F$2273:$F$2325)*(Suivi!$F$2273:$F$2325<TODAY())*(Suivi!$G$2273:$G$2325<>"Réalisé")*(Suivi!$G$2273:$G$2325<>"Clôturé")))
A48: =IF(ISNUMBER(Dossiers!$D$47),HYPERLINK("#Suivi!A2326",Dossiers!$E$47),"") | B48: =IF($A48="","",Dossiers!$D$47) | C48: =IF($A48="","",MAX(Suivi!$F$2327:$F$2379)) | D48: =IF($A48="","",(COUNTIF(Suivi!$G$2328:$G$2331,"Réalisé")+COUNTIF(Suivi!$G$2328:$G$2331,"Clôturé"))/ROWS(Suivi!$G$2328:$G$2331)) | E48: =IF($A48="","",(COUNTIF(Suivi!$G$2333:$G$2336,"Réalisé")+COUNTIF(Suivi!$G$2333:$G$2336,"Clôturé"))/ROWS(Suivi!$G$2333:$G$2336)) | F48: =IF($A48="","",(COUNTIF(Suivi!$G$2338:$G$2353,"Réalisé")+COUNTIF(Suivi!$G$2338:$G$2353,"Clôturé"))/ROWS(Suivi!$G$2338:$G$2353)) | G48: =IF($A48="","",(COUNTIF(Suivi!$G$2355:$G$2358,"Réalisé")+COUNTIF(Suivi!$G$2355:$G$2358,"Clôturé"))/ROWS(Suivi!$G$2355:$G$2358)) | H48: =IF($A48="","",(COUNTIF(Suivi!$G$2360:$G$2377,"Réalisé")+COUNTIF(Suivi!$G$2360:$G$2377,"Clôturé"))/ROWS(Suivi!$G$2360:$G$2377)) | I48: =IF($A48="","",(COUNTIF(Suivi!$G$2379:$G$2379,"Réalisé")+COUNTIF(Suivi!$G$2379:$G$2379,"Clôturé"))/ROWS(Suivi!$G$2379:$G$2379)) | J48: =IF($A48="","",SUMPRODUCT(ISNUMBER(SEARCH(".",Suivi!$B$2327:$B$2379))*((Suivi!$G$2327:$G$2379="Réalisé")+(Suivi!$G$2327:$G$2379="Clôturé")))/SUMPRODUCT(--ISNUMBER(SEARCH(".",Suivi!$B$2327:$B$2379)))) | K48: =IF($A48="","",SUMPRODUCT(ISNUMBER(SEARCH(".",Suivi!$B$2327:$B$2379))*ISNUMBER(Suivi!$F$2327:$F$2379)*(Suivi!$F$2327:$F$2379<TODAY())*(Suivi!$G$2327:$G$2379<>"Réalisé")*(Suivi!$G$2327:$G$2379<>"Clôturé")))
A49: =IF(ISNUMBER(Dossiers!$D$48),HYPERLINK("#Suivi!A2380",Dossiers!$E$48),"") | B49: =IF($A49="","",Dossiers!$D$48) | C49: =IF($A49="","",MAX(Suivi!$F$2381:$F$2433)) | D49: =IF($A49="","",(COUNTIF(Suivi!$G$2382:$G$2385,"Réalisé")+COUNTIF(Suivi!$G$2382:$G$2385,"Clôturé"))/ROWS(Suivi!$G$2382:$G$2385)) | E49: =IF($A49="","",(COUNTIF(Suivi!$G$2387:$G$2390,"Réalisé")+COUNTIF(Suivi!$G$2387:$G$2390,"Clôturé"))/ROWS(Suivi!$G$2387:$G$2390)) | F49: =IF($A49="","",(COUNTIF(Suivi!$G$2392:$G$2407,"Réalisé")+COUNTIF(Suivi!$G$2392:$G$2407,"Clôturé"))/ROWS(Suivi!$G$2392:$G$2407)) | G49: =IF($A49="","",(COUNTIF(Suivi!$G$2409:$G$2412,"Réalisé")+COUNTIF(Suivi!$G$2409:$G$2412,"Clôturé"))/ROWS(Suivi!$G$2409:$G$2412)) | H49: =IF($A49="","",(COUNTIF(Suivi!$G$2414:$G$2431,"Réalisé")+COUNTIF(Suivi!$G$2414:$G$2431,"Clôturé"))/ROWS(Suivi!$G$2414:$G$2431)) | I49: =IF($A49="","",(COUNTIF(Suivi!$G$2433:$G$2433,"Réalisé")+COUNTIF(Suivi!$G$2433:$G$2433,"Clôturé"))/ROWS(Suivi!$G$2433:$G$2433)) | J49: =IF($A49="","",SUMPRODUCT(ISNUMBER(SEARCH(".",Suivi!$B$2381:$B$2433))*((Suivi!$G$2381:$G$2433="Réalisé")+(Suivi!$G$2381:$G$2433="Clôturé")))/SUMPRODUCT(--ISNUMBER(SEARCH(".",Suivi!$B$2381:$B$2433)))) | K49: =IF($A49="","",SUMPRODUCT(ISNUMBER(SEARCH(".",Suivi!$B$2381:$B$2433))*ISNUMBER(Suivi!$F$2381:$F$2433)*(Suivi!$F$2381:$F$2433<TODAY())*(Suivi!$G$2381:$G$2433<>"Réalisé")*(Suivi!$G$2381:$G$2433<>"Clôturé")))
A50: =IF(ISNUMBER(Dossiers!$D$49),HYPERLINK("#Suivi!A2434",Dossiers!$E$49),"") | B50: =IF($A50="","",Dossiers!$D$49) | C50: =IF($A50="","",MAX(Suivi!$F$2435:$F$2487)) | D50: =IF($A50="","",(COUNTIF(Suivi!$G$2436:$G$2439,"Réalisé")+COUNTIF(Suivi!$G$2436:$G$2439,"Clôturé"))/ROWS(Suivi!$G$2436:$G$2439)) | E50: =IF($A50="","",(COUNTIF(Suivi!$G$2441:$G$2444,"Réalisé")+COUNTIF(Suivi!$G$2441:$G$2444,"Clôturé"))/ROWS(Suivi!$G$2441:$G$2444)) | F50: =IF($A50="","",(COUNTIF(Suivi!$G$2446:$G$2461,"Réalisé")+COUNTIF(Suivi!$G$2446:$G$2461,"Clôturé"))/ROWS(Suivi!$G$2446:$G$2461)) | G50: =IF($A50="","",(COUNTIF(Suivi!$G$2463:$G$2466,"Réalisé")+COUNTIF(Suivi!$G$2463:$G$2466,"Clôturé"))/ROWS(Suivi!$G$2463:$G$2466)) | H50: =IF($A50="","",(COUNTIF(Suivi!$G$2468:$G$2485,"Réalisé")+COUNTIF(Suivi!$G$2468:$G$2485,"Clôturé"))/ROWS(Suivi!$G$2468:$G$2485)) | I50: =IF($A50="","",(COUNTIF(Suivi!$G$2487:$G$2487,"Réalisé")+COUNTIF(Suivi!$G$2487:$G$2487,"Clôturé"))/ROWS(Suivi!$G$2487:$G$2487)) | J50: =IF($A50="","",SUMPRODUCT(ISNUMBER(SEARCH(".",Suivi!$B$2435:$B$2487))*((Suivi!$G$2435:$G$2487="Réalisé")+(Suivi!$G$2435:$G$2487="Clôturé")))/SUMPRODUCT(--ISNUMBER(SEARCH(".",Suivi!$B$2435:$B$2487)))) | K50: =IF($A50="","",SUMPRODUCT(ISNUMBER(SEARCH(".",Suivi!$B$2435:$B$2487))*ISNUMBER(Suivi!$F$2435:$F$2487)*(Suivi!$F$2435:$F$2487<TODAY())*(Suivi!$G$2435:$G$2487<>"Réalisé")*(Suivi!$G$2435:$G$2487<>"Clôturé")))
A51: =IF(ISNUMBER(Dossiers!$D$50),HYPERLINK("#Suivi!A2488",Dossiers!$E$50),"") | B51: =IF($A51="","",Dossiers!$D$50) | C51: =IF($A51="","",MAX(Suivi!$F$2489:$F$2541)) | D51: =IF($A51="","",(COUNTIF(Suivi!$G$2490:$G$2493,"Réalisé")+COUNTIF(Suivi!$G$2490:$G$2493,"Clôturé"))/ROWS(Suivi!$G$2490:$G$2493)) | E51: =IF($A51="","",(COUNTIF(Suivi!$G$2495:$G$2498,"Réalisé")+COUNTIF(Suivi!$G$2495:$G$2498,"Clôturé"))/ROWS(Suivi!$G$2495:$G$2498)) | F51: =IF($A51="","",(COUNTIF(Suivi!$G$2500:$G$2515,"Réalisé")+COUNTIF(Suivi!$G$2500:$G$2515,"Clôturé"))/ROWS(Suivi!$G$2500:$G$2515)) | G51: =IF($A51="","",(COUNTIF(Suivi!$G$2517:$G$2520,"Réalisé")+COUNTIF(Suivi!$G$2517:$G$2520,"Clôturé"))/ROWS(Suivi!$G$2517:$G$2520)) | H51: =IF($A51="","",(COUNTIF(Suivi!$G$2522:$G$2539,"Réalisé")+COUNTIF(Suivi!$G$2522:$G$2539,"Clôturé"))/ROWS(Suivi!$G$2522:$G$2539)) | I51: =IF($A51="","",(COUNTIF(Suivi!$G$2541:$G$2541,"Réalisé")+COUNTIF(Suivi!$G$2541:$G$2541,"Clôturé"))/ROWS(Suivi!$G$2541:$G$2541)) | J51: =IF($A51="","",SUMPRODUCT(ISNUMBER(SEARCH(".",Suivi!$B$2489:$B$2541))*((Suivi!$G$2489:$G$2541="Réalisé")+(Suivi!$G$2489:$G$2541="Clôturé")))/SUMPRODUCT(--ISNUMBER(SEARCH(".",Suivi!$B$2489:$B$2541)))) | K51: =IF($A51="","",SUMPRODUCT(ISNUMBER(SEARCH(".",Suivi!$B$2489:$B$2541))*ISNUMBER(Suivi!$F$2489:$F$2541)*(Suivi!$F$2489:$F$2541<TODAY())*(Suivi!$G$2489:$G$2541<>"Réalisé")*(Suivi!$G$2489:$G$2541<>"Clôturé")))
A52: =IF(ISNUMBER(Dossiers!$D$51),HYPERLINK("#Suivi!A2542",Dossiers!$E$51),"") | B52: =IF($A52="","",Dossiers!$D$51) | C52: =IF($A52="","",MAX(Suivi!$F$2543:$F$2595)) | D52: =IF($A52="","",(COUNTIF(Suivi!$G$2544:$G$2547,"Réalisé")+COUNTIF(Suivi!$G$2544:$G$2547,"Clôturé"))/ROWS(Suivi!$G$2544:$G$2547)) | E52: =IF($A52="","",(COUNTIF(Suivi!$G$2549:$G$2552,"Réalisé")+COUNTIF(Suivi!$G$2549:$G$2552,"Clôturé"))/ROWS(Suivi!$G$2549:$G$2552)) | F52: =IF($A52="","",(COUNTIF(Suivi!$G$2554:$G$2569,"Réalisé")+COUNTIF(Suivi!$G$2554:$G$2569,"Clôturé"))/ROWS(Suivi!$G$2554:$G$2569)) | G52: =IF($A52="","",(COUNTIF(Suivi!$G$2571:$G$2574,"Réalisé")+COUNTIF(Suivi!$G$2571:$G$2574,"Clôturé"))/ROWS(Suivi!$G$2571:$G$2574)) | H52: =IF($A52="","",(COUNTIF(Suivi!$G$2576:$G$2593,"Réalisé")+COUNTIF(Suivi!$G$2576:$G$2593,"Clôturé"))/ROWS(Suivi!$G$2576:$G$2593)) | I52: =IF($A52="","",(COUNTIF(Suivi!$G$2595:$G$2595,"Réalisé")+COUNTIF(Suivi!$G$2595:$G$2595,"Clôturé"))/ROWS(Suivi!$G$2595:$G$2595)) | J52: =IF($A52="","",SUMPRODUCT(ISNUMBER(SEARCH(".",Suivi!$B$2543:$B$2595))*((Suivi!$G$2543:$G$2595="Réalisé")+(Suivi!$G$2543:$G$2595="Clôturé")))/SUMPRODUCT(--ISNUMBER(SEARCH(".",Suivi!$B$2543:$B$2595)))) | K52: =IF($A52="","",SUMPRODUCT(ISNUMBER(SEARCH(".",Suivi!$B$2543:$B$2595))*ISNUMBER(Suivi!$F$2543:$F$2595)*(Suivi!$F$2543:$F$2595<TODAY())*(Suivi!$G$2543:$G$2595<>"Réalisé")*(Suivi!$G$2543:$G$2595<>"Clôturé")))
A53: =IF(ISNUMBER(Dossiers!$D$52),HYPERLINK("#Suivi!A2596",Dossiers!$E$52),"") | B53: =IF($A53="","",Dossiers!$D$52) | C53: =IF($A53="","",MAX(Suivi!$F$2597:$F$2649)) | D53: =IF($A53="","",(COUNTIF(Suivi!$G$2598:$G$2601,"Réalisé")+COUNTIF(Suivi!$G$2598:$G$2601,"Clôturé"))/ROWS(Suivi!$G$2598:$G$2601)) | E53: =IF($A53="","",(COUNTIF(Suivi!$G$2603:$G$2606,"Réalisé")+COUNTIF(Suivi!$G$2603:$G$2606,"Clôturé"))/ROWS(Suivi!$G$2603:$G$2606)) | F53: =IF($A53="","",(COUNTIF(Suivi!$G$2608:$G$2623,"Réalisé")+COUNTIF(Suivi!$G$2608:$G$2623,"Clôturé"))/ROWS(Suivi!$G$2608:$G$2623)) | G53: =IF($A53="","",(COUNTIF(Suivi!$G$2625:$G$2628,"Réalisé")+COUNTIF(Suivi!$G$2625:$G$2628,"Clôturé"))/ROWS(Suivi!$G$2625:$G$2628)) | H53: =IF($A53="","",(COUNTIF(Suivi!$G$2630:$G$2647,"Réalisé")+COUNTIF(Suivi!$G$2630:$G$2647,"Clôturé"))/ROWS(Suivi!$G$2630:$G$2647)) | I53: =IF($A53="","",(COUNTIF(Suivi!$G$2649:$G$2649,"Réalisé")+COUNTIF(Suivi!$G$2649:$G$2649,"Clôturé"))/ROWS(Suivi!$G$2649:$G$2649)) | J53: =IF($A53="","",SUMPRODUCT(ISNUMBER(SEARCH(".",Suivi!$B$2597:$B$2649))*((Suivi!$G$2597:$G$2649="Réalisé")+(Suivi!$G$2597:$G$2649="Clôturé")))/SUMPRODUCT(--ISNUMBER(SEARCH(".",Suivi!$B$2597:$B$2649)))) | K53: =IF($A53="","",SUMPRODUCT(ISNUMBER(SEARCH(".",Suivi!$B$2597:$B$2649))*ISNUMBER(Suivi!$F$2597:$F$2649)*(Suivi!$F$2597:$F$2649<TODAY())*(Suivi!$G$2597:$G$2649<>"Réalisé")*(Suivi!$G$2597:$G$2649<>"Clôturé")))
A54: =IF(ISNUMBER(Dossiers!$D$53),HYPERLINK("#Suivi!A2650",Dossiers!$E$53),"") | B54: =IF($A54="","",Dossiers!$D$53) | C54: =IF($A54="","",MAX(Suivi!$F$2651:$F$2703)) | D54: =IF($A54="","",(COUNTIF(Suivi!$G$2652:$G$2655,"Réalisé")+COUNTIF(Suivi!$G$2652:$G$2655,"Clôturé"))/ROWS(Suivi!$G$2652:$G$2655)) | E54: =IF($A54="","",(COUNTIF(Suivi!$G$2657:$G$2660,"Réalisé")+COUNTIF(Suivi!$G$2657:$G$2660,"Clôturé"))/ROWS(Suivi!$G$2657:$G$2660)) | F54: =IF($A54="","",(COUNTIF(Suivi!$G$2662:$G$2677,"Réalisé")+COUNTIF(Suivi!$G$2662:$G$2677,"Clôturé"))/ROWS(Suivi!$G$2662:$G$2677)) | G54: =IF($A54="","",(COUNTIF(Suivi!$G$2679:$G$2682,"Réalisé")+COUNTIF(Suivi!$G$2679:$G$2682,"Clôturé"))/ROWS(Suivi!$G$2679:$G$2682)) | H54: =IF($A54="","",(COUNTIF(Suivi!$G$2684:$G$2701,"Réalisé")+COUNTIF(Suivi!$G$2684:$G$2701,"Clôturé"))/ROWS(Suivi!$G$2684:$G$2701)) | I54: =IF($A54="","",(COUNTIF(Suivi!$G$2703:$G$2703,"Réalisé")+COUNTIF(Suivi!$G$2703:$G$2703,"Clôturé"))/ROWS(Suivi!$G$2703:$G$2703)) | J54: =IF($A54="","",SUMPRODUCT(ISNUMBER(SEARCH(".",Suivi!$B$2651:$B$2703))*((Suivi!$G$2651:$G$2703="Réalisé")+(Suivi!$G$2651:$G$2703="Clôturé")))/SUMPRODUCT(--ISNUMBER(SEARCH(".",Suivi!$B$2651:$B$2703)))) | K54: =IF($A54="","",SUMPRODUCT(ISNUMBER(SEARCH(".",Suivi!$B$2651:$B$2703))*ISNUMBER(Suivi!$F$2651:$F$2703)*(Suivi!$F$2651:$F$2703<TODAY())*(Suivi!$G$2651:$G$2703<>"Réalisé")*(Suivi!$G$2651:$G$2703<>"Clôturé")))
A55: =IF(ISNUMBER(Dossiers!$D$54),HYPERLINK("#Suivi!A2704",Dossiers!$E$54),"") | B55: =IF($A55="","",Dossiers!$D$54) | C55: =IF($A55="","",MAX(Suivi!$F$2705:$F$2757)) | D55: =IF($A55="","",(COUNTIF(Suivi!$G$2706:$G$2709,"Réalisé")+COUNTIF(Suivi!$G$2706:$G$2709,"Clôturé"))/ROWS(Suivi!$G$2706:$G$2709)) | E55: =IF($A55="","",(COUNTIF(Suivi!$G$2711:$G$2714,"Réalisé")+COUNTIF(Suivi!$G$2711:$G$2714,"Clôturé"))/ROWS(Suivi!$G$2711:$G$2714)) | F55: =IF($A55="","",(COUNTIF(Suivi!$G$2716:$G$2731,"Réalisé")+COUNTIF(Suivi!$G$2716:$G$2731,"Clôturé"))/ROWS(Suivi!$G$2716:$G$2731)) | G55: =IF($A55="","",(COUNTIF(Suivi!$G$2733:$G$2736,"Réalisé")+COUNTIF(Suivi!$G$2733:$G$2736,"Clôturé"))/ROWS(Suivi!$G$2733:$G$2736)) | H55: =IF($A55="","",(COUNTIF(Suivi!$G$2738:$G$2755,"Réalisé")+COUNTIF(Suivi!$G$2738:$G$2755,"Clôturé"))/ROWS(Suivi!$G$2738:$G$2755)) | I55: =IF($A55="","",(COUNTIF(Suivi!$G$2757:$G$2757,"Réalisé")+COUNTIF(Suivi!$G$2757:$G$2757,"Clôturé"))/ROWS(Suivi!$G$2757:$G$2757)) | J55: =IF($A55="","",SUMPRODUCT(ISNUMBER(SEARCH(".",Suivi!$B$2705:$B$2757))*((Suivi!$G$2705:$G$2757="Réalisé")+(Suivi!$G$2705:$G$2757="Clôturé")))/SUMPRODUCT(--ISNUMBER(SEARCH(".",Suivi!$B$2705:$B$2757)))) | K55: =IF($A55="","",SUMPRODUCT(ISNUMBER(SEARCH(".",Suivi!$B$2705:$B$2757))*ISNUMBER(Suivi!$F$2705:$F$2757)*(Suivi!$F$2705:$F$2757<TODAY())*(Suivi!$G$2705:$G$2757<>"Réalisé")*(Suivi!$G$2705:$G$2757<>"Clôturé")))
A56: =IF(ISNUMBER(Dossiers!$D$55),HYPERLINK("#Suivi!A2758",Dossiers!$E$55),"") | B56: =IF($A56="","",Dossiers!$D$55) | C56: =IF($A56="","",MAX(Suivi!$F$2759:$F$2811)) | D56: =IF($A56="","",(COUNTIF(Suivi!$G$2760:$G$2763,"Réalisé")+COUNTIF(Suivi!$G$2760:$G$2763,"Clôturé"))/ROWS(Suivi!$G$2760:$G$2763)) | E56: =IF($A56="","",(COUNTIF(Suivi!$G$2765:$G$2768,"Réalisé")+COUNTIF(Suivi!$G$2765:$G$2768,"Clôturé"))/ROWS(Suivi!$G$2765:$G$2768)) | F56: =IF($A56="","",(COUNTIF(Suivi!$G$2770:$G$2785,"Réalisé")+COUNTIF(Suivi!$G$2770:$G$2785,"Clôturé"))/ROWS(Suivi!$G$2770:$G$2785)) | G56: =IF($A56="","",(COUNTIF(Suivi!$G$2787:$G$2790,"Réalisé")+COUNTIF(Suivi!$G$2787:$G$2790,"Clôturé"))/ROWS(Suivi!$G$2787:$G$2790)) | H56: =IF($A56="","",(COUNTIF(Suivi!$G$2792:$G$2809,"Réalisé")+COUNTIF(Suivi!$G$2792:$G$2809,"Clôturé"))/ROWS(Suivi!$G$2792:$G$2809)) | I56: =IF($A56="","",(COUNTIF(Suivi!$G$2811:$G$2811,"Réalisé")+COUNTIF(Suivi!$G$2811:$G$2811,"Clôturé"))/ROWS(Suivi!$G$2811:$G$2811)) | J56: =IF($A56="","",SUMPRODUCT(ISNUMBER(SEARCH(".",Suivi!$B$2759:$B$2811))*((Suivi!$G$2759:$G$2811="Réalisé")+(Suivi!$G$2759:$G$2811="Clôturé")))/SUMPRODUCT(--ISNUMBER(SEARCH(".",Suivi!$B$2759:$B$2811)))) | K56: =IF($A56="","",SUMPRODUCT(ISNUMBER(SEARCH(".",Suivi!$B$2759:$B$2811))*ISNUMBER(Suivi!$F$2759:$F$2811)*(Suivi!$F$2759:$F$2811<TODAY())*(Suivi!$G$2759:$G$2811<>"Réalisé")*(Suivi!$G$2759:$G$2811<>"Clôturé")))
A57: =IF(ISNUMBER(Dossiers!$D$56),HYPERLINK("#Suivi!A2812",Dossiers!$E$56),"") | B57: =IF($A57="","",Dossiers!$D$56) | C57: =IF($A57="","",MAX(Suivi!$F$2813:$F$2865)) | D57: =IF($A57="","",(COUNTIF(Suivi!$G$2814:$G$2817,"Réalisé")+COUNTIF(Suivi!$G$2814:$G$2817,"Clôturé"))/ROWS(Suivi!$G$2814:$G$2817)) | E57: =IF($A57="","",(COUNTIF(Suivi!$G$2819:$G$2822,"Réalisé")+COUNTIF(Suivi!$G$2819:$G$2822,"Clôturé"))/ROWS(Suivi!$G$2819:$G$2822)) | F57: =IF($A57="","",(COUNTIF(Suivi!$G$2824:$G$2839,"Réalisé")+COUNTIF(Suivi!$G$2824:$G$2839,"Clôturé"))/ROWS(Suivi!$G$2824:$G$2839)) | G57: =IF($A57="","",(COUNTIF(Suivi!$G$2841:$G$2844,"Réalisé")+COUNTIF(Suivi!$G$2841:$G$2844,"Clôturé"))/ROWS(Suivi!$G$2841:$G$2844)) | H57: =IF($A57="","",(COUNTIF(Suivi!$G$2846:$G$2863,"Réalisé")+COUNTIF(Suivi!$G$2846:$G$2863,"Clôturé"))/ROWS(Suivi!$G$2846:$G$2863)) | I57: =IF($A57="","",(COUNTIF(Suivi!$G$2865:$G$2865,"Réalisé")+COUNTIF(Suivi!$G$2865:$G$2865,"Clôturé"))/ROWS(Suivi!$G$2865:$G$2865)) | J57: =IF($A57="","",SUMPRODUCT(ISNUMBER(SEARCH(".",Suivi!$B$2813:$B$2865))*((Suivi!$G$2813:$G$2865="Réalisé")+(Suivi!$G$2813:$G$2865="Clôturé")))/SUMPRODUCT(--ISNUMBER(SEARCH(".",Suivi!$B$2813:$B$2865)))) | K57: =IF($A57="","",SUMPRODUCT(ISNUMBER(SEARCH(".",Suivi!$B$2813:$B$2865))*ISNUMBER(Suivi!$F$2813:$F$2865)*(Suivi!$F$2813:$F$2865<TODAY())*(Suivi!$G$2813:$G$2865<>"Réalisé")*(Suivi!$G$2813:$G$2865<>"Clôturé")))
A58: =IF(ISNUMBER(Dossiers!$D$57),HYPERLINK("#Suivi!A2866",Dossiers!$E$57),"") | B58: =IF($A58="","",Dossiers!$D$57) | C58: =IF($A58="","",MAX(Suivi!$F$2867:$F$2919)) | D58: =IF($A58="","",(COUNTIF(Suivi!$G$2868:$G$2871,"Réalisé")+COUNTIF(Suivi!$G$2868:$G$2871,"Clôturé"))/ROWS(Suivi!$G$2868:$G$2871)) | E58: =IF($A58="","",(COUNTIF(Suivi!$G$2873:$G$2876,"Réalisé")+COUNTIF(Suivi!$G$2873:$G$2876,"Clôturé"))/ROWS(Suivi!$G$2873:$G$2876)) | F58: =IF($A58="","",(COUNTIF(Suivi!$G$2878:$G$2893,"Réalisé")+COUNTIF(Suivi!$G$2878:$G$2893,"Clôturé"))/ROWS(Suivi!$G$2878:$G$2893)) | G58: =IF($A58="","",(COUNTIF(Suivi!$G$2895:$G$2898,"Réalisé")+COUNTIF(Suivi!$G$2895:$G$2898,"Clôturé"))/ROWS(Suivi!$G$2895:$G$2898)) | H58: =IF($A58="","",(COUNTIF(Suivi!$G$2900:$G$2917,"Réalisé")+COUNTIF(Suivi!$G$2900:$G$2917,"Clôturé"))/ROWS(Suivi!$G$2900:$G$2917)) | I58: =IF($A58="","",(COUNTIF(Suivi!$G$2919:$G$2919,"Réalisé")+COUNTIF(Suivi!$G$2919:$G$2919,"Clôturé"))/ROWS(Suivi!$G$2919:$G$2919)) | J58: =IF($A58="","",SUMPRODUCT(ISNUMBER(SEARCH(".",Suivi!$B$2867:$B$2919))*((Suivi!$G$2867:$G$2919="Réalisé")+(Suivi!$G$2867:$G$2919="Clôturé")))/SUMPRODUCT(--ISNUMBER(SEARCH(".",Suivi!$B$2867:$B$2919)))) | K58: =IF($A58="","",SUMPRODUCT(ISNUMBER(SEARCH(".",Suivi!$B$2867:$B$2919))*ISNUMBER(Suivi!$F$2867:$F$2919)*(Suivi!$F$2867:$F$2919<TODAY())*(Suivi!$G$2867:$G$2919<>"Réalisé")*(Suivi!$G$2867:$G$2919<>"Clôturé")))
A59: =IF(ISNUMBER(Dossiers!$D$58),HYPERLINK("#Suivi!A2920",Dossiers!$E$58),"") | B59: =IF($A59="","",Dossiers!$D$58) | C59: =IF($A59="","",MAX(Suivi!$F$2921:$F$2973)) | D59: =IF($A59="","",(COUNTIF(Suivi!$G$2922:$G$2925,"Réalisé")+COUNTIF(Suivi!$G$2922:$G$2925,"Clôturé"))/ROWS(Suivi!$G$2922:$G$2925)) | E59: =IF($A59="","",(COUNTIF(Suivi!$G$2927:$G$2930,"Réalisé")+COUNTIF(Suivi!$G$2927:$G$2930,"Clôturé"))/ROWS(Suivi!$G$2927:$G$2930)) | F59: =IF($A59="","",(COUNTIF(Suivi!$G$2932:$G$2947,"Réalisé")+COUNTIF(Suivi!$G$2932:$G$2947,"Clôturé"))/ROWS(Suivi!$G$2932:$G$2947)) | G59: =IF($A59="","",(COUNTIF(Suivi!$G$2949:$G$2952,"Réalisé")+COUNTIF(Suivi!$G$2949:$G$2952,"Clôturé"))/ROWS(Suivi!$G$2949:$G$2952)) | H59: =IF($A59="","",(COUNTIF(Suivi!$G$2954:$G$2971,"Réalisé")+COUNTIF(Suivi!$G$2954:$G$2971,"Clôturé"))/ROWS(Suivi!$G$2954:$G$2971)) | I59: =IF($A59="","",(COUNTIF(Suivi!$G$2973:$G$2973,"Réalisé")+COUNTIF(Suivi!$G$2973:$G$2973,"Clôturé"))/ROWS(Suivi!$G$2973:$G$2973)) | J59: =IF($A59="","",SUMPRODUCT(ISNUMBER(SEARCH(".",Suivi!$B$2921:$B$2973))*((Suivi!$G$2921:$G$2973="Réalisé")+(Suivi!$G$2921:$G$2973="Clôturé")))/SUMPRODUCT(--ISNUMBER(SEARCH(".",Suivi!$B$2921:$B$2973)))) | K59: =IF($A59="","",SUMPRODUCT(ISNUMBER(SEARCH(".",Suivi!$B$2921:$B$2973))*ISNUMBER(Suivi!$F$2921:$F$2973)*(Suivi!$F$2921:$F$2973<TODAY())*(Suivi!$G$2921:$G$2973<>"Réalisé")*(Suivi!$G$2921:$G$2973<>"Clôturé")))
A60: =IF(ISNUMBER(Dossiers!$D$59),HYPERLINK("#Suivi!A2974",Dossiers!$E$59),"") | B60: =IF($A60="","",Dossiers!$D$59) | C60: =IF($A60="","",MAX(Suivi!$F$2975:$F$3027)) | D60: =IF($A60="","",(COUNTIF(Suivi!$G$2976:$G$2979,"Réalisé")+COUNTIF(Suivi!$G$2976:$G$2979,"Clôturé"))/ROWS(Suivi!$G$2976:$G$2979)) | E60: =IF($A60="","",(COUNTIF(Suivi!$G$2981:$G$2984,"Réalisé")+COUNTIF(Suivi!$G$2981:$G$2984,"Clôturé"))/ROWS(Suivi!$G$2981:$G$2984)) | F60: =IF($A60="","",(COUNTIF(Suivi!$G$2986:$G$3001,"Réalisé")+COUNTIF(Suivi!$G$2986:$G$3001,"Clôturé"))/ROWS(Suivi!$G$2986:$G$3001)) | G60: =IF($A60="","",(COUNTIF(Suivi!$G$3003:$G$3006,"Réalisé")+COUNTIF(Suivi!$G$3003:$G$3006,"Clôturé"))/ROWS(Suivi!$G$3003:$G$3006)) | H60: =IF($A60="","",(COUNTIF(Suivi!$G$3008:$G$3025,"Réalisé")+COUNTIF(Suivi!$G$3008:$G$3025,"Clôturé"))/ROWS(Suivi!$G$3008:$G$3025)) | I60: =IF($A60="","",(COUNTIF(Suivi!$G$3027:$G$3027,"Réalisé")+COUNTIF(Suivi!$G$3027:$G$3027,"Clôturé"))/ROWS(Suivi!$G$3027:$G$3027)) | J60: =IF($A60="","",SUMPRODUCT(ISNUMBER(SEARCH(".",Suivi!$B$2975:$B$3027))*((Suivi!$G$2975:$G$3027="Réalisé")+(Suivi!$G$2975:$G$3027="Clôturé")))/SUMPRODUCT(--ISNUMBER(SEARCH(".",Suivi!$B$2975:$B$3027)))) | K60: =IF($A60="","",SUMPRODUCT(ISNUMBER(SEARCH(".",Suivi!$B$2975:$B$3027))*ISNUMBER(Suivi!$F$2975:$F$3027)*(Suivi!$F$2975:$F$3027<TODAY())*(Suivi!$G$2975:$G$3027<>"Réalisé")*(Suivi!$G$2975:$G$3027<>"Clôturé")))
A61: =IF(ISNUMBER(Dossiers!$D$60),HYPERLINK("#Suivi!A3028",Dossiers!$E$60),"") | B61: =IF($A61="","",Dossiers!$D$60) | C61: =IF($A61="","",MAX(Suivi!$F$3029:$F$3081)) | D61: =IF($A61="","",(COUNTIF(Suivi!$G$3030:$G$3033,"Réalisé")+COUNTIF(Suivi!$G$3030:$G$3033,"Clôturé"))/ROWS(Suivi!$G$3030:$G$3033)) | E61: =IF($A61="","",(COUNTIF(Suivi!$G$3035:$G$3038,"Réalisé")+COUNTIF(Suivi!$G$3035:$G$3038,"Clôturé"))/ROWS(Suivi!$G$3035:$G$3038)) | F61: =IF($A61="","",(COUNTIF(Suivi!$G$3040:$G$3055,"Réalisé")+COUNTIF(Suivi!$G$3040:$G$3055,"Clôturé"))/ROWS(Suivi!$G$3040:$G$3055)) | G61: =IF($A61="","",(COUNTIF(Suivi!$G$3057:$G$3060,"Réalisé")+COUNTIF(Suivi!$G$3057:$G$3060,"Clôturé"))/ROWS(Suivi!$G$3057:$G$3060)) | H61: =IF($A61="","",(COUNTIF(Suivi!$G$3062:$G$3079,"Réalisé")+COUNTIF(Suivi!$G$3062:$G$3079,"Clôturé"))/ROWS(Suivi!$G$3062:$G$3079)) | I61: =IF($A61="","",(COUNTIF(Suivi!$G$3081:$G$3081,"Réalisé")+COUNTIF(Suivi!$G$3081:$G$3081,"Clôturé"))/ROWS(Suivi!$G$3081:$G$3081)) | J61: =IF($A61="","",SUMPRODUCT(ISNUMBER(SEARCH(".",Suivi!$B$3029:$B$3081))*((Suivi!$G$3029:$G$3081="Réalisé")+(Suivi!$G$3029:$G$3081="Clôturé")))/SUMPRODUCT(--ISNUMBER(SEARCH(".",Suivi!$B$3029:$B$3081)))) | K61: =IF($A61="","",SUMPRODUCT(ISNUMBER(SEARCH(".",Suivi!$B$3029:$B$3081))*ISNUMBER(Suivi!$F$3029:$F$3081)*(Suivi!$F$3029:$F$3081<TODAY())*(Suivi!$G$3029:$G$3081<>"Réalisé")*(Suivi!$G$3029:$G$3081<>"Clôturé")))
A62: =IF(ISNUMBER(Dossiers!$D$61),HYPERLINK("#Suivi!A3082",Dossiers!$E$61),"") | B62: =IF($A62="","",Dossiers!$D$61) | C62: =IF($A62="","",MAX(Suivi!$F$3083:$F$3135)) | D62: =IF($A62="","",(COUNTIF(Suivi!$G$3084:$G$3087,"Réalisé")+COUNTIF(Suivi!$G$3084:$G$3087,"Clôturé"))/ROWS(Suivi!$G$3084:$G$3087)) | E62: =IF($A62="","",(COUNTIF(Suivi!$G$3089:$G$3092,"Réalisé")+COUNTIF(Suivi!$G$3089:$G$3092,"Clôturé"))/ROWS(Suivi!$G$3089:$G$3092)) | F62: =IF($A62="","",(COUNTIF(Suivi!$G$3094:$G$3109,"Réalisé")+COUNTIF(Suivi!$G$3094:$G$3109,"Clôturé"))/ROWS(Suivi!$G$3094:$G$3109)) | G62: =IF($A62="","",(COUNTIF(Suivi!$G$3111:$G$3114,"Réalisé")+COUNTIF(Suivi!$G$3111:$G$3114,"Clôturé"))/ROWS(Suivi!$G$3111:$G$3114)) | H62: =IF($A62="","",(COUNTIF(Suivi!$G$3116:$G$3133,"Réalisé")+COUNTIF(Suivi!$G$3116:$G$3133,"Clôturé"))/ROWS(Suivi!$G$3116:$G$3133)) | I62: =IF($A62="","",(COUNTIF(Suivi!$G$3135:$G$3135,"Réalisé")+COUNTIF(Suivi!$G$3135:$G$3135,"Clôturé"))/ROWS(Suivi!$G$3135:$G$3135)) | J62: =IF($A62="","",SUMPRODUCT(ISNUMBER(SEARCH(".",Suivi!$B$3083:$B$3135))*((Suivi!$G$3083:$G$3135="Réalisé")+(Suivi!$G$3083:$G$3135="Clôturé")))/SUMPRODUCT(--ISNUMBER(SEARCH(".",Suivi!$B$3083:$B$3135)))) | K62: =IF($A62="","",SUMPRODUCT(ISNUMBER(SEARCH(".",Suivi!$B$3083:$B$3135))*ISNUMBER(Suivi!$F$3083:$F$3135)*(Suivi!$F$3083:$F$3135<TODAY())*(Suivi!$G$3083:$G$3135<>"Réalisé")*(Suivi!$G$3083:$G$3135<>"Clôturé")))
A63: =IF(ISNUMBER(Dossiers!$D$62),HYPERLINK("#Suivi!A3136",Dossiers!$E$62),"") | B63: =IF($A63="","",Dossiers!$D$62) | C63: =IF($A63="","",MAX(Suivi!$F$3137:$F$3189)) | D63: =IF($A63="","",(COUNTIF(Suivi!$G$3138:$G$3141,"Réalisé")+COUNTIF(Suivi!$G$3138:$G$3141,"Clôturé"))/ROWS(Suivi!$G$3138:$G$3141)) | E63: =IF($A63="","",(COUNTIF(Suivi!$G$3143:$G$3146,"Réalisé")+COUNTIF(Suivi!$G$3143:$G$3146,"Clôturé"))/ROWS(Suivi!$G$3143:$G$3146)) | F63: =IF($A63="","",(COUNTIF(Suivi!$G$3148:$G$3163,"Réalisé")+COUNTIF(Suivi!$G$3148:$G$3163,"Clôturé"))/ROWS(Suivi!$G$3148:$G$3163)) | G63: =IF($A63="","",(COUNTIF(Suivi!$G$3165:$G$3168,"Réalisé")+COUNTIF(Suivi!$G$3165:$G$3168,"Clôturé"))/ROWS(Suivi!$G$3165:$G$3168)) | H63: =IF($A63="","",(COUNTIF(Suivi!$G$3170:$G$3187,"Réalisé")+COUNTIF(Suivi!$G$3170:$G$3187,"Clôturé"))/ROWS(Suivi!$G$3170:$G$3187)) | I63: =IF($A63="","",(COUNTIF(Suivi!$G$3189:$G$3189,"Réalisé")+COUNTIF(Suivi!$G$3189:$G$3189,"Clôturé"))/ROWS(Suivi!$G$3189:$G$3189)) | J63: =IF($A63="","",SUMPRODUCT(ISNUMBER(SEARCH(".",Suivi!$B$3137:$B$3189))*((Suivi!$G$3137:$G$3189="Réalisé")+(Suivi!$G$3137:$G$3189="Clôturé")))/SUMPRODUCT(--ISNUMBER(SEARCH(".",Suivi!$B$3137:$B$3189)))) | K63: =IF($A63="","",SUMPRODUCT(ISNUMBER(SEARCH(".",Suivi!$B$3137:$B$3189))*ISNUMBER(Suivi!$F$3137:$F$3189)*(Suivi!$F$3137:$F$3189<TODAY())*(Suivi!$G$3137:$G$3189<>"Réalisé")*(Suivi!$G$3137:$G$3189<>"Clôturé")))
A64: =IF(ISNUMBER(Dossiers!$D$63),HYPERLINK("#Suivi!A3190",Dossiers!$E$63),"") | B64: =IF($A64="","",Dossiers!$D$63) | C64: =IF($A64="","",MAX(Suivi!$F$3191:$F$3243)) | D64: =IF($A64="","",(COUNTIF(Suivi!$G$3192:$G$3195,"Réalisé")+COUNTIF(Suivi!$G$3192:$G$3195,"Clôturé"))/ROWS(Suivi!$G$3192:$G$3195)) | E64: =IF($A64="","",(COUNTIF(Suivi!$G$3197:$G$3200,"Réalisé")+COUNTIF(Suivi!$G$3197:$G$3200,"Clôturé"))/ROWS(Suivi!$G$3197:$G$3200)) | F64: =IF($A64="","",(COUNTIF(Suivi!$G$3202:$G$3217,"Réalisé")+COUNTIF(Suivi!$G$3202:$G$3217,"Clôturé"))/ROWS(Suivi!$G$3202:$G$3217)) | G64: =IF($A64="","",(COUNTIF(Suivi!$G$3219:$G$3222,"Réalisé")+COUNTIF(Suivi!$G$3219:$G$3222,"Clôturé"))/ROWS(Suivi!$G$3219:$G$3222)) | H64: =IF($A64="","",(COUNTIF(Suivi!$G$3224:$G$3241,"Réalisé")+COUNTIF(Suivi!$G$3224:$G$3241,"Clôturé"))/ROWS(Suivi!$G$3224:$G$3241)) | I64: =IF($A64="","",(COUNTIF(Suivi!$G$3243:$G$3243,"Réalisé")+COUNTIF(Suivi!$G$3243:$G$3243,"Clôturé"))/ROWS(Suivi!$G$3243:$G$3243)) | J64: =IF($A64="","",SUMPRODUCT(ISNUMBER(SEARCH(".",Suivi!$B$3191:$B$3243))*((Suivi!$G$3191:$G$3243="Réalisé")+(Suivi!$G$3191:$G$3243="Clôturé")))/SUMPRODUCT(--ISNUMBER(SEARCH(".",Suivi!$B$3191:$B$3243)))) | K64: =IF($A64="","",SUMPRODUCT(ISNUMBER(SEARCH(".",Suivi!$B$3191:$B$3243))*ISNUMBER(Suivi!$F$3191:$F$3243)*(Suivi!$F$3191:$F$3243<TODAY())*(Suivi!$G$3191:$G$3243<>"Réalisé")*(Suivi!$G$3191:$G$3243<>"Clôturé")))

Sheet Suivi
A1: SUIVI DES DOSSIERS
A2: Saisir le statut (colonne G) et, si besoin, une durée particulière (colonne I). Ne pas insérer ni supprimer de lignes.
A3: Dossier | B3: Identifiant | C3: Macro Etape | D3: Etape | E3: Début le | F3: Fin prévue le | G3: Statut | H3: Durée (jours) | I3: Durée particulière | J3: =HYPERLINK("#'Tableau de bord'!A1","↑ Tableau de bord")
A4: =IF(ISNUMBER(Dossiers!$D$4),Dossiers!$E$4,"") | B4: =IF($A4="","","Identifiant") | C4: =IF($A4="","","Macro Etape") | D4: =IF($A4="","","Etape") | E4: =IF($A4="","","Début le") | F4: =IF($A4="","","Fin prévue le") | G4: =IF($A4="","","Statut") | H4: =IF($A4="","","Durée (jours)") | I4: =IF($A4="","","Durée particulière") | J4: =IF($A4="","",HYPERLINK("#'Tableau de bord'!A1","↑ Tableau de bord"))
A5: =IF(ISNUMBER(Dossiers!$D$4),Dossiers!$A$4&" · "&Dossiers!$B$4,"") | B5: =IF($A5="","",Paramètres!G5) | C5: =IF($A5="","",IF(Paramètres!H5="","",Paramètres!H5)) | D5: =IF($A5="","",IF(Paramètres!I5="","",Paramètres!I5)) | E5: =IF($A5="","",MIN(E6:E9)) | F5: =IF($A5="","",MAX(F6:F9)) | G5: En attente | H5: =IF($A5="","",F5-E5+1)
A6: =IF(ISNUMBER(Dossiers!$D$4),Dossiers!$A$4&" · "&Dossiers!$B$4,"") | B6: =IF($A6="","",Paramètres!G6) | C6: =IF($A6="","",IF(Paramètres!H6="","",Paramètres!H6)) | D6: =IF($A6="","",IF(Paramètres!I6="","",Paramètres!I6)) | E6: =IF($A6="","",IF(Paramètres!J6&Paramètres!L6&Paramètres!N6="",Dossiers!$D$4,MAX(IF(Paramètres!J6="",0,IF(Paramètres!K6="",NA(),IF(LEFT(TRIM(Paramètres!K6),1)="F",INDEX($F$5:$F$57,MATCH(Paramètres!J6,Paramètres!$G$5:$G$57,0)),INDEX($E$5:$E$57,MATCH(Paramètres!J6,Paramètres!$G$5:$G$57,0)))+IF(RIGHT(TRIM(Paramètres!K6),3)="Fin",1-$H6,IF(LEFT(TRIM(Paramètres!K6),1)="F",1,0)))),IF(Paramètres!L6="",0,IF(Paramètres!M6="",NA(),IF(LEFT(TRIM(Paramètres!M6),1)="F",INDEX($F$5:$F$57,MATCH(Paramètres!L6,Paramètres!$G$5:$G$57,0)),INDEX($E$5:$E$57,MATCH(Paramètres!L6,Paramètres!$G$5:$G$57,0)))+IF(RIGHT(TRIM(Paramètres!M6),3)="Fin",1-$H6,IF(LEFT(TRIM(Paramètres!M6),1)="F",1,0)))),IF(Paramètres!N6="",0,IF(Paramètres!O6="",NA(),IF(LEFT(TRIM(Paramètres!O6),1)="F",INDEX($F$5:$F$57,MATCH(Paramètres!N6,Paramètres!$G$5:$G$57,0)),INDEX($E$5:$E$57,MATCH(Paramètres!N6,Paramètres!$G$5:$G$57,0)))+IF(RIGHT(TRIM(Paramètres!O6),3)="Fin",1-$H6,IF(LEFT(TRIM(Paramètres!O6),1)="F",1,0))))))) | F6: =IF($A6="","",E6+$H6-1) | H6: =IF($A6="","",IF(I6<>"",I6,Paramètres!B6)) | I6: 2
A7: =IF(ISNUMBER(Dossiers!$D$4),Dossiers!$A$4&" · "&Dossiers!$B$4,"") | B7: =IF($A7="","",Paramètres!G7) | C7: =IF($A7="","",IF(Paramètres!H7="","",Paramètres!H7)) | D7: =IF($A7="","",IF(Paramètres!I7="","",Paramètres!I7)) | E7: =IF($A7="","",IF(Paramètres!J7&Paramètres!L7&Paramètres!N7="",Dossiers!$D$4,MAX(IF(Paramètres!J7="",0,IF(Paramètres!K7="",NA(),IF(LEFT(TRIM(Paramètres!K7),1)="F",INDEX($F$5:$F$57,MATCH(Paramètres!J7,Paramètres!$G$5:$G$57,0)),INDEX($E$5:$E$57,MATCH(Paramètres!J7,Paramètres!$G$5:$G$57,0)))+IF(RIGHT(TRIM(Paramètres!K7),3)="Fin",1-$H7,IF(LEFT(TRIM(Paramètres!K7),1)="F",1,0)))),IF(Paramètres!L7="",0,IF(Paramètres!M7="",NA(),IF(LEFT(TRIM(Paramètres!M7),1)="F",INDEX($F$5:$F$57,MATCH(Paramètres!L7,Paramètres!$G$5:$G$57,0)),INDEX($E$5:$E$57,MATCH(Paramètres!L7,Paramètres!$G$5:$G$57,0)))+IF(RIGHT(TRIM(Paramètres!M7),3)="Fin",1-$H7,IF(LEFT(TRIM(Paramètres!M7),1)="F",1,0)))),IF(Paramètres!N7="",0,IF(Paramètres!O7="",NA(),IF(LEFT(TRIM(Paramètres!O7),1)="F",INDEX($F$5:$F$57,MATCH(Paramètres!N7,Paramètres!$G$5:$G$57,0)),INDEX($E$5:$E$57,MATCH(Paramètres!N7,Paramètres!$G$5:$G$57,0)))+IF(RIGHT(TRIM(Paramètres!O7),3)="Fin",1-$H7,IF(LEFT(TRIM(Paramètres!O7),1)="F",1,0))))))) | F7: =IF($A7="","",E7+$H7-1) | H7: =IF($A7="","",IF(I7<>"",I7,Paramètres!B7))
A8: =IF(ISNUMBER(Dossiers!$D$4),Dossiers!$A$4&" · "&Dossiers!$B$4,"") | B8: =IF($A8="","",Paramètres!G8) | C8: =IF($A8="","",IF(Paramètres!H8="","",Paramètres!H8)) | D8: =IF($A8="","",IF(Paramètres!I8="","",Paramètres!I8)) | E8: =IF($A8="","",IF(Paramètres!J8&Paramètres!L8&Paramètres!N8="",Dossiers!$D$4,MAX(IF(Paramètres!J8="",0,IF(Paramètres!K8="",NA(),IF(LEFT(TRIM(Paramètres!K8),1)="F",INDEX($F$5:$F$57,MATCH(Paramètres!J8,Paramètres!$G$5:$G$57,0)),INDEX($E$5:$E$57,MATCH(Paramètres!J8,Paramètres!$G$5:$G$57,0)))+IF(RIGHT(TRIM(Paramètres!K8),3)="Fin",1-$H8,IF(LEFT(TRIM(Paramètres!K8),1)="F",1,0)))),IF(Paramètres!L8="",0,IF(Paramètres!M8="",NA(),IF(LEFT(TRIM(Paramètres!M8),1)="F",INDEX($F$5:$F$57,MATCH(Paramètres!L8,Paramètres!$G$5:$G$57,0)),INDEX($E$5:$E$57,MATCH(Paramètres!L8,Paramètres!$G$5:$G$57,0)))+IF(RIGHT(TRIM(Paramètres!M8),3)="Fin",1-$H8,IF(LEFT(TRIM(Paramètres!M8),1)="F",1,0)))),IF(Paramètres!N8="",0,IF(Paramètres!O8="",NA(),IF(LEFT(TRIM(Paramètres!O8),1)="F",INDEX($F$5:$F$57,MATCH(Paramètres!N8,Paramètres!$G$5:$G$57,0)),INDEX($E$5:$E$57,MATCH(Paramètres!N8,Paramètres!$G$5:$G$57,0)))+IF(RIGHT(TRIM(Paramètres!O8),3)="Fin",1-$H8,IF(LEFT(TRIM(Paramètres!O8),1)="F",1,0))))))) | F8: =IF($A8="","",E8+$H8-1) | H8: =IF($A8="","",IF(I8<>"",I8,Paramètres!B8))
A9: =IF(ISNUMBER(Dossiers!$D$4),Dossiers!$A$4&" · "&Dossiers!$B$4,"") | B9: =IF($A9="","",Paramètres!G9) | C9: =IF($A9="","",IF(Paramètres!H9="","",Paramètres!H9)) | D9: =IF($A9="","",IF(Paramètres!I9="","",Paramètres!I9)) | E9: =IF($A9="","",IF(Paramètres!J9&Paramètres!L9&Paramètres!N9="",Dossiers!$D$4,MAX(IF(Paramètres!J9="",0,IF(Paramètres!K9="",NA(),IF(LEFT(TRIM(Paramètres!K9),1)="F",INDEX($F$5:$F$57,MATCH(Paramètres!J9,Paramètres!$G$5:$G$57,0)),INDEX($E$5:$E$57,MATCH(Paramètres!J9,Paramètres!$G$5:$G$57,0)))+IF(RIGHT(TRIM(Paramètres!K9),3)="Fin",1-$H9,IF(LEFT(TRIM(Paramètres!K9),1)="F",1,0)))),IF(Paramètres!L9="",0,IF(Paramètres!M9="",NA(),IF(LEFT(TRIM(Paramètres!M9),1)="F",INDEX($F$5:$F$57,MATCH(Paramètres!L9,Paramètres!$G$5:$G$57,0)),INDEX($E$5:$E$57,MATCH(Paramètres!L9,Paramètres!$G$5:$G$57,0)))+IF(RIGHT(TRIM(Paramètres!M9),3)="Fin",1-$H9,IF(LEFT(TRIM(Paramètres!M9),1)="F",1,0)))),IF(Paramètres!N9="",0,IF(Paramètres!O9="",NA(),IF(LEFT(TRIM(Paramètres!O9),1)="F",INDEX($F$5:$F$57,MATCH(Paramètres!N9,Paramètres!$G$5:$G$57,0)),INDEX($E$5:$E$57,MATCH(Paramètres!N9,Paramètres!$G$5:$G$57,0)))+IF(RIGHT(TRIM(Paramètres!O9),3)="Fin",1-$H9,IF(LEFT(TRIM(Paramètres!O9),1)="F",1,0))))))) | F9: =IF($A9="","",E9+$H9-1) | H9: =IF($A9="","",IF(I9<>"",I9,Paramètres!B9))
A10: =IF(ISNUMBER(Dossiers!$D$4),Dossiers!$A$4&" · "&Dossiers!$B$4,"") | B10: =IF($A10="","",Paramètres!G10) | C10: =IF($A10="","",IF(Paramètres!H10="","",Paramètres!H10)) | D10: =IF($A10="","",IF(Paramètres!I10="","",Paramètres!I10)) | E10: =IF($A10="","",MIN(E11:E14)) | F10: =IF($A10="","",MAX(F11:F14)) | H10: =IF($A10="","",F10-E10+1)
A11: =IF(ISNUMBER(Dossiers!$D$4),Dossiers!$A$4&" · "&Dossiers!$B$4,"") | B11: =IF($A11="","",Paramètres!G11) | C11: =IF($A11="","",IF(Paramètres!H11="","",Paramètres!H11)) | D11: =IF($A11="","",IF(Paramètres!I11="","",Paramètres!I11)) | E11: =IF($A11="","",IF(Paramètres!J11&Paramètres!L11&Paramètres!N11="",Dossiers!$D$4,MAX(IF(Paramètres!J11="",0,IF(Paramètres!K11="",NA(),IF(LEFT(TRIM(Paramètres!K11),1)="F",INDEX($F$5:$F$57,MATCH(Paramètres!J11,Paramètres!$G$5:$G$57,0)),INDEX($E$5:$E$57,MATCH(Paramètres!J11,Paramètres!$G$5:$G$57,0)))+IF(RIGHT(TRIM(Paramètres!K11),3)="Fin",1-$H11,IF(LEFT(TRIM(Paramètres!K11),1)="F",1,0)))),IF(Paramètres!L11="",0,IF(Paramètres!M11="",NA(),IF(LEFT(TRIM(Paramètres!M11),1)="F",INDEX($F$5:$F$57,MATCH(Paramètres!L11,Paramètres!$G$5:$G$57,0)),INDEX($E$5:$E$57,MATCH(Paramètres!L11,Paramètres!$G$5:$G$57,0)))+IF(RIGHT(TRIM(Paramètres!M11),3)="Fin",1-$H11,IF(LEFT(TRIM(Paramètres!M11),1)="F",1,0)))),IF(Paramètres!N11="",0,IF(Paramètres!O11="",NA(),IF(LEFT(TRIM(Paramètres!O11),1)="F",INDEX($F$5:$F$57,MATCH(Paramètres!N11,Paramètres!$G$5:$G$57,0)),INDEX($E$5:$E$57,MATCH(Paramètres!N11,Paramètres!$G$5:$G$57,0)))+IF(RIGHT(TRIM(Paramètres!O11),3)="Fin",1-$H11,IF(LEFT(TRIM(Paramètres!O11),1)="F",1,0))))))) | F11: =IF($A11="","",E11+$H11-1) | H11: =IF($A11="","",IF(I11<>"",I11,Paramètres!B11))
A12: =IF(ISNUMBER(Dossiers!$D$4),Dossiers!$A$4&" · "&Dossiers!$B$4,"") | B12: =IF($A12="","",Paramètres!G12) | C12: =IF($A12="","",IF(Paramètres!H12="","",Paramètres!H12)) | D12: =IF($A12="","",IF(Paramètres!I12="","",Paramètres!I12)) | E12: =IF($A12="","",IF(Paramètres!J12&Paramètres!L12&Paramètres!N12="",Dossiers!$D$4,MAX(IF(Paramètres!J12="",0,IF(Paramètres!K12="",NA(),IF(LEFT(TRIM(Paramètres!K12),1)="F",INDEX($F$5:$F$57,MATCH(Paramètres!J12,Paramètres!$G$5:$G$57,0)),INDEX($E$5:$E$57,MATCH(Paramètres!J12,Paramètres!$G$5:$G$57,0)))+IF(RIGHT(TRIM(Paramètres!K12),3)="Fin",1-$H12,IF(LEFT(TRIM(Paramètres!K12),1)="F",1,0)))),IF(Paramètres!L12="",0,IF(Paramètres!M12="",NA(),IF(LEFT(TRIM(Paramètres!M12),1)="F",INDEX($F$5:$F$57,MATCH(Paramètres!L12,Paramètres!$G$5:$G$57,0)),INDEX($E$5:$E$57,MATCH(Paramètres!L12,Paramètres!$G$5:$G$57,0)))+IF(RIGHT(TRIM(Paramètres!M12),3)="Fin",1-$H12,IF(LEFT(TRIM(Paramètres!M12),1)="F",1,0)))),IF(Paramètres!N12="",0,IF(Paramètres!O12="",NA(),IF(LEFT(TRIM(Paramètres!O12),1)="F",INDEX($F$5:$F$57,MATCH(Paramètres!N12,Paramètres!$G$5:$G$57,0)),INDEX($E$5:$E$57,MATCH(Paramètres!N12,Paramètres!$G$5:$G$57,0)))+IF(RIGHT(TRIM(Paramètres!O12),3)="Fin",1-$H12,IF(LEFT(TRIM(Paramètres!O12),1)="F",1,0))))))) | F12: =IF($A12="","",E12+$H12-1) | H12: =IF($A12="","",IF(I12<>"",I12,Paramètres!B12)) | I12: 0
A13: =IF(ISNUMBER(Dossiers!$D$4),Dossiers!$A$4&" · "&Dossiers!$B$4,"") | B13: =IF($A13="","",Paramètres!G13) | C13: =IF($A13="","",IF(Paramètres!H13="","",Paramètres!H13)) | D13: =IF($A13="","",IF(Paramètres!I13="","",Paramètres!I13)) | E13: =IF($A13="","",IF(Paramètres!J13&Paramètres!L13&Paramètres!N13="",Dossiers!$D$4,MAX(IF(Paramètres!J13="",0,IF(Paramètres!K13="",NA(),IF(LEFT(TRIM(Paramètres!K13),1)="F",INDEX($F$5:$F$57,MATCH(Paramètres!J13,Paramètres!$G$5:$G$57,0)),INDEX($E$5:$E$57,MATCH(Paramètres!J13,Paramètres!$G$5:$G$57,0)))+IF(RIGHT(TRIM(Paramètres!K13),3)="Fin",1-$H13,IF(LEFT(TRIM(Paramètres!K13),1)="F",1,0)))),IF(Paramètres!L13="",0,IF(Paramètres!M13="",NA(),IF(LEFT(TRIM(Paramètres!M13),1)="F",INDEX($F$5:$F$57,MATCH(Paramètres!L13,Paramètres!$G$5:$G$57,0)),INDEX($E$5:$E$57,MATCH(Paramètres!L13,Paramètres!$G$5:$G$57,0)))+IF(RIGHT(TRIM(Paramètres!M13),3)="Fin",1-$H13,IF(LEFT(TRIM(Paramètres!M13),1)="F",1,0)))),IF(Paramètres!N13="",0,IF(Paramètres!O13="",NA(),IF(LEFT(TRIM(Paramètres!O13),1)="F",INDEX($F$5:$F$57,MATCH(Paramètres!N13,Paramètres!$G$5:$G$57,0)),INDEX($E$5:$E$57,MATCH(Paramètres!N13,Paramètres!$G$5:$G$57,0)))+IF(RIGHT(TRIM(Paramètres!O13),3)="Fin",1-$H13,IF(LEFT(TRIM(Paramètres!O13),1)="F",1,0))))))) | F13: =IF($A13="","",E13+$H13-1) | H13: =IF($A13="","",IF(I13<>"",I13,Paramètres!B13))
A14: =IF(ISNUMBER(Dossiers!$D$4),Dossiers!$A$4&" · "&Dossiers!$B$4,"") | B14: =IF($A14="","",Paramètres!G14) | C14: =IF($A14="","",IF(Paramètres!H14="","",Paramètres!H14)) | D14: =IF($A14="","",IF(Paramètres!I14="","",Paramètres!I14)) | E14: =IF($A14="","",IF(Paramètres!J14&Paramètres!L14&Paramètres!N14="",Dossiers!$D$4,MAX(IF(Paramètres!J14="",0,IF(Paramètres!K14="",NA(),IF(LEFT(TRIM(Paramètres!K14),1)="F",INDEX($F$5:$F$57,MATCH(Paramètres!J14,Paramètres!$G$5:$G$57,0)),INDEX($E$5:$E$57,MATCH(Paramètres!J14,Paramètres!$G$5:$G$57,0)))+IF(RIGHT(TRIM(Paramètres!K14),3)="Fin",1-$H14,IF(LEFT(TRIM(Paramètres!K14),1)="F",1,0)))),IF(Paramètres!L14="",0,IF(Paramètres!M14="",NA(),IF(LEFT(TRIM(Paramètres!M14),1)="F",INDEX($F$5:$F$57,MATCH(Paramètres!L14,Paramètres!$G$5:$G$57,0)),INDEX($E$5:$E$57,MATCH(Paramètres!L14,Paramètres!$G$5:$G$57,0)))+IF(RIGHT(TRIM(Paramètres!M14),3)="Fin",1-$H14,IF(LEFT(TRIM(Paramètres!M14),1)="F",1,0)))),IF(Paramètres!N14="",0,IF(Paramètres!O14="",NA(),IF(LEFT(TRIM(Paramètres!O14),1)="F",INDEX($F$5:$F$57,MATCH(Paramètres!N14,Paramètres!$G$5:$G$57,0)),INDEX($E$5:$E$57,MATCH(Paramètres!N14,Paramètres!$G$5:$G$57,0)))+IF(RIGHT(TRIM(Paramètres!O14),3)="Fin",1-$H14,IF(LEFT(TRIM(Paramètres!O14),1)="F",1,0))))))) | F14: =IF($A14="","",E14+$H14-1) | H14: =IF($A14="","",IF(I14<>"",I14,Paramètres!B14)) | I14: 0
A15: =IF(ISNUMBER(Dossiers!$D$4),Dossiers!$A$4&" · "&Dossiers!$B$4,"") | B15: =IF($A15="","",Paramètres!G15) | C15: =IF($A15="","",IF(Paramètres!H15="","",Paramètres!H15)) | D15: =IF($A15="","",IF(Paramètres!I15="","",Paramètres!I15)) | E15: =IF($A15="","",MIN(E16:E31)) | F15: =IF($A15="","",MAX(F16:F31)) | H15: =IF($A15="","",F15-E15+1)
